OrderID,OrderDate,CustomerID,City,Region,Category,MarbleType,Finish,Thickness_mm,Quantity_sqft,UnitPrice_PKR,Discount_pct,TotalAmount_PKR,PaymentMethod,SalesRep,Warehouse,OrderStatus,DeliveryDays
ORD104637,2025-08-13,CUST3430,Lahore,Punjab,Marble,Rangeela Marble,Polished,30,24.5,223.82,0.0,5483.59,Cheque,Usman Tariq,Main Yard - Chiniot,Cancelled,5.0
ORD102898,2025-06-05,CUST1374,Rawalpindi,Punjab,Marble,Chaghi Golden,Polished,20,255.8,209.43,0.0,53572.19,Bank Transfer,Usman Tariq,Main Yard - Chiniot,Delivered,6.0
ORD104796,2024-08-01,CUST3352,Islamabad,Federal,Marble,Indus Green,Polished,20,128.6,168.71,0.0,21696.11,Credit (30 days),Fahad Malik,Depot - Lahore,In Transit,7.0
ORD101104,2024-07-22,CUST1227,Islamabad,Federal,Marble,Emperador Brown,Polished,18,118.9,170.79,0.0,20306.93,Cash,Fahad Malik,Depot - Multan,Delivered,9.0
ORD102795,2025-04-04,CUST1435,Multan,Punjab,Marble,Ziarat White,Leather,20,41.3,204.34,10.0,7595.32,Cheque,Zain Abbas,Main Yard - Chiniot,Pending,4.0
ORD103838,2025-11-11,CUST1083,Peshawar,KPK,Tile,Emperador Brown,Bush Hammered,18,118.1,89.13,0.0,10526.25,Cash,Bilal Khan,Depot - Multan,Delivered,7.0
ORD102299,2024-04-14,CUST1048,Chiniot,Punjab,Onyx,Emperador Brown,Polished,22,196.9,363.11,15.0,60771.91,Bank Transfer,Bilal Khan,Depot - Multan,Cancelled,5.0
ORD104527,2024-09-10,CUST1781,Faisalabad,Punjab,Tile,Indus Green,Polished,20,268.7,93.82,0.0,25209.43,Credit (30 days),Bilal Khan,Depot - Lahore,Delivered,7.0
ORD104620,2025-03-08,CUST1116,Lahore,Punjab,Marble,Buff Marble,Leather,18,222.3,187.28,10.0,37469.11,Cash,Hamza Sheikh,Depot - Multan,Pending,5.0
ORD103074,2025-02-10,CUST3085,Faisalabad,Punjab,Marble,Botticino Beige,Polished,18,20.0,195.11,0.0,3902.2,Cash,Fahad Malik,Depot - Multan,Cancelled,9.0
ORD100746,2025-01-25,CUST2740,Gujranwala,Punjab,Marble,Botticino Beige,Polished,22,27.5,136.49,0.0,3753.48,Cash,Bilal Khan,Depot - Lahore,In Transit,13.0
ORD101471,2024-04-20,CUST2958,Gujranwala,Punjab,Granite,Rangeela Marble,Honed,22,50.5,315.29,0.0,15922.14,Cash,Saad Iqbal,Depot - Karachi,Delivered,4.0
ORD101524,2024-08-15,CUST1201,Faisalabad,Punjab,Onyx,Chaghi Golden,Polished,18,34.6,421.55,0.0,14585.63,Cash,Hamza Sheikh,Main Yard - Chiniot,Delivered,7.0
ORD103391,2025-06-10,CUST1207,Quetta,Balochistan,Marble,Chiniot Black,Polished,30,319.7,235.82,10.0,67852.49,Cash,Usman Tariq,Main Yard - Chiniot,In Transit,4.0
ORD104034,2024-04-07,CUST1568,Lahore,Punjab,Marble,Sunny Grey,Polished,20,62.9,228.94,0.0,14400.33,Cash,Saad Iqbal,Depot - Lahore,Pending,5.0
ORD103687,2025-12-27,CUST1393,Lahore,Punjab,Onyx,Ziarat White,Polished,20,117.5,319.94,0.0,37592.95,Bank Transfer,Fahad Malik,Depot - Lahore,Delivered,4.0
ORD102512,2025-03-11,CUST1878,Multan,Punjab,Granite,Sunny Grey,Polished,22,92.9,256.29,0.0,23809.34,Credit (30 days),Usman Tariq,Depot - Karachi,Delivered,5.0
ORD104086,2025-03-02,CUST2880,Peshawar,KPK,Tile,Ziarat White,Leather,20,57.4,86.95,0.0,4990.93,Bank Transfer,Ahmed Raza,Depot - Karachi,Cancelled,8.0
ORD102498,2024-03-14,CUST2524,Islamabad,Federal,Onyx,Ziarat White,Bush Hammered,22,72.4,455.05,0.0,32945.62,Bank Transfer,Usman Tariq,Main Yard - Chiniot,Pending,8.0
ORD100488,2024-06-30,CUST1392,Multan,Punjab,Granite,Multi Red,Leather,18,108.3,239.41,0.0,25928.1,Cash,Usman Tariq,Depot - Karachi,Delivered,4.0
ORD103896,2024-01-28,CUST2518,Quetta,Balochistan,Marble,Buff Marble,Polished,22,80.6,200.71,0.0,16177.23,Cash,Tariq Mehmood,Depot - Multan,Pending,6.0
ORD100282,2025-10-26,CUST1045,Gujranwala,Punjab,Marble,Sunny Grey,Honed,30,275.3,222.99,0.0,61389.15,Credit (30 days),Hamza Sheikh,Depot - Multan,Pending,6.0
ORD104143,2024-11-30,CUST3176,Sialkot,Punjab,Tile,Multi Red,Polished,22,197.3,93.06,10.0,16524.66,Bank Transfer,Tariq Mehmood,Depot - Multan,Cancelled,8.0
ORD103961,2024-06-01,CUST1794,Rawalpindi,Punjab,Onyx,Multi Red,Honed,16,51.7,306.14,10.0,14244.69,Cash,Usman Tariq,Depot - Lahore,In Transit,11.0
ORD100616,2024-04-06,CUST1968,Lahore,Punjab,Tile,Chiniot Black,Polished,20,365.7,60.08,0.0,21971.26,Cash,Hamza Sheikh,Depot - Karachi,Delivered,5.0
ORD101093,2024-12-24,CUST1939,Faisalabad,Punjab,Marble,Chiniot Black,Polished,30,49.3,155.55,5.0,7285.18,Cash,Usman Tariq,Main Yard - Chiniot,Delivered,7.0
ORD100757,2024-12-30,CUST2560,Karachi,Sindh,Marble,Indus Green,Honed,30,38.8,223.58,0.0,8674.9,Cheque,Bilal Khan,Main Yard - Chiniot,Delivered,10.0
ORD100064,2025-04-07,CUST1634,Lahore,Punjab,Marble,Black Galaxy,Polished,18,146.9,171.47,0.0,25188.94,Bank Transfer,Hamza Sheikh,Depot - Multan,Delivered,8.0
ORD100750,2024-01-24,CUST1195,Lahore,Punjab,Marble,Teri White,Honed,16,30.2,167.77,10.0,4559.99,Bank Transfer,Bilal Khan,Depot - Lahore,Delivered,7.0
ORD103619,2025-02-16,CUST1592,Karachi,Sindh,Marble,Sunny Grey,Polished,22,246.4,188.02,10.0,41695.32,Cash,Bilal Khan,Depot - Lahore,Delivered,11.0
ORD100208,2025-10-27,CUST2652,Chiniot,Punjab,Marble,Teri White,Polished,20,51.8,203.71,0.0,10552.18,Credit (30 days),Ahmed Raza,Depot - Karachi,Delivered,8.0
ORD100127,2025-04-18,CUST2587,Islamabad,Federal,Marble,Chaghi Golden,Leather,20,146.6,235.39,0.0,34508.17,Cash,Fahad Malik,Main Yard - Chiniot,Delivered,8.0
ORD101351,2024-12-17,CUST1140,Gujranwala,Punjab,Marble,Teri White,Leather,20,237.8,196.27,0.0,46673.01,Cheque,Hamza Sheikh,Main Yard - Chiniot,Delivered,5.0
ORD101615,2024-03-05,CUST1539,Chiniot,Punjab,Tile,Emperador Brown,Flamed,22,103.4,81.1,0.0,8385.74,Cheque,Tariq Mehmood,Depot - Karachi,Delivered,10.0
ORD103040,2024-03-12,CUST1596,Karachi,Sindh,Marble,Black Galaxy,Flamed,30,26.6,208.08,0.0,5534.93,Bank Transfer,Usman Tariq,Main Yard - Chiniot,In Transit,6.0
ORD100806,2025-08-07,CUST2525,Gujranwala,Punjab,Granite,Teri White,Polished,30,26.9,244.88,5.0,6257.91,Cheque,Usman Tariq,Depot - Lahore,Pending,5.0
ORD103573,2025-09-23,CUST2047,Gujranwala,Punjab,Marble,Buff Marble,Polished,20,111.8,224.78,0.0,25130.4,Cash,Tariq Mehmood,Depot - Multan,Delivered,9.0
ORD100545,2024-07-06,CUST3079,Mianwali,Punjab,Marble,Chiniot Black,Honed,18,45.3,185.09,0.0,8384.58,Bank Transfer,Zain Abbas,Depot - Multan,Pending,9.0
ORD101465,2025-04-02,CUST2598,Chiniot,Punjab,Marble,Multi Red,Polished,20,176.8,140.79,10.0,22402.5,Bank Transfer,Ahmed Raza,Main Yard - Chiniot,Pending,5.0
ORD104435,2024-10-21,CUST1225,Gujranwala,Punjab,Onyx,Chiniot Black,Honed,16,494.0,471.91,0.0,233123.54,Cash,Bilal Khan,Depot - Karachi,Pending,6.0
ORD104172,2025-05-28,CUST2403,Sialkot,Punjab,Marble,Black Galaxy,Polished,16,342.2,170.75,0.0,58430.65,Bank Transfer,Tariq Mehmood,Depot - Multan,Pending,3.0
ORD103106,2024-12-09,CUST1244,Sialkot,Punjab,Marble,Sunny Grey,Polished,30,99.2,178.49,0.0,17706.21,Cash,Usman Tariq,Main Yard - Chiniot,In Transit,8.0
ORD101999,2024-12-31,CUST2928,Peshawar,KPK,Onyx,Rangeela Marble,Polished,22,123.3,441.35,0.0,54418.46,Bank Transfer,Tariq Mehmood,Main Yard - Chiniot,Delivered,3.0
ORD103615,2024-04-08,CUST2543,Chiniot,Punjab,Marble,Ziarat White,Polished,20,116.2,162.9,0.0,18928.98,Credit (30 days),Ahmed Raza,Depot - Karachi,Cancelled,9.0
ORD100196,2024-10-30,CUST1629,Quetta,Balochistan,Granite,Chaghi Golden,Polished,18,146.4,246.04,5.0,34219.24,Bank Transfer,Zain Abbas,Depot - Karachi,Pending,8.0
ORD104229,2024-07-04,CUST2537,Karachi,Sindh,Marble,Multi Red,Polished,22,109.4,164.46,0.0,17991.92,Cash,Zain Abbas,Main Yard - Chiniot,Pending,6.0
ORD102321,2025-06-03,CUST2108,Faisalabad,Punjab,Marble,Chiniot Black,Honed,22,31.5,199.61,0.0,6287.72,Bank Transfer,Zain Abbas,Depot - Lahore,Delivered,5.0
ORD104599,2024-09-11,CUST1853,Faisalabad,Punjab,Marble,Ziarat White,Honed,22,276.7,212.4,15.0,49955.42,Credit (30 days),Tariq Mehmood,Depot - Karachi,Delivered,6.0
ORD104733,2024-12-30,CUST2109,Quetta,Balochistan,Marble,Teri White,Polished,30,81.7,214.71,15.0,14910.54,Bank Transfer,Bilal Khan,Depot - Karachi,Pending,8.0
ORD101023,2024-11-11,CUST3454,Peshawar,KPK,Onyx,Chaghi Golden,Polished,22,205.6,419.08,0.0,86162.85,Credit (30 days),Ahmed Raza,Main Yard - Chiniot,Pending,6.0
ORD104709,2025-06-13,CUST1391,Multan,Punjab,Onyx,Indus Green,Polished,16,111.4,479.16,10.0,48040.58,Cash,Bilal Khan,Depot - Lahore,Pending,5.0
ORD100395,2024-08-31,CUST1306,Lahore,Punjab,Marble,Buff Marble,Polished,22,48.7,148.71,0.0,7242.18,Bank Transfer,Bilal Khan,Depot - Karachi,In Transit,9.0
ORD102294,2025-11-28,CUST3023,Lahore,Punjab,Marble,Teri White,Honed,16,54.2,143.56,0.0,7780.95,Cash,Fahad Malik,Depot - Lahore,Pending,11.0
ORD103747,2025-12-29,CUST1746,Karachi,Sindh,Tile,Sunny Grey,Polished,22,157.3,72.52,5.0,10837.03,Credit (30 days),Saad Iqbal,Depot - Multan,Pending,13.0
ORD101437,2025-03-08,CUST1742,Peshawar,KPK,Onyx,Teri White,Honed,16,44.3,199.12,5.0,8379.97,Credit (30 days),Fahad Malik,Main Yard - Chiniot,Delivered,7.0
ORD101989,2024-10-05,CUST3409,Lahore,Punjab,Granite,Indus Green,Leather,30,65.0,305.91,0.0,19884.15,Bank Transfer,Bilal Khan,Depot - Lahore,Cancelled,3.0
ORD104975,2025-09-03,CUST2440,Gujranwala,Punjab,Marble,Teri White,Honed,16,49.8,148.54,0.0,7397.29,Credit (30 days),Saad Iqbal,Depot - Karachi,In Transit,10.0
ORD101109,2025-10-24,CUST1248,Peshawar,KPK,Tile,Botticino Beige,Leather,16,198.7,64.67,0.0,12849.93,Cash,Tariq Mehmood,Depot - Multan,Delivered,4.0
ORD101142,2024-12-06,CUST1815,Faisalabad,Punjab,Granite,Rangeela Marble,Polished,18,55.9,297.36,0.0,16622.42,Credit (30 days),Bilal Khan,Main Yard - Chiniot,Delivered,6.0
ORD100833,2025-06-20,CUST1508,Lahore,Punjab,Marble,Multi Red,Polished,20,116.5,162.65,0.0,18948.73,Bank Transfer,Tariq Mehmood,Depot - Karachi,Pending,9.0
ORD100467,2025-08-04,CUST1245,Rawalpindi,Punjab,Onyx,Chiniot Black,Polished,16,181.5,332.36,0.0,60323.34,Credit (30 days),Tariq Mehmood,Depot - Multan,Delivered,10.0
ORD104769,2025-01-14,CUST1511,Mianwali,Punjab,Tile,Chiniot Black,Flamed,30,153.2,108.32,0.0,16594.62,Bank Transfer,Hamza Sheikh,Depot - Karachi,Cancelled,3.0
ORD100858,2025-10-27,CUST2464,Lahore,Punjab,Marble,Rangeela Marble,Polished,18,43.9,186.29,10.0,7360.32,Credit (30 days),Zain Abbas,Depot - Karachi,Delivered,11.0
ORD103369,2024-01-31,CUST3111,Sialkot,Punjab,Granite,Indus Green,Polished,22,20.0,293.73,0.0,5874.6,Credit (30 days),Saad Iqbal,Depot - Lahore,In Transit,10.0
ORD101968,2025-06-30,CUST1266,Sialkot,Punjab,Marble,Botticino Beige,Polished,30,94.1,190.27,0.0,15218.75,Cash,Usman Tariq,Depot - Multan,Delivered,11.0
ORD100038,2025-05-14,CUST3062,Quetta,Balochistan,Onyx,Ziarat White,Polished,20,175.1,397.08,0.0,69528.71,Cash,Zain Abbas,Main Yard - Chiniot,In Transit,8.0
ORD102207,2024-03-11,CUST2087,Rawalpindi,Punjab,Marble,Chaghi Golden,Leather,20,128.8,187.06,0.0,24093.33,Credit (30 days),Bilal Khan,Main Yard - Chiniot,Pending,4.0
ORD102914,2025-11-05,CUST1411,Faisalabad,Punjab,Marble,Sunny Grey,Honed,22,180.6,179.19,0.0,32361.71,Credit (30 days),Tariq Mehmood,Depot - Multan,Delivered,5.0
ORD100198,2024-08-11,CUST1277,Islamabad,Federal,Granite,Emperador Brown,Flamed,18,87.9,280.26,10.0,22171.37,Cash,Usman Tariq,Depot - Karachi,Delivered,8.0
ORD100775,2025-07-29,CUST2040,Rawalpindi,Punjab,Tile,Indus Green,Honed,30,55.5,118.78,0.0,6592.29,Cheque,Ahmed Raza,Main Yard - Chiniot,Delivered,7.0
ORD102767,2025-10-13,CUST1005,Chiniot,Punjab,Marble,Ziarat White,Honed,18,61.8,191.41,0.0,11829.14,Cheque,Hamza Sheikh,Depot - Karachi,Pending,4.0
ORD104951,2024-04-19,CUST2078,Multan,Punjab,Tile,Multi Red,Polished,16,221.6,79.86,0.0,17696.98,Cash,Ahmed Raza,Depot - Karachi,In Transit,6.0
ORD101458,2025-09-27,CUST2894,Rawalpindi,Punjab,Onyx,Indus Green,Polished,30,198.7,436.06,5.0,82312.87,Bank Transfer,Saad Iqbal,Depot - Multan,Delivered,4.0
ORD102329,2024-01-13,CUST1617,Rawalpindi,Punjab,Marble,Rangeela Marble,Flamed,30,83.9,208.68,0.0,17508.25,Cheque,Tariq Mehmood,Depot - Lahore,Delivered,10.0
ORD104296,2025-01-18,CUST1955,Mianwali,Punjab,Granite,Sunny Grey,Polished,22,55.6,359.55,10.0,17991.88,Cash,Zain Abbas,Depot - Lahore,In Transit,11.0
ORD101346,2024-04-09,CUST3472,Faisalabad,Punjab,Marble,Black Galaxy,Polished,16,263.8,128.42,0.0,33877.2,Cash,Usman Tariq,Depot - Lahore,Delivered,8.0
ORD100410,2024-08-22,CUST3127,Mianwali,Punjab,Marble,Emperador Brown,Polished,16,20.0,191.3,0.0,3826.0,Cash,Zain Abbas,Depot - Multan,Delivered,6.0
ORD100105,2025-11-18,CUST3243,Peshawar,KPK,Marble,Botticino Beige,Flamed,20,150.3,160.29,15.0,20477.85,Credit (30 days),Zain Abbas,Main Yard - Chiniot,Cancelled,8.0
ORD101708,2025-09-08,CUST1907,Islamabad,Federal,Marble,Chaghi Golden,Polished,20,112.0,210.52,0.0,23578.24,Cheque,Saad Iqbal,Depot - Multan,Cancelled,6.0
ORD103087,2024-03-02,CUST1664,Karachi,Sindh,Onyx,Rangeela Marble,Polished,18,356.1,461.74,10.0,147983.05,Bank Transfer,Fahad Malik,Depot - Lahore,In Transit,8.0
ORD100675,2025-06-02,CUST2758,Peshawar,KPK,Granite,Multi Red,Polished,18,195.1,220.04,0.0,42929.8,Bank Transfer,Tariq Mehmood,Depot - Lahore,Delivered,9.0
ORD103207,2024-05-05,CUST3268,Peshawar,KPK,Marble,Chaghi Golden,Flamed,30,84.4,206.14,0.0,17398.22,Bank Transfer,Tariq Mehmood,Depot - Multan,Delivered,9.0
ORD101698,2024-08-19,CUST2251,Gujranwala,Punjab,Marble,Multi Red,Polished,16,130.2,179.68,10.0,21054.9,Credit (30 days),Saad Iqbal,Depot - Karachi,Cancelled,5.0
ORD103344,2025-02-01,CUST3210,Faisalabad,Punjab,Marble,Chaghi Golden,Flamed,16,53.7,140.12,0.0,7524.44,Credit (30 days),Tariq Mehmood,Main Yard - Chiniot,Delivered,5.0
ORD103402,2025-01-02,CUST3437,Mianwali,Punjab,Marble,Buff Marble,Leather,30,105.1,241.48,0.0,25379.55,Bank Transfer,Fahad Malik,Main Yard - Chiniot,Pending,3.0
ORD101545,2024-05-20,CUST2483,Peshawar,KPK,Granite,Chaghi Golden,Polished,16,414.6,283.98,0.0,117738.11,Credit (30 days),Zain Abbas,Depot - Multan,Delivered,6.0
ORD100029,2024-04-20,CUST3280,Chiniot,Punjab,Marble,Rangeela Marble,Honed,22,53.7,172.77,0.0,9277.75,Cash,Hamza Sheikh,Depot - Multan,Delivered,5.0
ORD102128,2024-05-11,CUST1554,Quetta,Balochistan,Marble,Buff Marble,Polished,22,25.2,189.16,5.0,4528.49,Credit (30 days),Fahad Malik,Main Yard - Chiniot,Delivered,7.0
ORD102309,2025-12-04,CUST3331,Faisalabad,Punjab,Onyx,Sunny Grey,Polished,18,298.1,519.41,0.0,154836.12,Cash,Fahad Malik,Depot - Karachi,Pending,7.0
ORD104827,2024-03-14,CUST2757,Rawalpindi,Punjab,Tile,Emperador Brown,Polished,20,75.0,90.49,15.0,5768.74,Cash,Fahad Malik,Depot - Multan,Delivered,6.0
ORD102981,2025-04-02,CUST2417,Faisalabad,Punjab,Tile,Indus Green,Leather,20,67.5,62.14,0.0,4194.45,Credit (30 days),Ahmed Raza,Depot - Lahore,Delivered,10.0
ORD104347,2024-07-08,CUST2057,Karachi,Sindh,Granite,Indus Green,Polished,18,69.1,311.69,10.0,19384.0,Cash,Hamza Sheikh,Main Yard - Chiniot,In Transit,5.0
ORD104437,2025-10-05,CUST2917,Faisalabad,Punjab,Granite,Black Galaxy,Honed,22,31.5,254.92,0.0,8029.98,Cash,Usman Tariq,Depot - Lahore,In Transit,7.0
ORD104005,2024-06-14,CUST1846,Rawalpindi,Punjab,Granite,Ziarat White,Polished,30,247.2,324.7,0.0,80265.84,Bank Transfer,Hamza Sheikh,Depot - Lahore,Pending,7.0
ORD101730,2024-04-18,CUST2191,Islamabad,Federal,Marble,Ziarat White,Polished,22,260.3,247.24,0.0,64356.57,Cheque,Tariq Mehmood,Depot - Karachi,Delivered,10.0
ORD103458,2025-03-21,CUST3067,Islamabad,Federal,Tile,Rangeela Marble,Polished,16,95.2,59.28,0.0,5643.46,Bank Transfer,Hamza Sheikh,Depot - Lahore,Delivered,12.0
ORD102110,2025-05-07,CUST1759,Multan,Punjab,Tile,Botticino Beige,Polished,30,236.1,93.73,15.0,18810.21,Credit (30 days),Tariq Mehmood,Main Yard - Chiniot,Cancelled,6.0
ORD102534,2024-12-03,CUST1103,Faisalabad,Punjab,Granite,Emperador Brown,Leather,20,235.0,265.44,0.0,62378.4,Cash,Usman Tariq,Main Yard - Chiniot,Pending,10.0
ORD100726,2024-02-13,CUST2508,Faisalabad,Punjab,Marble,Emperador Brown,Polished,30,343.6,171.0,0.0,58755.6,Cash,Hamza Sheikh,Depot - Karachi,In Transit,7.0
ORD101624,2024-09-10,CUST2983,Sialkot,Punjab,Tile,Emperador Brown,Flamed,30,55.9,87.58,0.0,4895.72,Credit (30 days),Tariq Mehmood,Depot - Multan,Pending,3.0
ORD103749,2025-07-03,CUST3086,Peshawar,KPK,Granite,Botticino Beige,Polished,22,42.6,301.76,0.0,12854.98,Cash,Hamza Sheikh,Depot - Lahore,Cancelled,8.0
ORD100865,2025-04-25,CUST2350,Islamabad,Federal,Tile,Buff Marble,Polished,22,39.4,83.81,0.0,3302.11,Bank Transfer,Fahad Malik,Depot - Lahore,Delivered,8.0
ORD102049,2025-11-28,CUST1812,Islamabad,Federal,Marble,Rangeela Marble,Polished,30,258.8,250.22,0.0,64756.94,Bank Transfer,Bilal Khan,Depot - Multan,Delivered,7.0
ORD102576,2025-02-01,CUST1985,Islamabad,Federal,Marble,Emperador Brown,Flamed,20,20.0,203.43,0.0,4068.6,Credit (30 days),Ahmed Raza,Depot - Multan,Delivered,5.0
ORD102242,2024-12-21,CUST2091,Faisalabad,Punjab,Marble,Ziarat White,Polished,16,132.6,148.66,0.0,19712.32,Cash,Zain Abbas,Depot - Multan,Pending,7.0
ORD103098,2025-11-22,CUST1752,Multan,Punjab,Granite,Black Galaxy,Polished,30,185.6,303.72,0.0,56370.43,Cash,Bilal Khan,Depot - Multan,Pending,3.0
ORD101746,2025-08-04,CUST2833,Islamabad,Federal,Marble,Botticino Beige,Polished,18,36.9,169.25,0.0,6245.32,Credit (30 days),Usman Tariq,Depot - Lahore,Delivered,14.0
ORD102849,2025-02-02,CUST2319,Peshawar,KPK,Tile,Teri White,Polished,30,96.8,121.52,10.0,10586.82,Bank Transfer,Bilal Khan,Depot - Lahore,In Transit,9.0
ORD101591,2024-06-26,CUST1937,Faisalabad,Punjab,Granite,Indus Green,Leather,22,41.3,240.26,0.0,9922.74,Bank Transfer,Zain Abbas,Depot - Karachi,Delivered,9.0
ORD100860,2024-06-26,CUST2462,Lahore,Punjab,Tile,Sunny Grey,Polished,22,136.5,109.61,0.0,14961.76,Bank Transfer,Zain Abbas,Depot - Lahore,Pending,6.0
ORD101120,2024-03-10,CUST2692,Rawalpindi,Punjab,Marble,Sunny Grey,Polished,20,66.9,149.0,0.0,9968.1,Cash,Hamza Sheikh,Depot - Multan,Delivered,6.0
ORD103833,2024-01-27,CUST3457,Karachi,Sindh,Marble,Chiniot Black,Polished,22,87.2,172.72,0.0,15061.18,Cash,Bilal Khan,Main Yard - Chiniot,Cancelled,8.0
ORD101392,2024-09-20,CUST1620,Quetta,Balochistan,Granite,Botticino Beige,Bush Hammered,30,44.8,203.93,15.0,7765.65,Credit (30 days),Usman Tariq,Main Yard - Chiniot,Delivered,7.0
ORD103128,2024-11-24,CUST1280,Islamabad,Federal,Marble,Ziarat White,Polished,30,142.5,213.6,0.0,30438.0,Bank Transfer,Zain Abbas,Main Yard - Chiniot,Pending,9.0
ORD104311,2025-01-23,CUST3385,Mianwali,Punjab,Tile,Chiniot Black,Bush Hammered,30,144.6,110.09,0.0,15919.01,Cheque,Usman Tariq,Depot - Lahore,Cancelled,10.0
ORD104807,2025-11-05,CUST3057,Gujranwala,Punjab,Granite,Chaghi Golden,Polished,22,166.4,269.2,0.0,44794.88,Cheque,Zain Abbas,Depot - Multan,Cancelled,9.0
ORD104885,2024-04-25,CUST2252,Sialkot,Punjab,Marble,Botticino Beige,Leather,30,275.5,175.19,0.0,48264.84,Cash,Tariq Mehmood,Depot - Lahore,Cancelled,5.0
ORD104513,2025-06-28,CUST1028,Gujranwala,Punjab,Marble,Multi Red,Leather,30,83.9,205.62,0.0,17251.52,Cheque,Hamza Sheikh,Depot - Karachi,Pending,3.0
ORD104979,2025-03-11,CUST2317,Gujranwala,Punjab,Granite,Rangeela Marble,Polished,16,106.9,297.06,5.0,30167.93,Cash,Ahmed Raza,Depot - Multan,Delivered,8.0
ORD102903,2025-03-15,CUST3028,Gujranwala,Punjab,Granite,Black Galaxy,Honed,16,114.4,258.69,5.0,28114.43,Credit (30 days),Tariq Mehmood,Depot - Lahore,In Transit,5.0
ORD104838,2024-09-06,CUST2777,Chiniot,Punjab,Tile,Ziarat White,Honed,18,32.9,77.6,15.0,2170.08,Bank Transfer,Hamza Sheikh,Depot - Karachi,Pending,9.0
ORD102583,2025-11-07,CUST2252,Multan,Punjab,Onyx,Teri White,Polished,20,246.6,448.35,0.0,110563.11,Credit (30 days),Hamza Sheikh,Depot - Lahore,In Transit,4.0
ORD103496,2025-10-29,CUST3114,Gujranwala,Punjab,Onyx,Indus Green,Honed,16,175.1,301.93,10.0,47581.15,Bank Transfer,Ahmed Raza,Depot - Karachi,Delivered,3.0
ORD103351,2024-08-15,CUST2100,Multan,Punjab,Tile,Multi Red,Flamed,20,31.4,79.2,0.0,2486.88,Cheque,Tariq Mehmood,Depot - Karachi,Cancelled,12.0
ORD101727,2024-05-13,CUST1104,Islamabad,Federal,Marble,Rangeela Marble,Polished,18,200.1,156.15,0.0,31245.62,Bank Transfer,Tariq Mehmood,Depot - Karachi,Delivered,5.0
ORD101064,2025-09-27,CUST2468,Peshawar,KPK,Granite,Sunny Grey,Polished,20,20.0,204.98,0.0,4099.6,Credit (30 days),Fahad Malik,Depot - Multan,Pending,3.0
ORD101322,2024-02-03,CUST1976,Faisalabad,Punjab,Marble,Botticino Beige,Bush Hammered,20,35.1,155.56,0.0,5460.16,Cheque,Usman Tariq,Depot - Multan,Delivered,9.0
ORD104591,2024-12-06,CUST1057,Rawalpindi,Punjab,Marble,Botticino Beige,Polished,22,239.6,142.49,0.0,34140.6,Cash,Hamza Sheikh,Main Yard - Chiniot,Delivered,7.0
ORD101665,2024-01-02,CUST2247,Chiniot,Punjab,Tile,Chiniot Black,Honed,20,148.7,93.96,0.0,13971.85,Credit (30 days),Usman Tariq,Depot - Multan,Delivered,5.0
ORD103527,2025-11-28,CUST2804,Sialkot,Punjab,Onyx,Chiniot Black,Flamed,30,166.2,406.39,0.0,67542.02,Bank Transfer,Tariq Mehmood,Main Yard - Chiniot,Pending,7.0
ORD103915,2025-09-09,CUST2061,Chiniot,Punjab,Marble,Ziarat White,Polished,22,149.1,184.43,0.0,27498.51,Cash,Saad Iqbal,Depot - Multan,Cancelled,8.0
ORD101398,2025-03-05,CUST2581,Karachi,Sindh,Granite,Multi Red,Flamed,22,224.1,337.52,0.0,75638.23,Credit (30 days),Fahad Malik,Depot - Multan,Cancelled,4.0
ORD102136,2025-06-28,CUST2844,Chiniot,Punjab,Marble,Multi Red,Polished,30,21.0,233.34,0.0,4900.14,Bank Transfer,Bilal Khan,Depot - Karachi,Delivered,7.0
ORD102888,2024-03-28,CUST1641,Mianwali,Punjab,Onyx,Rangeela Marble,Polished,18,27.7,452.68,5.0,11912.27,Cheque,Bilal Khan,Depot - Multan,In Transit,10.0
ORD101059,2025-10-02,CUST2695,Islamabad,Federal,Tile,Chiniot Black,Polished,16,91.0,86.92,0.0,7118.75,Bank Transfer,Tariq Mehmood,Depot - Karachi,Cancelled,12.0
ORD103574,2024-08-01,CUST2459,Sialkot,Punjab,Marble,Chaghi Golden,Honed,30,69.5,206.24,0.0,14333.68,Cash,Hamza Sheikh,Depot - Karachi,Pending,4.0
ORD100058,2024-01-31,CUST3412,Multan,Punjab,Onyx,Buff Marble,Flamed,18,95.2,484.92,0.0,46164.38,Bank Transfer,Tariq Mehmood,Main Yard - Chiniot,Delivered,4.0
ORD103386,2024-12-08,CUST2830,Mianwali,Punjab,Tile,Chiniot Black,Polished,22,184.7,127.03,0.0,23462.44,Cash,Hamza Sheikh,Depot - Lahore,Delivered,8.0
ORD103253,2024-01-13,CUST3058,Quetta,Balochistan,Marble,Buff Marble,Polished,22,22.6,223.12,0.0,5042.51,Credit (30 days),Bilal Khan,Main Yard - Chiniot,Delivered,7.0
ORD104103,2025-01-24,CUST1710,Quetta,Balochistan,Marble,Teri White,Bush Hammered,20,141.4,199.59,0.0,28222.03,Cash,Ahmed Raza,Main Yard - Chiniot,Cancelled,4.0
ORD102303,2025-02-01,CUST1602,Peshawar,KPK,Marble,Emperador Brown,Polished,22,20.0,168.31,0.0,3366.2,Credit (30 days),Hamza Sheikh,Depot - Multan,Delivered,1.0
ORD103155,2024-11-15,CUST1860,Peshawar,KPK,Onyx,Teri White,Polished,30,94.1,482.58,0.0,45410.78,Bank Transfer,Zain Abbas,Depot - Multan,Pending,7.0
ORD102181,2024-04-03,CUST3307,Mianwali,Punjab,Tile,Chaghi Golden,Leather,30,132.9,85.37,0.0,11345.67,Cheque,Tariq Mehmood,Depot - Karachi,Delivered,10.0
ORD100376,2025-05-17,CUST2682,Faisalabad,Punjab,Tile,Buff Marble,Honed,18,220.6,96.56,0.0,21301.14,Bank Transfer,Ahmed Raza,Depot - Lahore,Delivered,7.0
ORD104523,2024-06-21,CUST1987,Faisalabad,Punjab,Marble,Buff Marble,Polished,22,228.6,150.38,0.0,34376.87,Cash,Saad Iqbal,Depot - Lahore,In Transit,6.0
ORD103275,2024-03-23,CUST1919,Islamabad,Federal,Granite,Indus Green,Polished,30,51.5,338.8,0.0,17448.2,Bank Transfer,Fahad Malik,Main Yard - Chiniot,Delivered,8.0
ORD103611,2024-04-27,CUST1144,Quetta,Balochistan,Marble,Indus Green,Polished,20,564.5,231.76,0.0,130828.52,Cheque,Bilal Khan,Main Yard - Chiniot,In Transit,5.0
ORD103751,2025-12-13,CUST2033,Islamabad,Federal,Onyx,Multi Red,Honed,16,135.4,348.92,5.0,44881.58,Credit (30 days),Hamza Sheikh,Depot - Lahore,Delivered,6.0
ORD101305,2024-07-16,CUST1310,Multan,Punjab,Granite,Sunny Grey,Bush Hammered,20,128.2,254.83,0.0,32669.21,Cash,Zain Abbas,Depot - Multan,Cancelled,7.0
ORD102980,2025-04-30,CUST2068,Lahore,Punjab,Marble,Rangeela Marble,Polished,16,20.0,201.32,0.0,4026.4,Cheque,Ahmed Raza,Depot - Lahore,Delivered,10.0
ORD102626,2025-09-17,CUST1645,Quetta,Balochistan,Marble,Ziarat White,Honed,16,202.5,194.13,10.0,35380.19,Cheque,Fahad Malik,Depot - Karachi,Pending,5.0
ORD103974,2024-04-24,CUST2005,Islamabad,Federal,Marble,Sunny Grey,Flamed,16,106.0,217.81,0.0,23087.86,Credit (30 days),Bilal Khan,Main Yard - Chiniot,Cancelled,6.0
ORD100838,2025-10-09,CUST2289,Gujranwala,Punjab,Marble,Teri White,Polished,30,316.4,239.49,0.0,75774.64,Bank Transfer,Tariq Mehmood,Depot - Multan,In Transit,7.0
ORD100747,2025-05-06,CUST3196,Multan,Punjab,Granite,Multi Red,Polished,30,96.3,283.03,5.0,25893.0,Cash,Usman Tariq,Depot - Lahore,Pending,8.0
ORD101639,2025-10-07,CUST3177,Chiniot,Punjab,Tile,Emperador Brown,Polished,20,56.4,100.93,0.0,5692.45,Cash,Saad Iqbal,Main Yard - Chiniot,In Transit,10.0
ORD102362,2025-03-31,CUST3230,Peshawar,KPK,Marble,Emperador Brown,Polished,16,302.0,183.01,0.0,55269.02,Credit (30 days),Usman Tariq,Depot - Karachi,Pending,8.0
ORD102677,2025-03-01,CUST1828,Gujranwala,Punjab,Tile,Ziarat White,Polished,22,53.2,96.81,0.0,5150.29,Cash,Usman Tariq,Depot - Multan,Delivered,7.0
ORD102180,2024-04-12,CUST1735,Lahore,Punjab,Marble,Indus Green,Leather,22,86.7,179.36,0.0,15550.51,Bank Transfer,Usman Tariq,Depot - Lahore,Cancelled,6.0
ORD104120,2025-10-20,CUST3463,Mianwali,Punjab,Marble,Black Galaxy,Flamed,30,86.5,219.58,0.0,18993.67,Credit (30 days),Zain Abbas,Depot - Multan,Delivered,7.0
ORD103125,2025-09-30,CUST2245,Gujranwala,Punjab,Marble,Black Galaxy,Honed,16,204.3,193.45,0.0,39521.84,Cash,Bilal Khan,Depot - Multan,Delivered,5.0
ORD101559,2024-12-05,CUST2028,Quetta,Balochistan,Marble,Chaghi Golden,Polished,18,45.3,132.87,0.0,6019.01,Cash,Hamza Sheikh,Main Yard - Chiniot,Delivered,7.0
ORD103331,2024-06-19,CUST2493,Islamabad,Federal,Marble,Emperador Brown,Polished,20,92.1,168.04,0.0,15476.48,Cheque,Hamza Sheikh,Depot - Lahore,Delivered,8.0
ORD102176,2025-05-10,CUST1774,Chiniot,Punjab,Marble,Rangeela Marble,Polished,22,117.0,204.66,0.0,23945.22,Bank Transfer,Zain Abbas,Depot - Multan,Pending,8.0
ORD104647,2025-11-03,CUST3290,Sialkot,Punjab,Marble,Black Galaxy,Leather,20,234.2,148.36,5.0,33008.62,Credit (30 days),Zain Abbas,Main Yard - Chiniot,Pending,8.0
ORD102630,2025-06-09,CUST1053,Faisalabad,Punjab,Onyx,Black Galaxy,Leather,20,29.9,465.3,0.0,13912.47,Credit (30 days),Fahad Malik,Depot - Karachi,Delivered,7.0
ORD104894,2025-01-10,CUST2226,Multan,Punjab,Marble,Ziarat White,Polished,22,20.0,176.64,0.0,3532.8,Bank Transfer,Bilal Khan,Depot - Karachi,Pending,12.0
ORD104935,2024-03-27,CUST3410,Multan,Punjab,Marble,Sunny Grey,Polished,20,252.0,187.14,0.0,47159.28,Bank Transfer,Zain Abbas,Depot - Multan,Cancelled,4.0
ORD104640,2024-02-20,CUST2495,Quetta,Balochistan,Marble,Indus Green,Bush Hammered,30,253.0,245.13,0.0,62017.89,Cash,Saad Iqbal,Depot - Lahore,Delivered,10.0
ORD102469,2025-09-02,CUST1321,Lahore,Punjab,Granite,Buff Marble,Polished,20,58.9,280.88,0.0,16543.83,Bank Transfer,Fahad Malik,Main Yard - Chiniot,Delivered,5.0
ORD104126,2025-07-15,CUST1923,Chiniot,Punjab,Granite,Emperador Brown,Honed,22,72.2,265.33,0.0,19156.83,Credit (30 days),Bilal Khan,Depot - Lahore,Delivered,7.0
ORD101165,2024-10-24,CUST1256,Mianwali,Punjab,Marble,Botticino Beige,Polished,20,144.5,169.55,15.0,20824.98,Bank Transfer,Ahmed Raza,Depot - Multan,Delivered,7.0
ORD104359,2025-12-10,CUST3398,Rawalpindi,Punjab,Tile,Black Galaxy,Polished,30,85.6,112.26,0.0,9609.46,Credit (30 days),Zain Abbas,Depot - Lahore,Cancelled,9.0
ORD104488,2025-05-21,CUST3058,Chiniot,Punjab,Marble,Teri White,Polished,18,75.3,209.24,0.0,15755.77,Credit (30 days),Zain Abbas,Depot - Karachi,Cancelled,7.0
ORD103633,2025-12-13,CUST2823,Gujranwala,Punjab,Marble,Chiniot Black,Polished,30,44.9,214.92,0.0,9649.91,Bank Transfer,Ahmed Raza,Depot - Lahore,Delivered,8.0
ORD104079,2025-06-06,CUST2726,Multan,Punjab,Marble,Chaghi Golden,Polished,30,137.0,269.4,0.0,36907.8,Bank Transfer,Bilal Khan,Depot - Karachi,Delivered,5.0
ORD100530,2025-02-22,CUST2536,Rawalpindi,Punjab,Marble,Rangeela Marble,Polished,22,100.5,190.06,0.0,19101.03,Bank Transfer,Tariq Mehmood,Depot - Multan,In Transit,11.0
ORD100595,2025-10-10,CUST3251,Faisalabad,Punjab,Marble,Chaghi Golden,Polished,22,332.8,224.7,0.0,74780.16,Cash,Hamza Sheikh,Main Yard - Chiniot,Delivered,6.0
ORD102632,2025-01-04,CUST2873,Mianwali,Punjab,Marble,Sunny Grey,Honed,18,20.0,185.4,0.0,3708.0,Bank Transfer,Bilal Khan,Depot - Karachi,Delivered,9.0
ORD102586,2025-07-22,CUST1131,Quetta,Balochistan,Marble,Chiniot Black,Bush Hammered,18,89.9,169.2,10.0,13689.97,Credit (30 days),Tariq Mehmood,Depot - Karachi,In Transit,2.0
ORD102819,2024-02-28,CUST2193,Multan,Punjab,Marble,Ziarat White,Polished,20,310.7,227.69,10.0,63668.95,Cheque,Hamza Sheikh,Main Yard - Chiniot,Delivered,10.0
ORD102387,2024-06-07,CUST2269,Peshawar,KPK,Marble,Indus Green,Polished,18,63.1,171.94,5.0,10306.94,Credit (30 days),Zain Abbas,Main Yard - Chiniot,Delivered,9.0
ORD100191,2025-02-01,CUST1102,Mianwali,Punjab,Marble,Botticino Beige,Honed,22,63.2,153.51,0.0,9701.83,Bank Transfer,Fahad Malik,Depot - Multan,Delivered,5.0
ORD101114,2025-12-13,CUST3187,Sialkot,Punjab,Marble,Chaghi Golden,Polished,20,20.0,176.67,0.0,3533.4,Bank Transfer,Fahad Malik,Depot - Lahore,Pending,6.0
ORD103083,2024-11-28,CUST2409,Peshawar,KPK,Marble,Teri White,Honed,16,257.5,135.28,0.0,34834.6,Bank Transfer,Tariq Mehmood,Main Yard - Chiniot,In Transit,5.0
ORD102557,2025-03-12,CUST3046,Chiniot,Punjab,Granite,Ziarat White,Polished,20,32.3,256.69,5.0,7876.53,Credit (30 days),Hamza Sheikh,Depot - Karachi,Cancelled,6.0
ORD104899,2024-10-24,CUST2287,Quetta,Balochistan,Granite,Sunny Grey,Polished,16,106.0,304.65,0.0,32292.9,Bank Transfer,Bilal Khan,Depot - Multan,Pending,9.0
ORD100729,2024-09-30,CUST3146,Multan,Punjab,Marble,Teri White,Honed,22,38.1,197.05,0.0,7507.6,Credit (30 days),Hamza Sheikh,Depot - Multan,Pending,6.0
ORD103388,2024-09-24,CUST1613,Rawalpindi,Punjab,Tile,Chiniot Black,Polished,20,51.0,90.71,0.0,4626.21,Bank Transfer,Usman Tariq,Depot - Karachi,Delivered,9.0
ORD101704,2025-03-17,CUST2875,Karachi,Sindh,Onyx,Botticino Beige,Polished,18,273.7,341.3,0.0,93413.81,Bank Transfer,Zain Abbas,Depot - Lahore,Delivered,7.0
ORD103440,2025-05-28,CUST3044,Rawalpindi,Punjab,Onyx,Rangeela Marble,Polished,20,56.1,491.94,10.0,24838.05,Cash,Zain Abbas,Depot - Lahore,Delivered,6.0
ORD102816,2025-05-19,CUST1784,Peshawar,KPK,Marble,Buff Marble,Honed,16,162.8,166.18,0.0,27054.1,Bank Transfer,Hamza Sheikh,Main Yard - Chiniot,Delivered,10.0
ORD100927,2025-12-19,CUST2393,Mianwali,Punjab,Marble,Rangeela Marble,Polished,16,45.3,193.98,0.0,8787.29,Bank Transfer,Bilal Khan,Depot - Karachi,In Transit,9.0
ORD103840,2024-05-14,CUST1469,Sialkot,Punjab,Granite,Chaghi Golden,Polished,30,55.8,317.17,0.0,17698.09,Cash,Usman Tariq,Depot - Karachi,Delivered,6.0
ORD102857,2024-07-19,CUST2909,Lahore,Punjab,Marble,Ziarat White,Polished,20,116.8,159.54,0.0,18634.27,Credit (30 days),Tariq Mehmood,Main Yard - Chiniot,Cancelled,3.0
ORD102646,2024-09-12,CUST2771,Sialkot,Punjab,Marble,Multi Red,Polished,18,47.9,130.39,0.0,6245.68,Cash,Ahmed Raza,Depot - Lahore,Cancelled,8.0
ORD103634,2024-06-10,CUST1123,Faisalabad,Punjab,Granite,Sunny Grey,Honed,22,100.4,290.72,0.0,29188.29,Cash,Tariq Mehmood,Depot - Karachi,Pending,6.0
ORD101241,2024-04-03,CUST1503,Karachi,Sindh,Tile,Botticino Beige,Honed,16,72.9,76.57,0.0,5581.95,Bank Transfer,Ahmed Raza,Main Yard - Chiniot,Delivered,1.0
ORD103975,2025-02-14,CUST1743,Gujranwala,Punjab,Marble,Botticino Beige,Polished,30,244.3,174.23,0.0,42564.39,Cheque,Tariq Mehmood,Depot - Multan,Delivered,6.0
ORD101265,2025-10-25,CUST1427,Mianwali,Punjab,Marble,Black Galaxy,Flamed,18,130.0,167.21,5.0,20650.43,Cash,Hamza Sheikh,Depot - Multan,Delivered,8.0
ORD102717,2024-12-23,CUST3176,Lahore,Punjab,Granite,Botticino Beige,Flamed,18,126.8,288.85,0.0,36626.18,Cash,Zain Abbas,Depot - Lahore,Pending,7.0
ORD101454,2024-05-23,CUST1146,Quetta,Balochistan,Tile,Black Galaxy,Polished,20,211.2,90.21,0.0,19052.35,Credit (30 days),Saad Iqbal,Depot - Karachi,Pending,12.0
ORD103177,2025-10-10,CUST2267,Peshawar,KPK,Granite,Emperador Brown,Polished,18,373.6,294.4,0.0,109987.84,Cash,Bilal Khan,Depot - Lahore,In Transit,6.0
ORD104790,2024-12-15,CUST2574,Rawalpindi,Punjab,Marble,Botticino Beige,Polished,30,229.3,199.93,0.0,45843.95,Credit (30 days),Usman Tariq,Depot - Multan,Pending,7.0
ORD101842,2024-09-12,CUST3075,Chiniot,Punjab,Marble,Ziarat White,Flamed,30,24.0,226.87,5.0,5172.64,Bank Transfer,Zain Abbas,Depot - Karachi,Pending,5.0
ORD103330,2025-09-21,CUST1839,Multan,Punjab,Marble,Ziarat White,Flamed,20,90.0,166.65,0.0,14998.5,Bank Transfer,Saad Iqbal,Depot - Karachi,Delivered,7.0
ORD103825,2024-11-29,CUST1437,Sialkot,Punjab,Tile,Sunny Grey,Honed,22,219.6,108.88,5.0,22714.55,Cash,Bilal Khan,Depot - Karachi,Cancelled,4.0
ORD103767,2024-11-07,CUST2191,Lahore,Punjab,Marble,Emperador Brown,Leather,18,33.6,136.0,0.0,4569.6,Credit (30 days),Saad Iqbal,Main Yard - Chiniot,Delivered,8.0
ORD101945,2024-09-19,CUST2916,Sialkot,Punjab,Marble,Indus Green,Honed,20,93.7,178.69,0.0,16743.25,Cash,Tariq Mehmood,Main Yard - Chiniot,Cancelled,7.0
ORD100815,2025-12-19,CUST3405,Karachi,Sindh,Onyx,Botticino Beige,Polished,16,67.0,512.85,0.0,34360.95,Cheque,Ahmed Raza,Depot - Lahore,Cancelled,7.0
ORD103313,2025-05-08,CUST2348,Peshawar,KPK,Marble,Chaghi Golden,Flamed,16,476.3,177.14,5.0,80153.19,Bank Transfer,Ahmed Raza,Depot - Lahore,Pending,7.0
ORD102111,2024-11-16,CUST2207,Islamabad,Federal,Marble,Ziarat White,Polished,16,170.6,206.33,5.0,33439.9,Cash,Tariq Mehmood,Depot - Lahore,Delivered,8.0
ORD100843,2024-04-05,CUST2224,Quetta,Balochistan,Marble,Teri White,Polished,30,58.8,223.15,0.0,13121.22,Credit (30 days),Bilal Khan,Depot - Lahore,Delivered,5.0
ORD104581,2025-06-03,CUST3296,Karachi,Sindh,Marble,Emperador Brown,Polished,30,64.5,169.91,0.0,10959.2,Credit (30 days),Hamza Sheikh,Main Yard - Chiniot,Delivered,6.0
ORD104316,2025-12-01,CUST2168,Multan,Punjab,Marble,Chiniot Black,Flamed,18,20.0,162.48,0.0,3249.6,Cash,Zain Abbas,Depot - Multan,In Transit,12.0
ORD100985,2024-11-06,CUST2535,Quetta,Balochistan,Marble,Ziarat White,Honed,16,41.4,128.89,0.0,5336.05,Cheque,Tariq Mehmood,Depot - Multan,Delivered,7.0
ORD104067,2025-09-20,CUST1262,Chiniot,Punjab,Tile,Sunny Grey,Polished,16,118.5,67.06,0.0,7946.61,Cash,Fahad Malik,Depot - Lahore,Delivered,8.0
ORD102015,2024-01-23,CUST1579,Multan,Punjab,Marble,Botticino Beige,Honed,20,28.3,177.93,0.0,5035.42,Bank Transfer,Hamza Sheikh,Depot - Lahore,Delivered,11.0
ORD104947,2024-04-12,CUST3439,Mianwali,Punjab,Onyx,Indus Green,Leather,30,210.2,529.41,0.0,111281.98,Cheque,Ahmed Raza,Main Yard - Chiniot,In Transit,6.0
ORD102577,2025-03-21,CUST2544,Chiniot,Punjab,Granite,Multi Red,Honed,20,267.5,269.0,5.0,68359.62,Cash,Fahad Malik,Depot - Karachi,In Transit,7.0
ORD104575,2025-02-28,CUST2507,Peshawar,KPK,Marble,Black Galaxy,Flamed,22,114.5,204.27,0.0,23388.92,Cheque,Tariq Mehmood,Depot - Multan,Delivered,5.0
ORD100803,2024-04-28,CUST1743,Rawalpindi,Punjab,Marble,Emperador Brown,Polished,18,90.5,142.56,15.0,10966.43,Credit (30 days),Ahmed Raza,Depot - Multan,Pending,6.0
ORD101517,2025-11-07,CUST3476,Rawalpindi,Punjab,Marble,Multi Red,Polished,22,101.4,207.96,5.0,20032.79,Bank Transfer,Hamza Sheikh,Depot - Multan,In Transit,9.0
ORD102250,2024-07-17,CUST1421,Gujranwala,Punjab,Tile,Multi Red,Flamed,16,222.2,92.07,0.0,20457.95,Cheque,Saad Iqbal,Depot - Multan,Delivered,5.0
ORD103486,2025-05-03,CUST2142,Peshawar,KPK,Marble,Rangeela Marble,Leather,16,205.2,133.99,0.0,27494.75,Cash,Hamza Sheikh,Depot - Lahore,In Transit,8.0
ORD100723,2025-07-12,CUST2060,Islamabad,Federal,Tile,Black Galaxy,Flamed,20,41.2,92.64,0.0,3816.77,Credit (30 days),Hamza Sheikh,Depot - Lahore,Cancelled,5.0
ORD101383,2025-05-30,CUST2974,Sialkot,Punjab,Marble,Rangeela Marble,Polished,30,37.5,231.15,0.0,8668.12,Cash,Fahad Malik,Depot - Multan,Delivered,8.0
ORD102453,2024-05-19,CUST1435,Quetta,Balochistan,Marble,Emperador Brown,Polished,20,129.1,228.08,0.0,29445.13,Cheque,Saad Iqbal,Depot - Karachi,Delivered,6.0
ORD101405,2025-10-01,CUST2140,Multan,Punjab,Tile,Multi Red,Polished,16,195.1,90.72,0.0,17699.47,Cheque,Bilal Khan,Depot - Multan,Delivered,5.0
ORD102009,2024-07-11,CUST3410,Faisalabad,Punjab,Marble,Indus Green,Leather,18,20.0,182.43,10.0,3283.74,Cash,Hamza Sheikh,Depot - Multan,Delivered,5.0
ORD102233,2024-11-10,CUST2333,Mianwali,Punjab,Marble,Black Galaxy,Polished,30,262.6,204.0,0.0,53570.4,Bank Transfer,Saad Iqbal,Main Yard - Chiniot,Pending,9.0
ORD103981,2025-09-14,CUST2830,Mianwali,Punjab,Marble,Rangeela Marble,Polished,16,92.0,120.45,0.0,11081.4,Cash,Zain Abbas,Main Yard - Chiniot,Pending,10.0
ORD103357,2025-01-14,CUST2973,Karachi,Sindh,Marble,Chaghi Golden,Polished,30,185.8,189.19,0.0,35151.5,Bank Transfer,Hamza Sheikh,Main Yard - Chiniot,Delivered,3.0
ORD101333,2024-03-27,CUST1968,Lahore,Punjab,Marble,Chiniot Black,Polished,22,74.7,184.83,0.0,13806.8,Cash,Usman Tariq,Main Yard - Chiniot,Delivered,15.0
ORD104699,2024-03-27,CUST3203,Lahore,Punjab,Marble,Chaghi Golden,Honed,30,571.9,160.12,10.0,82415.37,Credit (30 days),Usman Tariq,Depot - Multan,Delivered,9.0
ORD100443,2024-04-12,CUST3135,Multan,Punjab,Marble,Emperador Brown,Flamed,16,39.0,141.5,0.0,5518.5,Cash,Bilal Khan,Depot - Multan,Cancelled,7.0
ORD104711,2025-04-01,CUST2602,Chiniot,Punjab,Marble,Botticino Beige,Polished,18,79.6,168.3,0.0,13396.68,Bank Transfer,Bilal Khan,Depot - Karachi,In Transit,7.0
ORD100749,2025-06-23,CUST2888,Chiniot,Punjab,Marble,Ziarat White,Flamed,20,40.7,244.32,0.0,9943.82,Bank Transfer,Usman Tariq,Depot - Multan,In Transit,9.0
ORD103271,2025-10-28,CUST2783,Karachi,Sindh,Granite,Sunny Grey,Polished,22,37.6,256.41,0.0,9641.02,Cash,Hamza Sheikh,Main Yard - Chiniot,In Transit,9.0
ORD103987,2024-07-28,CUST3469,Sialkot,Punjab,Marble,Chaghi Golden,Polished,22,26.9,235.17,0.0,6326.07,Bank Transfer,Hamza Sheikh,Depot - Lahore,Pending,6.0
ORD100072,2024-06-26,CUST1302,Faisalabad,Punjab,Marble,Black Galaxy,Polished,18,170.9,192.11,0.0,32831.6,Bank Transfer,Tariq Mehmood,Main Yard - Chiniot,Cancelled,6.0
ORD100657,2025-04-26,CUST2036,Lahore,Punjab,Tile,Multi Red,Polished,20,43.8,92.69,0.0,4059.82,Credit (30 days),Tariq Mehmood,Depot - Lahore,Pending,9.0
ORD102657,2025-08-24,CUST3069,Gujranwala,Punjab,Tile,Indus Green,Polished,18,31.8,97.13,0.0,3088.73,Bank Transfer,Fahad Malik,Main Yard - Chiniot,In Transit,6.0
ORD101838,2025-11-09,CUST2586,Sialkot,Punjab,Tile,Chaghi Golden,Polished,22,70.9,88.23,0.0,6255.51,Bank Transfer,Hamza Sheikh,Depot - Lahore,Delivered,5.0
ORD103524,2024-02-02,CUST2768,Quetta,Balochistan,Marble,Sunny Grey,Polished,18,42.0,190.2,5.0,7588.98,Bank Transfer,Bilal Khan,Main Yard - Chiniot,Cancelled,4.0
ORD103952,2024-07-17,CUST3210,Mianwali,Punjab,Granite,Teri White,Leather,18,20.0,254.11,5.0,4828.09,Cash,Fahad Malik,Depot - Karachi,Pending,5.0
ORD104428,2024-12-28,CUST2612,Quetta,Balochistan,Marble,Indus Green,Polished,20,68.2,193.24,0.0,13178.97,Cash,Hamza Sheikh,Depot - Multan,Pending,5.0
ORD104851,2025-10-29,CUST1558,Mianwali,Punjab,Granite,Sunny Grey,Polished,30,135.8,213.68,5.0,27566.86,Cash,Hamza Sheikh,Depot - Multan,In Transit,12.0
ORD101613,2024-11-11,CUST2885,Faisalabad,Punjab,Tile,Buff Marble,Honed,16,39.3,115.76,0.0,4549.37,Cheque,Saad Iqbal,Main Yard - Chiniot,Delivered,14.0
ORD103531,2025-12-12,CUST3225,Mianwali,Punjab,Marble,Multi Red,Flamed,20,59.0,164.02,0.0,9677.18,Bank Transfer,Zain Abbas,Depot - Lahore,Delivered,10.0
ORD100067,2024-07-25,CUST3382,Multan,Punjab,Marble,Chaghi Golden,Polished,18,46.9,190.13,0.0,8917.1,Cash,Usman Tariq,Depot - Multan,Delivered,5.0
ORD101951,2025-10-09,CUST2865,Multan,Punjab,Marble,Black Galaxy,Bush Hammered,16,210.6,141.8,0.0,29863.08,Bank Transfer,Saad Iqbal,Main Yard - Chiniot,Delivered,10.0
ORD103167,2024-03-13,CUST2720,Multan,Punjab,Granite,Teri White,Polished,18,128.8,279.48,5.0,34197.17,Cheque,Hamza Sheikh,Depot - Multan,Delivered,9.0
ORD104333,2024-02-18,CUST2586,Quetta,Balochistan,Marble,Teri White,Polished,16,80.4,143.76,0.0,11558.3,Cash,Saad Iqbal,Main Yard - Chiniot,Cancelled,11.0
ORD100291,2025-07-20,CUST1277,Rawalpindi,Punjab,Marble,Sunny Grey,Polished,30,20.0,167.27,5.0,3178.13,Cash,Usman Tariq,Depot - Lahore,Delivered,4.0
ORD102588,2025-11-09,CUST1470,Faisalabad,Punjab,Onyx,Teri White,Flamed,30,20.2,509.26,10.0,9258.35,Cash,Usman Tariq,Main Yard - Chiniot,Pending,9.0
ORD104195,2025-08-13,CUST1344,Quetta,Balochistan,Marble,Botticino Beige,Polished,16,48.0,201.53,10.0,8706.1,Bank Transfer,Bilal Khan,Depot - Lahore,Delivered,12.0
ORD103264,2025-11-13,CUST1585,Islamabad,Federal,Marble,Multi Red,Leather,16,69.3,155.39,10.0,9691.67,Credit (30 days),Fahad Malik,Main Yard - Chiniot,Cancelled,8.0
ORD102332,2025-03-08,CUST1233,Mianwali,Punjab,Tile,Teri White,Flamed,16,125.5,100.97,5.0,12038.15,Bank Transfer,Hamza Sheikh,Depot - Multan,Delivered,8.0
ORD104745,2025-07-27,CUST2279,Lahore,Punjab,Granite,Indus Green,Polished,22,27.3,225.34,0.0,6151.78,Cash,Ahmed Raza,Depot - Multan,Pending,6.0
ORD102209,2025-01-06,CUST1932,Mianwali,Punjab,Marble,Buff Marble,Polished,30,81.0,164.4,5.0,12650.58,Credit (30 days),Bilal Khan,Main Yard - Chiniot,Pending,4.0
ORD101441,2024-06-21,CUST3035,Chiniot,Punjab,Onyx,Rangeela Marble,Flamed,20,121.3,403.73,5.0,46523.83,Cash,Tariq Mehmood,Depot - Lahore,Delivered,5.0
ORD103621,2025-07-30,CUST3398,Gujranwala,Punjab,Granite,Multi Red,Polished,16,55.4,279.92,0.0,15507.57,Credit (30 days),Bilal Khan,Depot - Lahore,Delivered,6.0
ORD101636,2024-03-14,CUST3471,Karachi,Sindh,Tile,Multi Red,Polished,20,89.1,66.43,0.0,5918.91,Bank Transfer,Usman Tariq,Main Yard - Chiniot,Delivered,4.0
ORD101418,2024-05-30,CUST2587,Faisalabad,Punjab,Marble,Emperador Brown,Polished,20,126.6,148.63,10.0,16934.9,Cash,Ahmed Raza,Depot - Lahore,Delivered,11.0
ORD103024,2024-07-09,CUST2591,Mianwali,Punjab,Marble,Emperador Brown,Polished,22,63.5,200.79,0.0,12750.16,Cheque,Fahad Malik,Depot - Karachi,Delivered,7.0
ORD103775,2024-01-30,CUST2240,Faisalabad,Punjab,Onyx,Ziarat White,Polished,18,98.9,538.06,0.0,53214.13,Cash,Usman Tariq,Depot - Karachi,In Transit,10.0
ORD103719,2025-02-17,CUST1106,Islamabad,Federal,Marble,Black Galaxy,Polished,20,172.0,152.33,0.0,26200.76,Cash,Fahad Malik,Depot - Karachi,Delivered,11.0
ORD102219,2025-11-14,CUST1331,Multan,Punjab,Tile,Buff Marble,Polished,20,67.5,115.23,0.0,7778.02,Cash,Usman Tariq,Depot - Multan,Delivered,9.0
ORD104406,2024-04-23,CUST1807,Chiniot,Punjab,Marble,Emperador Brown,Flamed,30,216.0,201.51,0.0,43526.16,Cheque,Saad Iqbal,Depot - Multan,Delivered,8.0
ORD100756,2025-05-20,CUST1117,Mianwali,Punjab,Tile,Chiniot Black,Honed,16,50.1,114.02,0.0,5712.4,Cash,Bilal Khan,Depot - Karachi,Delivered,8.0
ORD100956,2025-04-10,CUST2595,Lahore,Punjab,Granite,Multi Red,Polished,16,111.3,263.52,0.0,29329.78,Cash,Saad Iqbal,Depot - Multan,Delivered,7.0
ORD104870,2024-07-04,CUST1913,Faisalabad,Punjab,Marble,Emperador Brown,Honed,22,20.0,206.95,0.0,4139.0,Bank Transfer,Zain Abbas,Depot - Karachi,In Transit,5.0
ORD103885,2024-08-15,CUST3464,Faisalabad,Punjab,Onyx,Emperador Brown,Bush Hammered,18,123.0,378.14,0.0,46511.22,Cash,Bilal Khan,Depot - Lahore,Delivered,9.0
ORD102994,2024-10-02,CUST1220,Peshawar,KPK,Marble,Indus Green,Polished,20,292.6,182.88,0.0,53510.69,Cash,Ahmed Raza,Depot - Karachi,Pending,9.0
ORD103875,2025-11-04,CUST1529,Multan,Punjab,Tile,Emperador Brown,Polished,16,20.0,77.62,0.0,1552.4,Bank Transfer,Saad Iqbal,Depot - Multan,Delivered,11.0
ORD100459,2024-05-03,CUST3240,Islamabad,Federal,Marble,Multi Red,Polished,16,160.0,169.6,0.0,27136.0,Credit (30 days),Zain Abbas,Depot - Lahore,Pending,7.0
ORD100415,2024-11-25,CUST2836,Lahore,Punjab,Marble,Ziarat White,Polished,18,96.3,135.0,5.0,12350.47,Cash,Usman Tariq,Main Yard - Chiniot,Cancelled,11.0
ORD104330,2025-06-23,CUST2975,Faisalabad,Punjab,Marble,Multi Red,Polished,30,234.6,196.16,0.0,46019.14,Credit (30 days),Fahad Malik,Main Yard - Chiniot,Delivered,3.0
ORD101388,2025-02-12,CUST1850,Karachi,Sindh,Granite,Teri White,Honed,20,145.9,285.77,5.0,39609.15,Cash,Tariq Mehmood,Depot - Lahore,Pending,9.0
ORD100920,2024-05-22,CUST2658,Mianwali,Punjab,Marble,Emperador Brown,Polished,30,179.1,240.82,0.0,43130.86,Cheque,Saad Iqbal,Depot - Karachi,Cancelled,6.0
ORD104338,2024-04-18,CUST1497,Islamabad,Federal,Granite,Emperador Brown,Honed,18,109.0,191.92,0.0,20919.28,Credit (30 days),Tariq Mehmood,Main Yard - Chiniot,Pending,5.0
ORD104791,2025-08-31,CUST1865,Faisalabad,Punjab,Tile,Buff Marble,Polished,18,47.3,98.06,0.0,4638.24,Cheque,Zain Abbas,Depot - Lahore,Delivered,4.0
ORD102335,2025-04-05,CUST1742,Gujranwala,Punjab,Tile,Sunny Grey,Polished,30,328.8,94.96,0.0,31222.85,Bank Transfer,Saad Iqbal,Depot - Karachi,Pending,4.0
ORD104170,2025-10-30,CUST2447,Sialkot,Punjab,Marble,Buff Marble,Flamed,30,140.4,178.52,0.0,25064.21,Cash,Bilal Khan,Main Yard - Chiniot,Delivered,8.0
ORD103990,2024-08-30,CUST1339,Sialkot,Punjab,Granite,Teri White,Polished,20,57.7,208.77,0.0,12046.03,Bank Transfer,Hamza Sheikh,Depot - Multan,Delivered,8.0
ORD103315,2024-12-26,CUST2505,Lahore,Punjab,Marble,Black Galaxy,Polished,30,23.9,138.0,0.0,3298.2,Cash,Bilal Khan,Depot - Karachi,Delivered,7.0
ORD104883,2024-12-08,CUST2420,Multan,Punjab,Marble,Emperador Brown,Honed,30,59.8,158.78,0.0,8070.79,Cash,Tariq Mehmood,Depot - Multan,Delivered,6.0
ORD101760,2025-01-04,CUST2968,Islamabad,Federal,Granite,Indus Green,Flamed,30,24.3,309.17,0.0,7512.83,Bank Transfer,Hamza Sheikh,Depot - Karachi,Delivered,5.0
ORD103553,2024-01-09,CUST3221,Lahore,Punjab,Granite,Ziarat White,Leather,18,39.6,218.79,0.0,8664.08,Cash,Usman Tariq,Depot - Karachi,Delivered,8.0
ORD103228,2025-08-10,CUST3388,Karachi,Sindh,Marble,Teri White,Leather,18,41.2,163.39,10.0,6058.5,Credit (30 days),Saad Iqbal,Depot - Multan,Delivered,7.0
ORD101537,2024-04-29,CUST3427,Peshawar,KPK,Marble,Rangeela Marble,Bush Hammered,30,73.3,214.79,0.0,15744.11,Cheque,Usman Tariq,Main Yard - Chiniot,Delivered,9.0
ORD103236,2025-06-19,CUST1306,Rawalpindi,Punjab,Marble,Ziarat White,Polished,22,37.4,221.44,5.0,7867.76,Cash,Tariq Mehmood,Main Yard - Chiniot,In Transit,10.0
ORD103115,2024-05-09,CUST1276,Gujranwala,Punjab,Granite,Teri White,Honed,20,198.0,311.13,0.0,61603.74,Cash,Saad Iqbal,Depot - Karachi,Cancelled,7.0
ORD100630,2025-02-16,CUST1083,Quetta,Balochistan,Marble,Ziarat White,Polished,16,146.9,122.33,0.0,17970.28,Cash,Usman Tariq,Depot - Lahore,Delivered,5.0
ORD103018,2025-12-05,CUST1825,Peshawar,KPK,Marble,Teri White,Polished,20,74.3,113.87,10.0,7614.49,Cash,Tariq Mehmood,Depot - Karachi,Delivered,4.0
ORD103011,2025-08-09,CUST1807,Sialkot,Punjab,Marble,Buff Marble,Leather,22,55.2,208.6,0.0,11514.72,Cash,Fahad Malik,Depot - Karachi,Delivered,12.0
ORD104278,2025-01-15,CUST2610,Faisalabad,Punjab,Marble,Black Galaxy,Flamed,20,58.3,161.03,0.0,9388.05,Cash,Zain Abbas,Depot - Karachi,Delivered,9.0
ORD101908,2025-05-22,CUST1479,Karachi,Sindh,Marble,Chiniot Black,Leather,16,145.3,162.0,0.0,23538.6,Bank Transfer,Usman Tariq,Depot - Karachi,Delivered,13.0
ORD102102,2025-01-28,CUST2099,Faisalabad,Punjab,Onyx,Emperador Brown,Honed,30,129.1,421.95,0.0,54473.74,Cash,Bilal Khan,Depot - Karachi,Delivered,7.0
ORD100312,2025-08-12,CUST2959,Chiniot,Punjab,Marble,Sunny Grey,Leather,18,20.0,209.61,0.0,4192.2,Cash,Zain Abbas,Depot - Lahore,Delivered,6.0
ORD102846,2024-08-01,CUST2396,Karachi,Sindh,Marble,Teri White,Leather,22,88.6,229.83,5.0,19344.79,Cash,Tariq Mehmood,Main Yard - Chiniot,Delivered,6.0
ORD103205,2024-02-28,CUST3074,Multan,Punjab,Marble,Chaghi Golden,Honed,16,20.0,221.44,0.0,4428.8,Cheque,Zain Abbas,Depot - Lahore,Delivered,8.0
ORD104262,2024-02-02,CUST1494,Karachi,Sindh,Granite,Botticino Beige,Polished,18,77.3,320.29,0.0,24758.42,Bank Transfer,Fahad Malik,Depot - Karachi,Cancelled,6.0
ORD100515,2025-03-03,CUST1358,Karachi,Sindh,Marble,Buff Marble,Polished,16,200.6,215.48,0.0,43225.29,Cheque,Hamza Sheikh,Depot - Karachi,Cancelled,5.0
ORD104517,2025-04-15,CUST2480,Islamabad,Federal,Marble,Teri White,Polished,22,383.0,152.91,0.0,58564.53,Credit (30 days),Saad Iqbal,Main Yard - Chiniot,Cancelled,6.0
ORD101824,2024-10-26,CUST2507,Peshawar,KPK,Marble,Teri White,Honed,20,45.1,167.75,0.0,7565.52,Bank Transfer,Hamza Sheikh,Depot - Multan,Delivered,9.0
ORD101563,2024-12-13,CUST3300,Peshawar,KPK,Marble,Multi Red,Polished,18,140.1,149.63,0.0,20963.16,Cash,Usman Tariq,Main Yard - Chiniot,Cancelled,6.0
ORD100412,2025-06-30,CUST2109,Gujranwala,Punjab,Marble,Buff Marble,Honed,20,131.5,170.18,0.0,22378.67,Cheque,Hamza Sheikh,Depot - Karachi,Cancelled,5.0
ORD103604,2024-11-10,CUST2881,Peshawar,KPK,Marble,Chaghi Golden,Polished,22,195.5,245.68,0.0,48030.44,Cash,Fahad Malik,Depot - Lahore,Cancelled,11.0
ORD103789,2025-05-02,CUST1937,Chiniot,Punjab,Marble,Chiniot Black,Honed,30,187.6,209.84,0.0,39365.98,Cheque,Tariq Mehmood,Depot - Karachi,Delivered,7.0
ORD103701,2025-08-07,CUST1639,Faisalabad,Punjab,Marble,Ziarat White,Honed,16,41.3,173.87,0.0,7180.83,Cash,Tariq Mehmood,Main Yard - Chiniot,Delivered,8.0
ORD103445,2024-07-11,CUST2709,Karachi,Sindh,Marble,Black Galaxy,Polished,16,176.5,175.36,0.0,30951.04,Credit (30 days),Tariq Mehmood,Depot - Karachi,In Transit,10.0
ORD100622,2024-08-16,CUST3108,Faisalabad,Punjab,Granite,Chiniot Black,Polished,22,37.1,268.64,0.0,9966.54,Bank Transfer,Zain Abbas,Depot - Lahore,Delivered,12.0
ORD103622,2025-06-06,CUST1834,Sialkot,Punjab,Tile,Emperador Brown,Leather,20,237.2,112.22,0.0,26618.58,Cheque,Bilal Khan,Depot - Lahore,Delivered,5.0
ORD103367,2025-06-15,CUST2894,Gujranwala,Punjab,Marble,Chiniot Black,Flamed,16,20.0,239.34,0.0,4786.8,Bank Transfer,Ahmed Raza,Depot - Multan,Delivered,8.0
ORD102204,2025-08-01,CUST1074,Rawalpindi,Punjab,Marble,Black Galaxy,Polished,16,85.8,192.78,0.0,16540.52,Credit (30 days),Saad Iqbal,Depot - Karachi,Delivered,2.0
ORD100615,2024-04-15,CUST2366,Multan,Punjab,Tile,Emperador Brown,Polished,20,62.9,87.64,10.0,4961.3,Credit (30 days),Tariq Mehmood,Depot - Karachi,In Transit,7.0
ORD101300,2024-04-04,CUST1481,Peshawar,KPK,Marble,Buff Marble,Polished,20,109.3,214.97,0.0,23496.22,Cash,Tariq Mehmood,Main Yard - Chiniot,In Transit,6.0
ORD103279,2025-06-19,CUST1466,Mianwali,Punjab,Marble,Multi Red,Leather,20,40.4,164.36,0.0,6640.14,Cheque,Tariq Mehmood,Depot - Multan,In Transit,6.0
ORD102855,2025-04-27,CUST3499,Rawalpindi,Punjab,Marble,Ziarat White,Honed,30,383.3,183.4,0.0,70297.22,Bank Transfer,Usman Tariq,Main Yard - Chiniot,Pending,4.0
ORD101338,2024-05-17,CUST1708,Multan,Punjab,Granite,Emperador Brown,Polished,18,171.0,207.45,0.0,35473.95,Cash,Hamza Sheikh,Depot - Multan,In Transit,7.0
ORD100274,2025-12-11,CUST1831,Quetta,Balochistan,Marble,Teri White,Polished,20,151.0,142.45,0.0,21509.95,Cash,Zain Abbas,Depot - Multan,Cancelled,8.0
ORD101897,2025-09-14,CUST1385,Sialkot,Punjab,Marble,Ziarat White,Honed,16,89.9,164.89,0.0,14823.61,Credit (30 days),Zain Abbas,Main Yard - Chiniot,Cancelled,4.0
ORD100167,2024-12-31,CUST1350,Quetta,Balochistan,Tile,Indus Green,Honed,30,102.6,113.14,0.0,11608.16,Cash,Tariq Mehmood,Depot - Lahore,Pending,6.0
ORD100076,2025-09-10,CUST2062,Sialkot,Punjab,Marble,Emperador Brown,Leather,22,103.3,188.84,0.0,19507.17,Cash,Tariq Mehmood,Main Yard - Chiniot,Delivered,10.0
ORD104501,2024-08-03,CUST2058,Karachi,Sindh,Marble,Buff Marble,Polished,30,84.9,207.73,0.0,17636.28,Bank Transfer,Tariq Mehmood,Main Yard - Chiniot,Delivered,9.0
ORD102328,2024-03-30,CUST2757,Karachi,Sindh,Granite,Indus Green,Polished,20,191.6,345.61,0.0,66218.88,Cash,Tariq Mehmood,Depot - Karachi,In Transit,4.0
ORD100662,2024-12-25,CUST3354,Lahore,Punjab,Marble,Rangeela Marble,Polished,20,85.2,189.03,10.0,14494.82,Credit (30 days),Fahad Malik,Depot - Multan,In Transit,4.0
ORD104957,2025-10-23,CUST2942,Gujranwala,Punjab,Tile,Emperador Brown,Leather,20,73.6,106.51,5.0,7447.18,Bank Transfer,Ahmed Raza,Depot - Multan,Cancelled,7.0
ORD102024,2025-04-14,CUST2024,Gujranwala,Punjab,Granite,Buff Marble,Bush Hammered,20,123.8,267.69,5.0,31483.02,Bank Transfer,Ahmed Raza,Depot - Karachi,Cancelled,14.0
ORD100766,2024-10-24,CUST2327,Peshawar,KPK,Marble,Buff Marble,Leather,16,208.6,174.87,0.0,36477.88,Cheque,Zain Abbas,Depot - Multan,In Transit,8.0
ORD100643,2025-11-03,CUST3497,Multan,Punjab,Marble,Chaghi Golden,Polished,16,155.1,159.92,0.0,24803.59,Credit (30 days),Tariq Mehmood,Depot - Lahore,Pending,4.0
ORD102215,2024-04-21,CUST2702,Gujranwala,Punjab,Onyx,Black Galaxy,Polished,30,95.1,494.37,0.0,47014.59,Cheque,Fahad Malik,Main Yard - Chiniot,In Transit,2.0
ORD101343,2025-05-06,CUST1523,Karachi,Sindh,Marble,Rangeela Marble,Honed,22,38.8,184.03,0.0,7140.36,Bank Transfer,Saad Iqbal,Main Yard - Chiniot,Delivered,7.0
ORD104194,2025-12-16,CUST2939,Faisalabad,Punjab,Marble,Rangeela Marble,Leather,20,93.5,173.94,0.0,16263.39,Cash,Hamza Sheikh,Main Yard - Chiniot,Cancelled,3.0
ORD101547,2025-06-23,CUST3027,Quetta,Balochistan,Tile,Indus Green,Polished,18,101.8,81.67,0.0,8314.01,Cheque,Bilal Khan,Depot - Multan,Delivered,7.0
ORD101110,2024-04-30,CUST1694,Sialkot,Punjab,Marble,Chaghi Golden,Honed,20,196.7,205.24,0.0,40370.71,Bank Transfer,Zain Abbas,Main Yard - Chiniot,In Transit,8.0
ORD100642,2024-01-30,CUST2120,Islamabad,Federal,Marble,Rangeela Marble,Leather,20,25.8,161.55,0.0,4167.99,Cash,Saad Iqbal,Main Yard - Chiniot,In Transit,11.0
ORD103494,2024-10-26,CUST3030,Gujranwala,Punjab,Marble,Sunny Grey,Honed,22,170.5,177.63,0.0,30285.92,Cash,Tariq Mehmood,Depot - Multan,Delivered,6.0
ORD103480,2024-11-25,CUST2026,Peshawar,KPK,Marble,Ziarat White,Leather,20,158.8,164.51,10.0,23511.77,Credit (30 days),Tariq Mehmood,Depot - Multan,Delivered,7.0
ORD101266,2024-02-04,CUST2809,Multan,Punjab,Marble,Indus Green,Leather,30,120.7,226.16,0.0,27297.51,Bank Transfer,Bilal Khan,Depot - Karachi,Delivered,6.0
ORD100953,2025-11-08,CUST2436,Quetta,Balochistan,Tile,Botticino Beige,Bush Hammered,30,99.0,118.96,0.0,11777.04,Cheque,Bilal Khan,Main Yard - Chiniot,Cancelled,4.0
ORD102660,2024-02-17,CUST3159,Sialkot,Punjab,Onyx,Emperador Brown,Polished,16,52.7,321.83,0.0,16960.44,Bank Transfer,Zain Abbas,Depot - Multan,Delivered,7.0
ORD103901,2024-05-19,CUST1236,Islamabad,Federal,Tile,Teri White,Polished,20,47.9,107.03,5.0,4870.4,Bank Transfer,Hamza Sheikh,Depot - Karachi,In Transit,7.0
ORD101366,2025-10-23,CUST2427,Peshawar,KPK,Tile,Chaghi Golden,Polished,22,77.5,91.03,0.0,7054.82,Cheque,Fahad Malik,Main Yard - Chiniot,Delivered,7.0
ORD103100,2024-04-11,CUST2482,Gujranwala,Punjab,Marble,Chiniot Black,Flamed,18,282.2,172.95,5.0,46366.17,Cash,Tariq Mehmood,Main Yard - Chiniot,Pending,11.0
ORD104657,2024-11-12,CUST1446,Sialkot,Punjab,Tile,Buff Marble,Honed,18,557.1,94.21,0.0,52484.39,Cash,Fahad Malik,Main Yard - Chiniot,Cancelled,7.0
ORD100020,2025-10-25,CUST2819,Quetta,Balochistan,Tile,Emperador Brown,Polished,30,244.4,87.76,0.0,21448.54,Bank Transfer,Usman Tariq,Depot - Multan,Cancelled,5.0
ORD103805,2024-12-24,CUST2338,Quetta,Balochistan,Marble,Botticino Beige,Honed,30,168.6,209.36,0.0,35298.1,Cash,Bilal Khan,Main Yard - Chiniot,Pending,6.0
ORD102905,2024-04-11,CUST1596,Sialkot,Punjab,Granite,Sunny Grey,Polished,20,53.2,193.69,0.0,10304.31,Cash,Ahmed Raza,Depot - Lahore,Delivered,4.0
ORD103723,2025-05-10,CUST1073,Peshawar,KPK,Marble,Emperador Brown,Leather,30,91.8,169.84,10.0,14032.18,Cheque,Saad Iqbal,Main Yard - Chiniot,In Transit,7.0
ORD100765,2025-06-28,CUST1192,Peshawar,KPK,Tile,Black Galaxy,Polished,16,54.6,83.74,0.0,4572.2,Cash,Zain Abbas,Depot - Multan,In Transit,5.0
ORD103161,2024-12-24,CUST1439,Lahore,Punjab,Marble,Ziarat White,Polished,16,150.5,192.64,0.0,28992.32,Cash,Zain Abbas,Depot - Karachi,Delivered,7.0
ORD104962,2024-03-08,CUST3225,Karachi,Sindh,Marble,Ziarat White,Polished,30,82.0,224.34,0.0,18395.88,Cash,Usman Tariq,Main Yard - Chiniot,In Transit,5.0
ORD100135,2025-09-07,CUST3409,Karachi,Sindh,Marble,Multi Red,Leather,22,116.1,167.35,0.0,19429.34,Cash,Tariq Mehmood,Main Yard - Chiniot,Pending,6.0
ORD104139,2024-06-12,CUST3442,Mianwali,Punjab,Marble,Chaghi Golden,Leather,18,84.6,140.52,0.0,11887.99,Cheque,Fahad Malik,Main Yard - Chiniot,Delivered,7.0
ORD100582,2024-04-27,CUST2256,Gujranwala,Punjab,Marble,Teri White,Leather,18,116.4,174.69,0.0,20333.92,Cash,Fahad Malik,Main Yard - Chiniot,Delivered,5.0
ORD100698,2025-12-26,CUST2070,Islamabad,Federal,Onyx,Botticino Beige,Flamed,18,20.0,518.96,5.0,9860.24,Bank Transfer,Zain Abbas,Depot - Lahore,Cancelled,5.0
ORD104159,2024-06-15,CUST1743,Multan,Punjab,Marble,Buff Marble,Honed,16,50.9,171.41,5.0,8288.53,Bank Transfer,Bilal Khan,Depot - Lahore,Pending,7.0
ORD104823,2025-10-15,CUST1206,Lahore,Punjab,Granite,Buff Marble,Honed,20,32.0,271.36,5.0,8249.34,Bank Transfer,Ahmed Raza,Depot - Karachi,Cancelled,5.0
ORD103483,2024-01-29,CUST2625,Karachi,Sindh,Marble,Black Galaxy,Polished,22,204.0,191.52,5.0,37116.58,Cash,Usman Tariq,Depot - Lahore,In Transit,8.0
ORD103708,2025-04-11,CUST2052,Multan,Punjab,Granite,Black Galaxy,Honed,20,161.7,260.56,10.0,37919.3,Cash,Bilal Khan,Depot - Lahore,Cancelled,9.0
ORD104609,2025-12-17,CUST3371,Chiniot,Punjab,Marble,Teri White,Bush Hammered,20,147.1,233.62,0.0,34365.5,Cash,Zain Abbas,Depot - Lahore,Delivered,7.0
ORD102041,2025-07-14,CUST3415,Lahore,Punjab,Marble,Multi Red,Polished,20,106.4,193.25,10.0,18505.62,Bank Transfer,Saad Iqbal,Depot - Lahore,Cancelled,4.0
ORD104116,2025-11-04,CUST2614,Chiniot,Punjab,Tile,Buff Marble,Polished,18,111.0,100.89,0.0,11198.79,Cash,Saad Iqbal,Depot - Lahore,Cancelled,8.0
ORD104560,2025-01-08,CUST3061,Multan,Punjab,Marble,Multi Red,Polished,20,118.4,155.27,0.0,18383.97,Cash,Fahad Malik,Depot - Karachi,In Transit,7.0
ORD103092,2025-02-18,CUST3379,Lahore,Punjab,Granite,Buff Marble,Polished,18,41.0,275.61,0.0,11300.01,Cash,Fahad Malik,Depot - Lahore,Cancelled,6.0
ORD102251,2025-10-24,CUST1612,Islamabad,Federal,Onyx,Botticino Beige,Polished,30,232.8,552.82,0.0,128696.5,Bank Transfer,Usman Tariq,Depot - Lahore,Delivered,6.0
ORD102851,2024-11-04,CUST2973,Faisalabad,Punjab,Marble,Black Galaxy,Honed,22,79.1,201.84,0.0,15965.54,Bank Transfer,Ahmed Raza,Main Yard - Chiniot,Pending,3.0
ORD103705,2024-08-23,CUST3073,Rawalpindi,Punjab,Onyx,Rangeela Marble,Polished,18,27.7,371.89,0.0,10301.35,Cheque,Hamza Sheikh,Depot - Lahore,Delivered,6.0
ORD103154,2025-10-11,CUST1173,Sialkot,Punjab,Marble,Chiniot Black,Polished,16,70.3,159.66,0.0,11224.1,Cash,Hamza Sheikh,Main Yard - Chiniot,Delivered,8.0
ORD104634,2024-05-25,CUST2421,Rawalpindi,Punjab,Marble,Teri White,Honed,20,56.9,207.04,0.0,11780.58,Cash,Ahmed Raza,Depot - Multan,Cancelled,3.0
ORD101554,2025-06-28,CUST1897,Karachi,Sindh,Marble,Indus Green,Honed,18,245.7,155.98,0.0,38324.29,Credit (30 days),Usman Tariq,Depot - Karachi,Pending,10.0
ORD102571,2025-08-13,CUST1190,Gujranwala,Punjab,Onyx,Sunny Grey,Leather,30,91.3,435.12,15.0,33767.49,Bank Transfer,Tariq Mehmood,Depot - Lahore,Pending,7.0
ORD104854,2025-10-06,CUST1785,Chiniot,Punjab,Onyx,Indus Green,Polished,16,43.3,357.96,0.0,15499.67,Bank Transfer,Hamza Sheikh,Depot - Multan,Delivered,5.0
ORD104521,2025-02-01,CUST1118,Karachi,Sindh,Marble,Botticino Beige,Flamed,20,127.0,148.89,0.0,18909.03,Credit (30 days),Fahad Malik,Depot - Lahore,Delivered,7.0
ORD103197,2025-09-19,CUST3430,Quetta,Balochistan,Marble,Black Galaxy,Polished,16,124.2,119.28,0.0,14814.58,Cheque,Bilal Khan,Main Yard - Chiniot,Delivered,6.0
ORD103503,2025-04-05,CUST1978,Gujranwala,Punjab,Onyx,Chiniot Black,Flamed,30,228.6,599.39,0.0,137020.55,Credit (30 days),Saad Iqbal,Main Yard - Chiniot,Cancelled,9.0
ORD101090,2024-08-14,CUST2631,Faisalabad,Punjab,Marble,Buff Marble,Polished,20,133.4,228.55,0.0,30488.57,Bank Transfer,Bilal Khan,Depot - Multan,Pending,5.0
ORD102081,2024-07-05,CUST2096,Sialkot,Punjab,Marble,Sunny Grey,Polished,20,147.5,176.19,15.0,22089.82,Cheque,Bilal Khan,Main Yard - Chiniot,Pending,7.0
ORD100014,2025-06-08,CUST2077,Faisalabad,Punjab,Marble,Rangeela Marble,Polished,16,61.2,172.03,10.0,9475.41,Bank Transfer,Zain Abbas,Depot - Multan,In Transit,7.0
ORD103646,2025-02-22,CUST1296,Rawalpindi,Punjab,Granite,Emperador Brown,Polished,20,25.4,362.0,5.0,8735.06,Cash,Fahad Malik,Depot - Karachi,Pending,9.0
ORD100137,2025-04-03,CUST3378,Chiniot,Punjab,Marble,Ziarat White,Bush Hammered,18,27.3,180.1,0.0,4916.73,Credit (30 days),Fahad Malik,Depot - Lahore,Delivered,9.0
ORD101651,2025-06-19,CUST3232,Sialkot,Punjab,Marble,Ziarat White,Polished,16,94.8,177.14,0.0,16792.87,Cash,Bilal Khan,Depot - Lahore,Delivered,9.0
ORD100123,2024-07-02,CUST1902,Lahore,Punjab,Marble,Buff Marble,Leather,20,92.5,223.26,10.0,18586.4,Bank Transfer,Zain Abbas,Depot - Karachi,In Transit,11.0
ORD103993,2024-08-16,CUST1490,Mianwali,Punjab,Marble,Black Galaxy,Leather,16,22.1,177.33,0.0,3918.99,Cash,Bilal Khan,Depot - Lahore,Delivered,10.0
ORD103291,2025-07-03,CUST1558,Lahore,Punjab,Marble,Teri White,Honed,18,46.8,190.58,0.0,8919.14,Cash,Usman Tariq,Depot - Lahore,Delivered,7.0
ORD102637,2024-08-03,CUST1070,Lahore,Punjab,Granite,Black Galaxy,Leather,30,99.2,292.94,0.0,29059.65,Credit (30 days),Ahmed Raza,Depot - Karachi,Cancelled,4.0
ORD103037,2024-02-04,CUST2227,Faisalabad,Punjab,Granite,Buff Marble,Flamed,18,20.0,160.48,0.0,3209.6,Cheque,Zain Abbas,Depot - Multan,In Transit,6.0
ORD102397,2024-12-30,CUST2182,Lahore,Punjab,Onyx,Sunny Grey,Bush Hammered,22,133.5,430.13,10.0,51680.12,Bank Transfer,Bilal Khan,Main Yard - Chiniot,In Transit,5.0
ORD103208,2025-02-24,CUST2837,Sialkot,Punjab,Marble,Indus Green,Flamed,20,26.7,181.82,0.0,4854.59,Cash,Bilal Khan,Depot - Karachi,Pending,4.0
ORD102019,2025-04-30,CUST1927,Multan,Punjab,Marble,Teri White,Leather,30,144.4,209.19,10.0,27186.33,Bank Transfer,Zain Abbas,Depot - Karachi,Pending,5.0
ORD103925,2025-08-01,CUST1434,Multan,Punjab,Onyx,Buff Marble,Honed,18,237.5,353.01,0.0,83839.88,Cash,Tariq Mehmood,Main Yard - Chiniot,Cancelled,8.0
ORD104425,2024-11-03,CUST2430,Islamabad,Federal,Tile,Chaghi Golden,Polished,22,59.0,112.55,0.0,6640.45,Cash,Fahad Malik,Depot - Multan,Pending,8.0
ORD101761,2025-11-10,CUST3120,Peshawar,KPK,Granite,Ziarat White,Polished,22,221.0,287.31,0.0,63495.51,Credit (30 days),Saad Iqbal,Depot - Multan,Delivered,10.0
ORD104220,2024-11-01,CUST2411,Rawalpindi,Punjab,Granite,Emperador Brown,Honed,30,33.2,245.37,15.0,6924.34,Cash,Saad Iqbal,Main Yard - Chiniot,Pending,7.0
ORD104121,2025-12-01,CUST1079,Mianwali,Punjab,Onyx,Buff Marble,Honed,22,38.8,398.61,0.0,15466.07,Bank Transfer,Bilal Khan,Depot - Karachi,Cancelled,9.0
ORD104362,2025-03-06,CUST1879,Karachi,Sindh,Granite,Chaghi Golden,Polished,18,204.7,245.27,0.0,50206.77,Cash,Fahad Malik,Depot - Karachi,Cancelled,6.0
ORD100538,2024-12-15,CUST2796,Gujranwala,Punjab,Marble,Botticino Beige,Flamed,18,145.3,208.73,0.0,30328.47,Cash,Bilal Khan,Depot - Lahore,Pending,10.0
ORD103879,2025-05-16,CUST3390,Karachi,Sindh,Granite,Ziarat White,Polished,22,280.0,295.52,0.0,82745.6,Cash,Hamza Sheikh,Depot - Karachi,Pending,4.0
ORD102051,2025-06-29,CUST2645,Multan,Punjab,Marble,Chaghi Golden,Bush Hammered,30,128.3,160.0,10.0,18475.2,Cheque,Saad Iqbal,Main Yard - Chiniot,Pending,7.0
ORD103463,2025-02-25,CUST3416,Karachi,Sindh,Onyx,Ziarat White,Honed,22,185.7,461.69,0.0,85735.83,Credit (30 days),Zain Abbas,Main Yard - Chiniot,Delivered,4.0
ORD101941,2024-08-23,CUST2399,Gujranwala,Punjab,Marble,Sunny Grey,Polished,20,37.3,129.16,0.0,4817.67,Bank Transfer,Saad Iqbal,Depot - Lahore,Delivered,11.0
ORD100809,2025-12-25,CUST3340,Rawalpindi,Punjab,Granite,Ziarat White,Polished,30,100.8,276.56,0.0,27877.25,Cheque,Zain Abbas,Depot - Multan,Pending,8.0
ORD102402,2024-08-04,CUST1645,Peshawar,KPK,Tile,Buff Marble,Leather,22,40.9,84.89,0.0,3472.0,Cash,Ahmed Raza,Depot - Karachi,Pending,7.0
ORD103949,2025-03-31,CUST1198,Sialkot,Punjab,Granite,Teri White,Honed,16,323.6,322.32,10.0,93872.48,Bank Transfer,Bilal Khan,Main Yard - Chiniot,Delivered,9.0
ORD101153,2025-06-05,CUST1023,Mianwali,Punjab,Onyx,Teri White,Honed,22,72.3,468.85,0.0,33897.86,Credit (30 days),Hamza Sheikh,Main Yard - Chiniot,In Transit,5.0
ORD104855,2024-04-25,CUST1876,Multan,Punjab,Tile,Teri White,Polished,18,451.2,85.32,0.0,38496.38,Bank Transfer,Saad Iqbal,Depot - Karachi,Cancelled,8.0
ORD101881,2025-10-03,CUST2734,Chiniot,Punjab,Tile,Chaghi Golden,Flamed,30,133.2,105.56,0.0,14060.59,Cheque,Saad Iqbal,Main Yard - Chiniot,Pending,8.0
ORD104266,2024-09-09,CUST2073,Lahore,Punjab,Marble,Emperador Brown,Bush Hammered,16,432.8,222.67,0.0,96371.58,Cash,Hamza Sheikh,Depot - Multan,Delivered,7.0
ORD102161,2024-10-15,CUST3116,Sialkot,Punjab,Marble,Black Galaxy,Honed,20,57.0,194.97,5.0,10557.63,Credit (30 days),Fahad Malik,Depot - Karachi,Delivered,7.0
ORD100383,2024-09-14,CUST1212,Peshawar,KPK,Onyx,Chiniot Black,Polished,20,183.5,409.67,0.0,75174.45,Bank Transfer,Hamza Sheikh,Depot - Karachi,Delivered,7.0
ORD103439,2025-12-13,CUST1117,Sialkot,Punjab,Tile,Chiniot Black,Polished,30,73.4,89.45,0.0,6565.63,Cheque,Bilal Khan,Depot - Multan,Pending,10.0
ORD100709,2025-09-29,CUST2873,Faisalabad,Punjab,Marble,Sunny Grey,Honed,16,353.2,189.28,10.0,60168.33,Credit (30 days),Fahad Malik,Depot - Lahore,Delivered,6.0
ORD103416,2024-03-31,CUST3457,Rawalpindi,Punjab,Marble,Chaghi Golden,Flamed,18,185.9,162.4,0.0,30190.16,Cash,Bilal Khan,Depot - Karachi,Pending,6.0
ORD101254,2024-07-20,CUST2462,Chiniot,Punjab,Granite,Teri White,Polished,30,179.1,395.32,0.0,70801.81,Bank Transfer,Saad Iqbal,Depot - Multan,Delivered,5.0
ORD101794,2025-12-04,CUST1416,Peshawar,KPK,Granite,Emperador Brown,Flamed,18,82.0,289.21,15.0,20157.94,Bank Transfer,Hamza Sheikh,Depot - Multan,Pending,6.0
ORD101707,2025-02-06,CUST1468,Chiniot,Punjab,Marble,Botticino Beige,Polished,30,73.4,179.98,0.0,13210.53,Cash,Tariq Mehmood,Depot - Multan,Delivered,5.0
ORD101598,2025-03-07,CUST1639,Chiniot,Punjab,Granite,Chaghi Golden,Polished,30,99.6,298.87,5.0,28279.08,Cheque,Usman Tariq,Depot - Multan,In Transit,6.0
ORD104886,2024-12-16,CUST1828,Karachi,Sindh,Marble,Rangeela Marble,Honed,16,27.8,140.12,0.0,3895.34,Bank Transfer,Bilal Khan,Depot - Karachi,Pending,5.0
ORD103026,2024-12-29,CUST3345,Gujranwala,Punjab,Granite,Teri White,Polished,22,145.5,207.51,0.0,30192.7,Cash,Zain Abbas,Depot - Lahore,Delivered,2.0
ORD101075,2025-09-25,CUST3229,Islamabad,Federal,Marble,Botticino Beige,Honed,20,105.1,168.53,0.0,17712.5,Bank Transfer,Usman Tariq,Main Yard - Chiniot,Cancelled,5.0
ORD100468,2024-05-23,CUST2951,Quetta,Balochistan,Marble,Teri White,Polished,16,266.5,163.98,0.0,43700.67,Cheque,Fahad Malik,Depot - Multan,Delivered,8.0
ORD104211,2025-02-09,CUST3010,Gujranwala,Punjab,Tile,Black Galaxy,Leather,18,20.0,80.94,0.0,1618.8,Cheque,Fahad Malik,Depot - Lahore,Delivered,9.0
ORD104268,2024-07-19,CUST1342,Karachi,Sindh,Tile,Emperador Brown,Polished,22,60.6,84.28,10.0,4596.63,Bank Transfer,Usman Tariq,Depot - Karachi,Cancelled,5.0
ORD100096,2024-07-29,CUST1197,Peshawar,KPK,Marble,Chaghi Golden,Flamed,30,74.9,278.96,0.0,20894.1,Bank Transfer,Zain Abbas,Main Yard - Chiniot,Delivered,7.0
ORD100132,2024-09-19,CUST1386,Mianwali,Punjab,Marble,Sunny Grey,Polished,22,62.2,230.67,10.0,12912.91,Bank Transfer,Usman Tariq,Depot - Karachi,Delivered,11.0
ORD102785,2025-05-25,CUST3412,Multan,Punjab,Granite,Sunny Grey,Honed,18,20.0,250.71,0.0,5014.2,Cash,Zain Abbas,Main Yard - Chiniot,Pending,6.0
ORD103114,2024-10-23,CUST2925,Peshawar,KPK,Granite,Ziarat White,Flamed,30,47.5,193.5,5.0,8731.69,Cash,Hamza Sheikh,Depot - Multan,Delivered,5.0
ORD101049,2024-07-21,CUST1400,Gujranwala,Punjab,Granite,Botticino Beige,Polished,22,63.5,277.41,10.0,15853.98,Cash,Hamza Sheikh,Depot - Multan,Cancelled,5.0
ORD104434,2024-04-23,CUST3175,Mianwali,Punjab,Granite,Emperador Brown,Polished,20,155.0,289.66,0.0,44897.3,Cash,Hamza Sheikh,Main Yard - Chiniot,Pending,6.0
ORD101272,2025-04-02,CUST3339,Lahore,Punjab,Marble,Multi Red,Polished,30,118.6,228.22,0.0,27066.89,Credit (30 days),Bilal Khan,Main Yard - Chiniot,Delivered,5.0
ORD103722,2024-08-26,CUST2751,Sialkot,Punjab,Granite,Buff Marble,Polished,20,90.7,229.12,5.0,19742.12,Cash,Fahad Malik,Depot - Multan,Delivered,7.0
ORD101453,2024-08-05,CUST3347,Chiniot,Punjab,Tile,Rangeela Marble,Polished,22,45.1,99.75,0.0,4498.73,Bank Transfer,Tariq Mehmood,Depot - Karachi,Delivered,9.0
ORD103893,2024-01-28,CUST1132,Islamabad,Federal,Marble,Sunny Grey,Honed,30,56.8,230.76,15.0,11141.09,Bank Transfer,Tariq Mehmood,Depot - Multan,Delivered,10.0
ORD104878,2024-04-20,CUST1474,Islamabad,Federal,Marble,Sunny Grey,Polished,18,157.9,162.5,15.0,21809.94,Bank Transfer,Ahmed Raza,Depot - Karachi,Cancelled,7.0
ORD102471,2024-10-21,CUST1169,Rawalpindi,Punjab,Marble,Ziarat White,Honed,20,387.2,188.07,10.0,65538.63,Credit (30 days),Fahad Malik,Main Yard - Chiniot,Delivered,11.0
ORD103130,2025-01-01,CUST1816,Gujranwala,Punjab,Marble,Rangeela Marble,Polished,20,69.2,202.35,5.0,13302.49,Credit (30 days),Hamza Sheikh,Main Yard - Chiniot,Delivered,8.0
ORD104754,2024-12-05,CUST3046,Peshawar,KPK,Marble,Rangeela Marble,Honed,22,20.0,151.42,15.0,2574.14,Bank Transfer,Saad Iqbal,Depot - Multan,Delivered,5.0
ORD102507,2024-10-02,CUST2207,Faisalabad,Punjab,Marble,Buff Marble,Polished,20,77.2,234.2,0.0,18080.24,Cash,Hamza Sheikh,Depot - Lahore,Cancelled,5.0
ORD100300,2025-11-27,CUST2624,Faisalabad,Punjab,Onyx,Sunny Grey,Honed,30,103.4,583.6,0.0,60344.24,Cash,Usman Tariq,Depot - Multan,Pending,2.0
ORD103741,2024-06-10,CUST3324,Gujranwala,Punjab,Granite,Rangeela Marble,Polished,22,46.4,325.43,0.0,15099.95,Cash,Bilal Khan,Depot - Karachi,Delivered,5.0
ORD102679,2024-10-13,CUST2160,Lahore,Punjab,Marble,Teri White,Bush Hammered,22,83.8,210.77,0.0,17662.53,Bank Transfer,Usman Tariq,Main Yard - Chiniot,Delivered,8.0
ORD101920,2024-06-22,CUST3126,Multan,Punjab,Tile,Indus Green,Honed,18,86.0,80.01,0.0,6880.86,Bank Transfer,Zain Abbas,Main Yard - Chiniot,In Transit,9.0
ORD103856,2025-07-01,CUST2335,Mianwali,Punjab,Marble,Buff Marble,Polished,30,258.4,156.01,0.0,40312.98,Cash,Saad Iqbal,Depot - Karachi,Pending,5.0
ORD100116,2024-09-06,CUST1562,Quetta,Balochistan,Granite,Multi Red,Honed,30,88.3,334.55,5.0,28063.73,Cash,Usman Tariq,Depot - Lahore,Pending,11.0
ORD103700,2025-05-22,CUST1119,Peshawar,KPK,Marble,Buff Marble,Polished,18,20.0,167.24,0.0,3344.8,Cash,Bilal Khan,Main Yard - Chiniot,Delivered,4.0
ORD100026,2025-01-08,CUST3048,Gujranwala,Punjab,Onyx,Ziarat White,Polished,16,160.9,404.53,0.0,65088.88,Credit (30 days),Tariq Mehmood,Depot - Karachi,Delivered,9.0
ORD101918,2025-12-06,CUST2147,Islamabad,Federal,Marble,Botticino Beige,Polished,16,52.0,148.82,0.0,7738.64,Cash,Ahmed Raza,Main Yard - Chiniot,Delivered,7.0
ORD100763,2024-09-05,CUST1047,Peshawar,KPK,Tile,Ziarat White,Honed,22,209.6,60.8,15.0,10832.13,Credit (30 days),Zain Abbas,Depot - Karachi,Pending,6.0
ORD102751,2024-10-24,CUST1328,Peshawar,KPK,Marble,Chiniot Black,Polished,16,57.1,198.72,10.0,10212.22,Bank Transfer,Saad Iqbal,Depot - Lahore,Cancelled,6.0
ORD103766,2025-08-11,CUST3170,Rawalpindi,Punjab,Marble,Multi Red,Polished,18,231.0,214.63,0.0,49579.53,Cash,Ahmed Raza,Depot - Lahore,Delivered,8.0
ORD104909,2025-01-01,CUST2466,Lahore,Punjab,Marble,Ziarat White,Polished,16,59.4,244.86,0.0,14544.68,Bank Transfer,Zain Abbas,Depot - Karachi,Delivered,9.0
ORD100509,2024-03-19,CUST2384,Karachi,Sindh,Marble,Indus Green,Polished,20,116.6,147.32,10.0,15459.76,Cheque,Zain Abbas,Depot - Lahore,Delivered,11.0
ORD100844,2024-10-18,CUST2825,Mianwali,Punjab,Granite,Rangeela Marble,Polished,16,68.1,272.61,0.0,18564.74,Cash,Zain Abbas,Depot - Lahore,Delivered,13.0
ORD104619,2024-05-16,CUST3412,Rawalpindi,Punjab,Marble,Chiniot Black,Polished,18,234.3,152.99,0.0,35845.56,Credit (30 days),Hamza Sheikh,Depot - Multan,Cancelled,4.0
ORD101926,2024-04-20,CUST2948,Mianwali,Punjab,Marble,Teri White,Polished,30,254.5,163.13,0.0,41516.58,Cash,Tariq Mehmood,Depot - Karachi,Delivered,7.0
ORD103278,2025-04-29,CUST1348,Rawalpindi,Punjab,Marble,Ziarat White,Polished,22,293.3,208.09,0.0,61032.8,Bank Transfer,Usman Tariq,Depot - Karachi,Delivered,11.0
ORD100385,2025-02-16,CUST1686,Islamabad,Federal,Marble,Multi Red,Polished,22,32.2,200.69,5.0,6139.11,Cash,Tariq Mehmood,Depot - Multan,Cancelled,6.0
ORD101135,2024-09-23,CUST1923,Karachi,Sindh,Marble,Indus Green,Honed,22,96.9,188.73,0.0,18287.94,Bank Transfer,Saad Iqbal,Depot - Lahore,In Transit,3.0
ORD104763,2025-06-28,CUST2713,Islamabad,Federal,Granite,Ziarat White,Polished,18,312.5,275.77,10.0,77560.31,Cash,Tariq Mehmood,Depot - Multan,Cancelled,4.0
ORD103645,2025-08-15,CUST1029,Mianwali,Punjab,Marble,Teri White,Honed,20,72.3,214.46,0.0,15505.46,Cheque,Ahmed Raza,Main Yard - Chiniot,Cancelled,3.0
ORD102225,2025-11-03,CUST2626,Karachi,Sindh,Tile,Buff Marble,Leather,30,264.1,86.29,0.0,22789.19,Cheque,Zain Abbas,Main Yard - Chiniot,Delivered,11.0
ORD102801,2025-12-17,CUST3476,Chiniot,Punjab,Marble,Chiniot Black,Polished,22,51.1,178.11,10.0,8191.28,Cash,Zain Abbas,Main Yard - Chiniot,Cancelled,9.0
ORD104573,2025-05-07,CUST3416,Islamabad,Federal,Tile,Buff Marble,Polished,22,113.2,86.8,0.0,9825.76,Cash,Fahad Malik,Depot - Multan,Delivered,7.0
ORD103518,2025-06-16,CUST3007,Lahore,Punjab,Marble,Indus Green,Polished,18,145.5,185.19,0.0,26945.14,Credit (30 days),Hamza Sheikh,Depot - Karachi,Pending,9.0
ORD104551,2025-01-12,CUST2155,Peshawar,KPK,Marble,Rangeela Marble,Flamed,22,99.0,193.25,5.0,18175.16,Cash,Hamza Sheikh,Depot - Multan,Delivered,8.0
ORD104033,2025-02-26,CUST3337,Faisalabad,Punjab,Marble,Chaghi Golden,Polished,20,53.7,168.12,0.0,9028.04,Cheque,Bilal Khan,Depot - Lahore,Delivered,6.0
ORD104167,2024-10-26,CUST3440,Sialkot,Punjab,Granite,Chaghi Golden,Polished,16,240.1,264.87,0.0,63595.29,Credit (30 days),Saad Iqbal,Depot - Karachi,Cancelled,10.0
ORD102748,2024-07-05,CUST2366,Lahore,Punjab,Granite,Black Galaxy,Polished,18,47.0,292.04,0.0,13725.88,Cheque,Tariq Mehmood,Depot - Lahore,Delivered,4.0
ORD100573,2024-06-04,CUST3062,Quetta,Balochistan,Granite,Ziarat White,Honed,18,153.6,289.86,0.0,44522.5,Bank Transfer,Hamza Sheikh,Main Yard - Chiniot,Cancelled,7.0
ORD103294,2024-05-23,CUST2399,Mianwali,Punjab,Tile,Ziarat White,Leather,22,134.9,72.98,0.0,9845.0,Credit (30 days),Fahad Malik,Depot - Karachi,In Transit,4.0
ORD104130,2025-07-21,CUST3225,Mianwali,Punjab,Onyx,Rangeela Marble,Polished,18,42.5,515.81,10.0,19729.73,Cheque,Hamza Sheikh,Depot - Multan,In Transit,4.0
ORD104516,2024-05-24,CUST1978,Faisalabad,Punjab,Marble,Indus Green,Polished,20,245.1,204.3,0.0,50073.93,Bank Transfer,Usman Tariq,Depot - Multan,Delivered,6.0
ORD102124,2025-05-16,CUST3164,Quetta,Balochistan,Onyx,Sunny Grey,Honed,20,68.8,494.67,0.0,34033.3,Credit (30 days),Hamza Sheikh,Depot - Multan,Pending,9.0
ORD104202,2024-11-22,CUST2036,Chiniot,Punjab,Onyx,Chaghi Golden,Flamed,30,53.0,423.5,0.0,22445.5,Credit (30 days),Saad Iqbal,Depot - Karachi,Delivered,7.0
ORD103509,2024-07-25,CUST1980,Peshawar,KPK,Tile,Chaghi Golden,Polished,20,141.0,82.93,0.0,11693.13,Bank Transfer,Usman Tariq,Depot - Karachi,Cancelled,8.0
ORD101749,2025-07-16,CUST2968,Karachi,Sindh,Granite,Black Galaxy,Polished,20,20.0,341.97,0.0,6839.4,Cash,Usman Tariq,Depot - Multan,Delivered,7.0
ORD104654,2025-07-07,CUST1739,Islamabad,Federal,Onyx,Botticino Beige,Polished,22,43.7,392.58,0.0,17155.75,Bank Transfer,Usman Tariq,Depot - Lahore,Delivered,10.0
ORD100905,2024-07-13,CUST2197,Multan,Punjab,Marble,Chaghi Golden,Polished,30,176.0,235.28,15.0,35197.89,Bank Transfer,Hamza Sheikh,Depot - Multan,Pending,7.0
ORD101079,2024-09-30,CUST1485,Islamabad,Federal,Granite,Indus Green,Polished,22,142.9,237.37,0.0,33920.17,Cash,Usman Tariq,Depot - Lahore,In Transit,8.0
ORD101646,2024-03-05,CUST2855,Gujranwala,Punjab,Marble,Emperador Brown,Leather,22,122.5,209.4,0.0,25651.5,Bank Transfer,Hamza Sheikh,Depot - Multan,Cancelled,7.0
ORD103249,2025-08-26,CUST1881,Faisalabad,Punjab,Marble,Chiniot Black,Polished,20,117.5,192.04,0.0,22564.7,Cash,Bilal Khan,Main Yard - Chiniot,Delivered,8.0
ORD102768,2024-09-20,CUST2367,Rawalpindi,Punjab,Tile,Sunny Grey,Flamed,18,114.4,86.49,0.0,9894.46,Cash,Bilal Khan,Depot - Karachi,Pending,7.0
ORD100263,2024-03-09,CUST1693,Peshawar,KPK,Marble,Botticino Beige,Honed,20,114.6,169.78,0.0,19456.79,Credit (30 days),Bilal Khan,Depot - Karachi,Delivered,6.0
ORD101582,2024-01-21,CUST1469,Rawalpindi,Punjab,Marble,Buff Marble,Polished,20,38.3,153.94,0.0,5895.9,Cheque,Bilal Khan,Depot - Multan,Delivered,4.0
ORD101799,2025-06-24,CUST1613,Lahore,Punjab,Marble,Rangeela Marble,Flamed,20,232.4,194.14,0.0,45118.14,Bank Transfer,Fahad Malik,Main Yard - Chiniot,Pending,10.0
ORD100658,2024-05-25,CUST3085,Rawalpindi,Punjab,Marble,Teri White,Flamed,16,216.4,157.39,0.0,34059.2,Bank Transfer,Hamza Sheikh,Main Yard - Chiniot,In Transit,7.0
ORD102454,2025-02-22,CUST3395,Peshawar,KPK,Tile,Botticino Beige,Leather,18,48.4,76.1,5.0,3499.08,Cash,Saad Iqbal,Depot - Multan,Delivered,5.0
ORD100770,2024-03-07,CUST2719,Rawalpindi,Punjab,Tile,Multi Red,Leather,16,211.4,84.64,10.0,16103.61,Cheque,Fahad Malik,Depot - Multan,In Transit,8.0
ORD100510,2025-06-08,CUST1540,Rawalpindi,Punjab,Granite,Ziarat White,Polished,22,212.8,207.66,0.0,44190.05,Cash,Saad Iqbal,Depot - Karachi,Pending,16.0
ORD101263,2024-06-01,CUST1365,Mianwali,Punjab,Marble,Botticino Beige,Polished,30,173.9,190.53,0.0,33133.17,Credit (30 days),Usman Tariq,Depot - Multan,In Transit,5.0
ORD104403,2024-04-29,CUST3018,Quetta,Balochistan,Marble,Black Galaxy,Polished,30,98.2,185.38,0.0,18204.32,Bank Transfer,Ahmed Raza,Main Yard - Chiniot,Cancelled,6.0
ORD100027,2024-02-20,CUST1763,Lahore,Punjab,Marble,Botticino Beige,Polished,18,62.6,157.65,0.0,9868.89,Bank Transfer,Fahad Malik,Depot - Karachi,Pending,11.0
ORD103104,2025-10-14,CUST2698,Mianwali,Punjab,Granite,Buff Marble,Honed,16,26.4,281.88,0.0,7441.63,Bank Transfer,Usman Tariq,Depot - Multan,Delivered,10.0
ORD103352,2025-04-23,CUST2219,Peshawar,KPK,Granite,Emperador Brown,Honed,20,557.3,184.32,0.0,102721.54,Credit (30 days),Tariq Mehmood,Depot - Multan,Pending,6.0
ORD102252,2025-11-04,CUST2358,Sialkot,Punjab,Tile,Black Galaxy,Flamed,22,47.5,135.41,10.0,5788.78,Cheque,Zain Abbas,Main Yard - Chiniot,In Transit,6.0
ORD104536,2025-06-25,CUST1476,Islamabad,Federal,Marble,Botticino Beige,Flamed,20,143.7,198.4,0.0,28510.08,Credit (30 days),Tariq Mehmood,Depot - Karachi,Cancelled,9.0
ORD104021,2025-03-03,CUST3292,Sialkot,Punjab,Marble,Chiniot Black,Polished,20,265.9,214.03,0.0,56910.58,Cheque,Zain Abbas,Main Yard - Chiniot,Delivered,6.0
ORD101814,2024-04-10,CUST1480,Sialkot,Punjab,Marble,Indus Green,Honed,16,62.6,162.64,10.0,9163.14,Cheque,Zain Abbas,Depot - Karachi,Delivered,7.0
ORD102296,2024-03-09,CUST1775,Chiniot,Punjab,Marble,Chiniot Black,Polished,20,99.1,180.04,0.0,17841.96,Credit (30 days),Hamza Sheikh,Depot - Karachi,In Transit,10.0
ORD103600,2025-04-26,CUST1924,Rawalpindi,Punjab,Granite,Ziarat White,Polished,22,154.9,264.24,0.0,40930.78,Cash,Zain Abbas,Depot - Karachi,Cancelled,7.0
ORD101947,2025-03-11,CUST2621,Rawalpindi,Punjab,Granite,Botticino Beige,Polished,22,36.0,317.6,15.0,9718.56,Cheque,Usman Tariq,Depot - Lahore,In Transit,3.0
ORD103469,2024-04-08,CUST1402,Quetta,Balochistan,Onyx,Botticino Beige,Polished,22,277.0,454.16,5.0,119512.2,Credit (30 days),Tariq Mehmood,Main Yard - Chiniot,Delivered,8.0
ORD100718,2025-07-02,CUST3155,Rawalpindi,Punjab,Marble,Ziarat White,Honed,30,55.7,209.67,5.0,11094.69,Bank Transfer,Ahmed Raza,Depot - Lahore,In Transit,6.0
ORD103000,2024-03-08,CUST2569,Mianwali,Punjab,Marble,Sunny Grey,Polished,20,20.0,238.66,0.0,4773.2,Credit (30 days),Usman Tariq,Depot - Multan,Delivered,5.0
ORD103765,2025-07-20,CUST1166,Gujranwala,Punjab,Marble,Indus Green,Flamed,16,127.4,177.41,0.0,22602.03,Bank Transfer,Saad Iqbal,Depot - Karachi,Cancelled,11.0
ORD102485,2025-10-19,CUST1375,Karachi,Sindh,Granite,Multi Red,Polished,30,132.6,298.65,0.0,39600.99,Cash,Usman Tariq,Depot - Karachi,In Transit,6.0
ORD101178,2025-09-23,CUST2389,Sialkot,Punjab,Marble,Chaghi Golden,Polished,20,153.3,178.21,0.0,27319.59,Cash,Ahmed Raza,Depot - Multan,Delivered,4.0
ORD102297,2025-10-07,CUST3034,Mianwali,Punjab,Tile,Indus Green,Honed,20,255.4,114.64,0.0,29279.06,Cheque,Saad Iqbal,Main Yard - Chiniot,Cancelled,8.0
ORD104500,2024-04-15,CUST3489,Peshawar,KPK,Marble,Indus Green,Polished,22,239.4,200.46,0.0,47990.12,Cash,Ahmed Raza,Depot - Multan,Delivered,9.0
ORD100647,2024-03-10,CUST2026,Lahore,Punjab,Onyx,Emperador Brown,Polished,20,188.5,487.82,0.0,91954.07,Cash,Hamza Sheikh,Depot - Multan,Cancelled,4.0
ORD104134,2025-04-05,CUST2389,Mianwali,Punjab,Marble,Chiniot Black,Polished,30,176.0,244.47,0.0,43026.72,Credit (30 days),Ahmed Raza,Depot - Karachi,Delivered,4.0
ORD104179,2025-09-23,CUST2872,Lahore,Punjab,Tile,Buff Marble,Flamed,30,50.6,97.2,0.0,4918.32,Bank Transfer,Usman Tariq,Main Yard - Chiniot,In Transit,3.0
ORD103392,2025-09-20,CUST2138,Mianwali,Punjab,Marble,Buff Marble,Polished,30,145.2,200.36,0.0,29092.27,Bank Transfer,Tariq Mehmood,Depot - Karachi,Delivered,6.0
ORD102018,2025-04-09,CUST3259,Sialkot,Punjab,Granite,Ziarat White,Honed,30,126.2,323.55,0.0,40832.01,Credit (30 days),Saad Iqbal,Depot - Karachi,Delivered,5.0
ORD104582,2024-06-29,CUST1844,Faisalabad,Punjab,Marble,Sunny Grey,Polished,30,20.6,140.24,0.0,2888.94,Cheque,Hamza Sheikh,Main Yard - Chiniot,Cancelled,7.0
ORD100517,2024-03-06,CUST1461,Chiniot,Punjab,Marble,Ziarat White,Honed,16,67.9,220.45,0.0,14968.56,Bank Transfer,Fahad Malik,Depot - Lahore,In Transit,6.0
ORD102172,2024-01-21,CUST2289,Multan,Punjab,Granite,Emperador Brown,Flamed,30,145.2,316.11,0.0,45899.17,Cash,Usman Tariq,Main Yard - Chiniot,In Transit,8.0
ORD104133,2024-04-16,CUST1153,Chiniot,Punjab,Marble,Teri White,Honed,20,125.4,127.21,0.0,15952.13,Bank Transfer,Bilal Khan,Depot - Lahore,Delivered,11.0
ORD104074,2025-02-07,CUST2364,Peshawar,KPK,Marble,Multi Red,Polished,16,86.0,158.43,10.0,12262.48,Cheque,Hamza Sheikh,Depot - Lahore,Delivered,2.0
ORD102921,2024-02-07,CUST2959,Faisalabad,Punjab,Onyx,Multi Red,Polished,22,20.0,406.08,0.0,8121.6,Credit (30 days),Hamza Sheikh,Depot - Lahore,Delivered,6.0
ORD102424,2024-07-23,CUST3029,Rawalpindi,Punjab,Marble,Black Galaxy,Polished,18,42.9,177.12,0.0,7598.45,Cheque,Usman Tariq,Depot - Multan,Delivered,6.0
ORD102847,2025-09-28,CUST2824,Peshawar,KPK,Granite,Multi Red,Polished,30,20.0,340.39,0.0,6807.8,Cash,Usman Tariq,Depot - Lahore,Delivered,6.0
ORD104902,2024-12-20,CUST3443,Chiniot,Punjab,Marble,Ziarat White,Flamed,20,52.2,139.68,10.0,6562.17,Cash,Fahad Malik,Main Yard - Chiniot,Delivered,4.0
ORD100018,2024-01-16,CUST1753,Mianwali,Punjab,Marble,Rangeela Marble,Leather,20,142.2,200.34,0.0,28488.35,Credit (30 days),Hamza Sheikh,Depot - Karachi,Pending,6.0
ORD100266,2024-07-14,CUST2723,Rawalpindi,Punjab,Granite,Multi Red,Polished,30,70.5,303.28,0.0,21381.24,Cash,Tariq Mehmood,Depot - Karachi,Delivered,4.0
ORD102116,2025-12-28,CUST1932,Faisalabad,Punjab,Marble,Chaghi Golden,Honed,30,20.2,177.39,15.0,3045.79,Credit (30 days),Hamza Sheikh,Depot - Multan,In Transit,7.0
ORD101073,2024-11-01,CUST2199,Islamabad,Federal,Marble,Chaghi Golden,Polished,30,720.1,213.34,0.0,153626.13,Cash,Bilal Khan,Depot - Multan,Delivered,7.0
ORD102213,2024-12-20,CUST1560,Gujranwala,Punjab,Onyx,Botticino Beige,Flamed,22,59.0,366.24,0.0,21608.16,Bank Transfer,Bilal Khan,Depot - Lahore,Delivered,12.0
ORD104862,2025-12-23,CUST1976,Mianwali,Punjab,Tile,Indus Green,Polished,18,177.7,100.86,0.0,17922.82,Cheque,Ahmed Raza,Depot - Multan,Delivered,11.0
ORD100891,2025-11-22,CUST2338,Multan,Punjab,Tile,Emperador Brown,Polished,22,367.2,101.23,0.0,37171.66,Bank Transfer,Hamza Sheikh,Depot - Karachi,In Transit,10.0
ORD101294,2024-06-07,CUST2248,Islamabad,Federal,Onyx,Botticino Beige,Polished,20,330.3,422.53,0.0,139561.66,Bank Transfer,Saad Iqbal,Depot - Karachi,Delivered,7.0
ORD103258,2024-06-29,CUST2277,Islamabad,Federal,Tile,Botticino Beige,Honed,20,290.7,92.95,0.0,27020.56,Cash,Fahad Malik,Depot - Multan,Delivered,8.0
ORD104580,2024-09-07,CUST1276,Gujranwala,Punjab,Marble,Rangeela Marble,Polished,22,20.0,256.89,0.0,5137.8,Cash,Fahad Malik,Depot - Lahore,Pending,4.0
ORD102690,2024-06-19,CUST1806,Multan,Punjab,Marble,Chaghi Golden,Polished,20,40.9,172.64,10.0,6354.88,Cheque,Hamza Sheikh,Depot - Lahore,Pending,5.0
ORD102732,2025-04-08,CUST1095,Faisalabad,Punjab,Tile,Sunny Grey,Polished,22,209.4,98.56,0.0,20638.46,Credit (30 days),Ahmed Raza,Depot - Multan,Pending,7.0
ORD100787,2025-03-30,CUST2308,Chiniot,Punjab,Marble,Chaghi Golden,Polished,18,192.5,201.47,0.0,38782.98,Cheque,Bilal Khan,Depot - Karachi,Cancelled,5.0
ORD101692,2024-06-23,CUST1634,Karachi,Sindh,Marble,Multi Red,Polished,16,35.3,188.8,0.0,6664.64,Credit (30 days),Tariq Mehmood,Depot - Lahore,Delivered,3.0
ORD103523,2025-09-09,CUST3198,Islamabad,Federal,Marble,Black Galaxy,Polished,20,93.6,171.39,0.0,16042.1,Bank Transfer,Fahad Malik,Depot - Multan,Delivered,9.0
ORD101911,2024-01-14,CUST1420,Chiniot,Punjab,Marble,Rangeela Marble,Polished,16,109.7,188.43,0.0,20670.77,Cash,Zain Abbas,Main Yard - Chiniot,Cancelled,5.0
ORD100210,2025-06-30,CUST1390,Faisalabad,Punjab,Granite,Ziarat White,Polished,30,98.8,344.93,0.0,34079.08,Bank Transfer,Saad Iqbal,Depot - Karachi,In Transit,8.0
ORD104297,2024-11-01,CUST1454,Quetta,Balochistan,Marble,Indus Green,Polished,22,109.4,179.22,0.0,19606.67,Cheque,Ahmed Raza,Depot - Karachi,Delivered,6.0
ORD104032,2024-09-22,CUST1903,Islamabad,Federal,Marble,Indus Green,Polished,18,391.4,184.59,0.0,72248.53,Credit (30 days),Fahad Malik,Depot - Lahore,Delivered,7.0
ORD103499,2024-06-19,CUST1224,Chiniot,Punjab,Tile,Ziarat White,Polished,30,179.8,90.98,0.0,16358.2,Bank Transfer,Zain Abbas,Depot - Karachi,Delivered,5.0
ORD104105,2025-04-07,CUST1819,Peshawar,KPK,Marble,Teri White,Flamed,30,154.6,161.1,0.0,24906.06,Credit (30 days),Fahad Malik,Depot - Karachi,Delivered,5.0
ORD103714,2024-10-29,CUST1418,Chiniot,Punjab,Tile,Buff Marble,Honed,18,291.0,85.57,0.0,24900.87,Bank Transfer,Saad Iqbal,Main Yard - Chiniot,Pending,7.0
ORD100059,2025-11-05,CUST1885,Gujranwala,Punjab,Marble,Sunny Grey,Flamed,16,120.6,186.99,10.0,20295.89,Credit (30 days),Hamza Sheikh,Depot - Lahore,Pending,4.0
ORD102625,2025-10-23,CUST3499,Gujranwala,Punjab,Onyx,Buff Marble,Polished,18,218.7,242.12,0.0,52951.64,Bank Transfer,Saad Iqbal,Depot - Multan,Delivered,6.0
ORD102988,2024-07-09,CUST3104,Rawalpindi,Punjab,Granite,Indus Green,Polished,18,70.4,212.16,0.0,14936.06,Cheque,Ahmed Raza,Main Yard - Chiniot,Pending,3.0
ORD100131,2025-05-16,CUST2751,Islamabad,Federal,Tile,Chaghi Golden,Leather,18,204.4,107.15,10.0,19711.31,Bank Transfer,Hamza Sheikh,Depot - Lahore,Pending,9.0
ORD103492,2024-03-06,CUST3098,Multan,Punjab,Tile,Rangeela Marble,Polished,30,150.0,92.44,10.0,12479.4,Credit (30 days),Hamza Sheikh,Depot - Multan,Cancelled,12.0
ORD103960,2025-07-15,CUST2733,Islamabad,Federal,Granite,Multi Red,Polished,20,25.6,328.65,0.0,8413.44,Cheque,Usman Tariq,Depot - Karachi,Pending,9.0
ORD100281,2024-06-07,CUST1947,Sialkot,Punjab,Onyx,Ziarat White,Polished,20,277.4,476.41,0.0,132156.13,Cash,Hamza Sheikh,Depot - Lahore,Pending,6.0
ORD101697,2025-03-08,CUST2420,Faisalabad,Punjab,Granite,Emperador Brown,Polished,22,87.3,170.88,0.0,14917.82,Bank Transfer,Usman Tariq,Depot - Multan,Pending,14.0
ORD104543,2024-09-23,CUST1821,Peshawar,KPK,Granite,Emperador Brown,Leather,22,206.3,287.11,0.0,59230.79,Cash,Usman Tariq,Depot - Lahore,Delivered,9.0
ORD102606,2025-12-05,CUST1770,Multan,Punjab,Marble,Chaghi Golden,Flamed,22,23.5,217.87,0.0,5119.94,Credit (30 days),Tariq Mehmood,Depot - Lahore,In Transit,6.0
ORD103635,2025-05-27,CUST1284,Rawalpindi,Punjab,Tile,Chaghi Golden,Leather,18,57.6,75.02,10.0,3889.04,Credit (30 days),Usman Tariq,Depot - Lahore,Pending,7.0
ORD101986,2025-10-20,CUST2891,Multan,Punjab,Marble,Indus Green,Flamed,18,250.9,187.45,15.0,39976.52,Bank Transfer,Usman Tariq,Main Yard - Chiniot,Delivered,7.0
ORD100212,2025-09-26,CUST1254,Mianwali,Punjab,Granite,Multi Red,Polished,30,113.3,250.69,0.0,28403.18,Credit (30 days),Ahmed Raza,Depot - Karachi,Delivered,8.0
ORD102308,2025-03-04,CUST1873,Peshawar,KPK,Marble,Botticino Beige,Honed,16,85.5,198.56,0.0,16976.88,Cheque,Fahad Malik,Depot - Multan,Cancelled,11.0
ORD104305,2025-01-26,CUST1346,Mianwali,Punjab,Marble,Black Galaxy,Polished,30,70.2,208.24,0.0,14618.45,Credit (30 days),Hamza Sheikh,Depot - Multan,Pending,7.0
ORD103966,2024-10-15,CUST2845,Gujranwala,Punjab,Marble,Emperador Brown,Leather,30,32.7,232.82,0.0,7613.21,Bank Transfer,Ahmed Raza,Depot - Karachi,In Transit,10.0
ORD102838,2025-02-15,CUST3008,Sialkot,Punjab,Granite,Emperador Brown,Polished,22,107.1,275.97,0.0,29556.39,Bank Transfer,Tariq Mehmood,Main Yard - Chiniot,Delivered,5.0
ORD100000,2024-04-12,CUST1955,Multan,Punjab,Onyx,Teri White,Flamed,18,280.7,437.58,0.0,122828.71,Credit (30 days),Bilal Khan,Depot - Multan,In Transit,1.0
ORD103010,2025-12-30,CUST3166,Karachi,Sindh,Granite,Buff Marble,Polished,30,137.6,205.22,0.0,28238.27,Bank Transfer,Fahad Malik,Depot - Lahore,Delivered,7.0
ORD102997,2025-11-17,CUST1074,Faisalabad,Punjab,Marble,Ziarat White,Polished,22,87.5,202.2,0.0,17692.5,Bank Transfer,Tariq Mehmood,Depot - Lahore,Delivered,8.0
ORD103849,2024-03-31,CUST1133,Karachi,Sindh,Tile,Chiniot Black,Honed,20,55.8,105.74,0.0,5900.29,Credit (30 days),Tariq Mehmood,Depot - Multan,Cancelled,9.0
ORD101656,2024-12-09,CUST1719,Quetta,Balochistan,Marble,Buff Marble,Bush Hammered,22,20.0,258.6,0.0,5172.0,Cash,Hamza Sheikh,Depot - Multan,In Transit,8.0
ORD102953,2024-12-15,CUST1687,Mianwali,Punjab,Granite,Chiniot Black,Honed,30,50.3,261.14,0.0,13135.34,Credit (30 days),Ahmed Raza,Depot - Karachi,Pending,9.0
ORD104413,2025-03-31,CUST2443,Chiniot,Punjab,Marble,Ziarat White,Polished,22,76.2,207.76,0.0,15831.31,Bank Transfer,Bilal Khan,Depot - Multan,In Transit,11.0
ORD101218,2024-02-25,CUST3074,Multan,Punjab,Marble,Black Galaxy,Honed,20,98.1,215.68,0.0,21158.21,Credit (30 days),Ahmed Raza,Main Yard - Chiniot,Delivered,3.0
ORD100669,2025-02-24,CUST1990,Gujranwala,Punjab,Marble,Chiniot Black,Polished,18,20.0,135.88,0.0,2717.6,Bank Transfer,Tariq Mehmood,Depot - Lahore,Cancelled,11.0
ORD103310,2025-10-20,CUST3443,Rawalpindi,Punjab,Granite,Teri White,Polished,20,255.3,251.52,0.0,64213.06,Bank Transfer,Usman Tariq,Main Yard - Chiniot,Delivered,10.0
ORD104182,2025-05-09,CUST2786,Lahore,Punjab,Marble,Ziarat White,Flamed,22,100.9,195.27,0.0,19702.74,Credit (30 days),Tariq Mehmood,Depot - Multan,Delivered,8.0
ORD102339,2024-10-24,CUST1600,Mianwali,Punjab,Marble,Multi Red,Bush Hammered,22,153.4,177.64,5.0,25887.48,Cash,Fahad Malik,Main Yard - Chiniot,Delivered,3.0
ORD103365,2024-09-13,CUST3309,Karachi,Sindh,Marble,Teri White,Polished,18,42.7,162.26,0.0,6928.5,Bank Transfer,Bilal Khan,Depot - Lahore,Delivered,9.0
ORD102850,2024-06-27,CUST2956,Rawalpindi,Punjab,Granite,Ziarat White,Polished,22,152.8,334.09,0.0,51048.95,Cheque,Saad Iqbal,Main Yard - Chiniot,Pending,14.0
ORD100880,2025-02-25,CUST2615,Gujranwala,Punjab,Tile,Chaghi Golden,Polished,20,99.6,88.15,0.0,8779.74,Cash,Ahmed Raza,Main Yard - Chiniot,Delivered,5.0
ORD100714,2024-05-16,CUST1821,Quetta,Balochistan,Marble,Sunny Grey,Polished,18,28.9,185.04,5.0,5080.27,Bank Transfer,Hamza Sheikh,Depot - Karachi,Delivered,5.0
ORD104214,2024-10-28,CUST2679,Peshawar,KPK,Granite,Botticino Beige,Polished,18,208.6,200.2,10.0,37585.55,Cash,Tariq Mehmood,Main Yard - Chiniot,Pending,9.0
ORD101147,2024-10-06,CUST2660,Rawalpindi,Punjab,Marble,Indus Green,Bush Hammered,22,34.8,145.49,10.0,4556.75,Cash,Fahad Malik,Main Yard - Chiniot,Delivered,7.0
ORD104309,2024-10-20,CUST3373,Islamabad,Federal,Marble,Rangeela Marble,Polished,16,52.8,225.55,0.0,11909.04,Cash,Zain Abbas,Main Yard - Chiniot,Delivered,7.0
ORD104984,2025-12-21,CUST1041,Quetta,Balochistan,Marble,Botticino Beige,Honed,20,72.2,181.48,0.0,13102.86,Cheque,Usman Tariq,Depot - Multan,Delivered,8.0
ORD104698,2024-09-01,CUST3497,Mianwali,Punjab,Marble,Chiniot Black,Flamed,22,69.5,169.49,0.0,11779.56,Credit (30 days),Saad Iqbal,Depot - Lahore,Delivered,2.0
ORD104479,2025-07-02,CUST1759,Quetta,Balochistan,Marble,Rangeela Marble,Honed,30,36.5,149.31,0.0,5449.82,Cash,Bilal Khan,Depot - Karachi,Delivered,6.0
ORD100975,2025-01-28,CUST2292,Islamabad,Federal,Tile,Indus Green,Honed,20,32.6,87.92,0.0,2866.19,Bank Transfer,Bilal Khan,Depot - Multan,Delivered,5.0
ORD102624,2025-08-14,CUST2774,Quetta,Balochistan,Onyx,Botticino Beige,Polished,16,20.0,413.49,15.0,7029.33,Cash,Ahmed Raza,Depot - Multan,Pending,6.0
ORD102687,2024-06-18,CUST3391,Sialkot,Punjab,Marble,Botticino Beige,Polished,30,94.3,218.55,0.0,20609.26,Cheque,Bilal Khan,Depot - Multan,Delivered,6.0
ORD100202,2025-07-07,CUST1870,Peshawar,KPK,Marble,Black Galaxy,Polished,16,33.4,216.7,10.0,6514.0,Bank Transfer,Tariq Mehmood,Main Yard - Chiniot,Delivered,14.0
ORD102590,2024-06-28,CUST2668,Rawalpindi,Punjab,Tile,Chaghi Golden,Polished,22,263.3,82.68,0.0,21769.64,Credit (30 days),Tariq Mehmood,Depot - Multan,Delivered,5.0
ORD103498,2024-05-07,CUST2917,Gujranwala,Punjab,Marble,Multi Red,Polished,30,224.6,166.81,0.0,37465.53,Cash,Zain Abbas,Main Yard - Chiniot,In Transit,4.0
ORD102550,2024-04-04,CUST2917,Karachi,Sindh,Marble,Indus Green,Polished,22,30.8,152.52,0.0,4697.62,Bank Transfer,Fahad Malik,Main Yard - Chiniot,Pending,7.0
ORD100039,2024-06-05,CUST1984,Karachi,Sindh,Marble,Botticino Beige,Honed,20,220.3,221.77,0.0,48855.93,Cash,Hamza Sheikh,Depot - Multan,Delivered,7.0
ORD102014,2024-10-23,CUST3031,Mianwali,Punjab,Marble,Chaghi Golden,Honed,20,299.4,239.41,5.0,68095.39,Bank Transfer,Bilal Khan,Main Yard - Chiniot,In Transit,5.0
ORD101871,2025-04-24,CUST1073,Islamabad,Federal,Marble,Botticino Beige,Polished,20,201.4,149.25,10.0,27053.06,Cash,Tariq Mehmood,Depot - Karachi,Pending,5.0
ORD102753,2024-01-02,CUST2388,Peshawar,KPK,Marble,Ziarat White,Honed,22,84.9,213.55,0.0,18130.4,Bank Transfer,Bilal Khan,Depot - Karachi,Delivered,2.0
ORD103086,2025-02-23,CUST1185,Lahore,Punjab,Granite,Rangeela Marble,Polished,20,35.1,313.87,0.0,11016.84,Credit (30 days),Tariq Mehmood,Depot - Lahore,Cancelled,5.0
ORD100507,2025-01-16,CUST1589,Mianwali,Punjab,Marble,Indus Green,Honed,18,108.6,179.52,0.0,19495.87,Cash,Usman Tariq,Main Yard - Chiniot,Pending,7.0
ORD101991,2025-08-12,CUST1411,Mianwali,Punjab,Granite,Rangeela Marble,Polished,22,166.5,215.2,0.0,35830.8,Bank Transfer,Tariq Mehmood,Depot - Karachi,Delivered,11.0
ORD104138,2025-09-20,CUST3241,Quetta,Balochistan,Marble,Indus Green,Polished,18,226.1,165.44,0.0,37405.98,Bank Transfer,Bilal Khan,Main Yard - Chiniot,In Transit,5.0
ORD100783,2025-03-18,CUST3081,Peshawar,KPK,Granite,Indus Green,Polished,18,20.0,252.37,0.0,5047.4,Cash,Saad Iqbal,Depot - Multan,Delivered,5.0
ORD104757,2024-09-27,CUST2605,Chiniot,Punjab,Marble,Indus Green,Honed,30,243.7,165.31,0.0,40286.05,Cash,Fahad Malik,Depot - Lahore,Pending,6.0
ORD104430,2025-01-17,CUST2289,Peshawar,KPK,Onyx,Sunny Grey,Polished,22,42.9,462.79,0.0,19853.69,Bank Transfer,Fahad Malik,Main Yard - Chiniot,In Transit,5.0
ORD103837,2025-01-07,CUST2561,Rawalpindi,Punjab,Marble,Chiniot Black,Honed,16,153.9,178.08,0.0,27406.51,Bank Transfer,Saad Iqbal,Main Yard - Chiniot,Pending,6.0
ORD103929,2024-10-11,CUST2551,Rawalpindi,Punjab,Tile,Chiniot Black,Flamed,16,261.4,58.91,0.0,15399.07,Credit (30 days),Bilal Khan,Depot - Karachi,Cancelled,11.0
ORD101082,2024-09-23,CUST3222,Mianwali,Punjab,Marble,Black Galaxy,Honed,16,95.3,199.6,0.0,19021.88,Cheque,Saad Iqbal,Main Yard - Chiniot,Pending,11.0
ORD102093,2024-12-01,CUST1386,Peshawar,KPK,Tile,Sunny Grey,Polished,30,252.8,111.13,5.0,26688.98,Credit (30 days),Zain Abbas,Main Yard - Chiniot,Delivered,5.0
ORD102566,2025-02-17,CUST1304,Peshawar,KPK,Granite,Emperador Brown,Honed,16,31.4,293.83,10.0,8303.64,Cash,Hamza Sheikh,Depot - Lahore,Delivered,4.0
ORD103380,2024-07-26,CUST1519,Gujranwala,Punjab,Marble,Chiniot Black,Honed,22,20.0,192.19,0.0,3843.8,Credit (30 days),Usman Tariq,Depot - Lahore,Pending,6.0
ORD102706,2025-10-31,CUST2676,Multan,Punjab,Marble,Teri White,Leather,18,182.6,193.6,0.0,35351.36,Cash,Hamza Sheikh,Depot - Multan,Delivered,2.0
ORD102800,2024-08-02,CUST1540,Faisalabad,Punjab,Marble,Chiniot Black,Polished,16,141.1,139.93,0.0,19744.12,Cheque,Usman Tariq,Depot - Karachi,Pending,6.0
ORD103551,2024-03-21,CUST2144,Gujranwala,Punjab,Tile,Emperador Brown,Polished,16,82.8,79.65,10.0,5935.52,Cash,Hamza Sheikh,Depot - Karachi,Delivered,7.0
ORD102773,2025-08-08,CUST1636,Quetta,Balochistan,Marble,Emperador Brown,Polished,16,123.3,180.38,5.0,21128.81,Cash,Zain Abbas,Depot - Lahore,Delivered,6.0
ORD104000,2024-09-16,CUST1531,Lahore,Punjab,Marble,Ziarat White,Polished,22,108.3,193.22,0.0,20925.73,Cash,Bilal Khan,Main Yard - Chiniot,Delivered,7.0
ORD101633,2024-10-25,CUST2851,Chiniot,Punjab,Marble,Botticino Beige,Honed,16,305.9,192.07,15.0,49941.08,Bank Transfer,Zain Abbas,Depot - Lahore,Pending,4.0
ORD100492,2025-09-03,CUST2070,Sialkot,Punjab,Marble,Ziarat White,Flamed,20,84.2,171.87,0.0,14471.45,Credit (30 days),Usman Tariq,Main Yard - Chiniot,Delivered,7.0
ORD103079,2024-01-09,CUST1743,Chiniot,Punjab,Marble,Teri White,Polished,30,58.5,145.72,0.0,8524.62,Cash,Saad Iqbal,Main Yard - Chiniot,Delivered,6.0
ORD101187,2025-07-21,CUST1357,Peshawar,KPK,Marble,Chaghi Golden,Polished,16,87.1,206.86,10.0,16215.76,Cash,Saad Iqbal,Main Yard - Chiniot,Cancelled,7.0
ORD100569,2025-08-17,CUST3084,Faisalabad,Punjab,Granite,Ziarat White,Polished,16,54.2,246.27,0.0,13347.83,Cheque,Hamza Sheikh,Depot - Lahore,Pending,9.0
ORD101042,2025-07-10,CUST1724,Sialkot,Punjab,Tile,Botticino Beige,Polished,16,104.2,85.41,15.0,7564.76,Cheque,Tariq Mehmood,Main Yard - Chiniot,Pending,8.0
ORD102555,2024-03-20,CUST1727,Mianwali,Punjab,Granite,Chaghi Golden,Honed,16,149.7,145.63,0.0,21800.81,Bank Transfer,Ahmed Raza,Depot - Lahore,Delivered,4.0
ORD101686,2025-07-29,CUST2000,Lahore,Punjab,Granite,Emperador Brown,Polished,18,36.5,245.28,0.0,8952.72,Cash,Hamza Sheikh,Depot - Karachi,Cancelled,7.0
ORD103364,2025-11-11,CUST1989,Mianwali,Punjab,Marble,Ziarat White,Honed,16,198.0,178.28,10.0,31769.5,Cheque,Fahad Malik,Depot - Multan,Delivered,9.0
ORD100784,2025-06-15,CUST1561,Islamabad,Federal,Marble,Chiniot Black,Honed,16,118.9,134.29,0.0,15967.08,Bank Transfer,Usman Tariq,Main Yard - Chiniot,In Transit,8.0
ORD102292,2024-12-30,CUST2338,Mianwali,Punjab,Marble,Chiniot Black,Honed,30,36.6,178.88,0.0,6547.01,Credit (30 days),Zain Abbas,Main Yard - Chiniot,In Transit,9.0
ORD103910,2025-04-28,CUST2259,Multan,Punjab,Marble,Black Galaxy,Leather,20,222.9,121.31,0.0,27040.0,Credit (30 days),Zain Abbas,Depot - Lahore,Delivered,7.0
ORD101310,2024-02-03,CUST2186,Gujranwala,Punjab,Marble,Indus Green,Flamed,18,127.0,213.97,0.0,27174.19,Cheque,Fahad Malik,Depot - Lahore,Delivered,11.0
ORD103737,2024-05-08,CUST2663,Peshawar,KPK,Marble,Indus Green,Leather,30,149.3,209.23,0.0,31238.04,Bank Transfer,Zain Abbas,Main Yard - Chiniot,Cancelled,7.0
ORD100808,2025-09-19,CUST3052,Gujranwala,Punjab,Tile,Buff Marble,Honed,20,31.5,84.61,0.0,2665.22,Credit (30 days),Fahad Malik,Depot - Multan,Pending,4.0
ORD101376,2024-01-18,CUST1935,Lahore,Punjab,Marble,Chiniot Black,Honed,22,144.0,177.08,0.0,25499.52,Bank Transfer,Bilal Khan,Main Yard - Chiniot,Delivered,4.0
ORD101056,2025-08-27,CUST2641,Rawalpindi,Punjab,Onyx,Chiniot Black,Honed,20,148.8,550.07,0.0,81850.42,Credit (30 days),Usman Tariq,Depot - Karachi,Delivered,10.0
ORD103429,2025-11-17,CUST1771,Faisalabad,Punjab,Marble,Indus Green,Flamed,20,92.8,168.89,0.0,15672.99,Cheque,Ahmed Raza,Depot - Lahore,Pending,5.0
ORD103374,2024-08-10,CUST1406,Sialkot,Punjab,Granite,Buff Marble,Polished,30,89.2,268.76,0.0,23973.39,Cash,Bilal Khan,Main Yard - Chiniot,In Transit,9.0
ORD104470,2025-08-16,CUST1850,Mianwali,Punjab,Granite,Emperador Brown,Flamed,30,61.3,233.15,0.0,14292.1,Cash,Usman Tariq,Main Yard - Chiniot,Cancelled,11.0
ORD102593,2024-04-18,CUST3286,Karachi,Sindh,Marble,Buff Marble,Honed,18,130.3,208.96,0.0,27227.49,Credit (30 days),Fahad Malik,Depot - Multan,Delivered,10.0
ORD101427,2025-04-12,CUST3221,Chiniot,Punjab,Marble,Emperador Brown,Polished,30,221.1,184.46,5.0,38744.9,Cash,Zain Abbas,Depot - Lahore,Pending,7.0
ORD100980,2025-03-02,CUST2302,Gujranwala,Punjab,Marble,Emperador Brown,Polished,18,87.0,142.18,10.0,11132.69,Bank Transfer,Hamza Sheikh,Depot - Lahore,Delivered,11.0
ORD104228,2024-03-17,CUST1247,Sialkot,Punjab,Marble,Ziarat White,Leather,18,330.3,224.28,0.0,74079.68,Credit (30 days),Zain Abbas,Depot - Multan,Delivered,12.0
ORD101959,2025-07-10,CUST2216,Sialkot,Punjab,Granite,Indus Green,Polished,16,106.0,299.05,0.0,31699.3,Bank Transfer,Usman Tariq,Depot - Lahore,Cancelled,4.0
ORD104154,2024-02-29,CUST1704,Quetta,Balochistan,Granite,Chaghi Golden,Polished,18,298.8,232.88,0.0,69584.54,Cash,Ahmed Raza,Depot - Lahore,Delivered,5.0
ORD101992,2024-09-14,CUST2823,Islamabad,Federal,Marble,Teri White,Polished,20,248.1,135.84,0.0,33701.9,Credit (30 days),Fahad Malik,Depot - Multan,Delivered,9.0
ORD101528,2024-02-05,CUST3257,Rawalpindi,Punjab,Marble,Rangeela Marble,Polished,20,164.0,178.27,0.0,29236.28,Bank Transfer,Saad Iqbal,Depot - Karachi,Cancelled,8.0
ORD100061,2024-10-11,CUST1569,Quetta,Balochistan,Tile,Sunny Grey,Polished,30,55.9,89.61,0.0,5009.2,Cash,Fahad Malik,Depot - Karachi,Delivered,9.0
ORD100258,2024-04-10,CUST1104,Peshawar,KPK,Tile,Buff Marble,Polished,30,35.0,87.2,15.0,2594.2,Cash,Zain Abbas,Depot - Lahore,Pending,9.0
ORD103490,2024-06-22,CUST1601,Mianwali,Punjab,Tile,Chaghi Golden,Flamed,20,70.7,86.45,0.0,6112.02,Cheque,Usman Tariq,Depot - Multan,Delivered,15.0
ORD103156,2024-03-08,CUST3480,Mianwali,Punjab,Tile,Chaghi Golden,Leather,22,267.8,92.37,0.0,24736.69,Bank Transfer,Ahmed Raza,Depot - Karachi,Pending,6.0
ORD104545,2025-09-30,CUST2888,Rawalpindi,Punjab,Marble,Buff Marble,Honed,30,74.6,175.35,0.0,13081.11,Cash,Fahad Malik,Main Yard - Chiniot,Pending,8.0
ORD101094,2024-06-25,CUST2818,Quetta,Balochistan,Marble,Multi Red,Honed,30,205.9,213.8,0.0,44021.42,Cash,Bilal Khan,Depot - Multan,Delivered,8.0
ORD100433,2025-01-29,CUST2564,Karachi,Sindh,Onyx,Buff Marble,Polished,18,29.7,381.74,0.0,11337.68,Bank Transfer,Bilal Khan,Main Yard - Chiniot,Delivered,5.0
ORD100451,2025-03-10,CUST2092,Islamabad,Federal,Tile,Chiniot Black,Polished,16,325.2,95.25,0.0,30975.3,Credit (30 days),Zain Abbas,Depot - Multan,Cancelled,10.0
ORD100354,2024-07-05,CUST1104,Mianwali,Punjab,Marble,Buff Marble,Polished,16,100.9,182.34,0.0,18398.11,Credit (30 days),Zain Abbas,Main Yard - Chiniot,Delivered,9.0
ORD101685,2025-11-20,CUST2394,Quetta,Balochistan,Marble,Chiniot Black,Polished,18,58.9,185.02,0.0,10897.68,Bank Transfer,Saad Iqbal,Depot - Multan,Pending,5.0
ORD100999,2024-09-14,CUST1321,Peshawar,KPK,Marble,Rangeela Marble,Honed,16,69.5,185.71,0.0,12906.84,Cash,Saad Iqbal,Depot - Multan,Cancelled,9.0
ORD104053,2025-09-03,CUST3055,Karachi,Sindh,Marble,Indus Green,Polished,18,20.0,169.4,5.0,3218.6,Cash,Hamza Sheikh,Main Yard - Chiniot,Cancelled,10.0
ORD103266,2025-02-27,CUST2783,Faisalabad,Punjab,Marble,Chiniot Black,Leather,20,72.1,185.6,0.0,13381.76,Cash,Hamza Sheikh,Depot - Karachi,Delivered,8.0
ORD103020,2024-10-27,CUST3143,Quetta,Balochistan,Marble,Teri White,Polished,16,201.4,163.03,15.0,27909.11,Bank Transfer,Saad Iqbal,Depot - Multan,In Transit,8.0
ORD102554,2025-01-18,CUST2390,Sialkot,Punjab,Marble,Buff Marble,Honed,20,90.4,170.75,15.0,13120.43,Cash,Usman Tariq,Depot - Lahore,In Transit,7.0
ORD100898,2025-06-28,CUST2371,Gujranwala,Punjab,Marble,Emperador Brown,Leather,20,177.5,161.7,0.0,28701.75,Cash,Ahmed Raza,Depot - Multan,Pending,4.0
ORD101444,2024-11-23,CUST1858,Islamabad,Federal,Granite,Botticino Beige,Polished,20,411.5,221.96,0.0,91336.54,Bank Transfer,Zain Abbas,Depot - Multan,Pending,10.0
ORD103956,2024-01-29,CUST3028,Rawalpindi,Punjab,Granite,Chaghi Golden,Honed,16,38.2,266.06,0.0,10163.49,Cash,Bilal Khan,Depot - Lahore,Delivered,7.0
ORD103679,2025-06-11,CUST2690,Multan,Punjab,Granite,Ziarat White,Polished,18,95.9,248.19,10.0,21421.28,Cash,Saad Iqbal,Main Yard - Chiniot,Pending,10.0
ORD102834,2024-06-13,CUST1437,Multan,Punjab,Marble,Chiniot Black,Polished,20,30.8,183.25,0.0,5644.1,Credit (30 days),Bilal Khan,Depot - Lahore,Delivered,6.0
ORD103158,2025-02-09,CUST2006,Faisalabad,Punjab,Marble,Chaghi Golden,Honed,16,70.0,191.62,15.0,11401.39,Bank Transfer,Bilal Khan,Depot - Lahore,In Transit,7.0
ORD103453,2025-02-22,CUST2328,Multan,Punjab,Marble,Rangeela Marble,Flamed,22,92.7,217.24,0.0,20138.15,Cheque,Zain Abbas,Depot - Karachi,Delivered,5.0
ORD102985,2024-04-06,CUST1307,Rawalpindi,Punjab,Granite,Multi Red,Polished,18,62.6,233.38,5.0,13879.11,Bank Transfer,Tariq Mehmood,Depot - Multan,Delivered,4.0
ORD104693,2025-12-08,CUST2502,Quetta,Balochistan,Granite,Chaghi Golden,Honed,22,27.5,234.61,0.0,6451.78,Cheque,Hamza Sheikh,Depot - Multan,In Transit,11.0
ORD103466,2024-06-22,CUST3259,Mianwali,Punjab,Marble,Teri White,Honed,30,93.4,171.91,15.0,13647.93,Bank Transfer,Bilal Khan,Depot - Lahore,Delivered,7.0
ORD100912,2025-07-10,CUST1065,Multan,Punjab,Onyx,Botticino Beige,Polished,30,32.6,444.08,10.0,13029.31,Cheque,Bilal Khan,Depot - Karachi,Delivered,7.0
ORD101628,2025-04-12,CUST2086,Quetta,Balochistan,Tile,Black Galaxy,Polished,16,21.4,93.89,0.0,2009.25,Bank Transfer,Saad Iqbal,Depot - Karachi,Delivered,7.0
ORD101650,2025-09-13,CUST1636,Karachi,Sindh,Marble,Rangeela Marble,Polished,20,139.5,154.32,5.0,20451.26,Cash,Fahad Malik,Main Yard - Chiniot,Pending,3.0
ORD103730,2025-02-24,CUST2679,Faisalabad,Punjab,Tile,Chaghi Golden,Polished,16,151.9,76.37,10.0,10440.54,Bank Transfer,Saad Iqbal,Depot - Multan,In Transit,7.0
ORD102929,2024-05-21,CUST1549,Lahore,Punjab,Granite,Rangeela Marble,Flamed,30,181.3,323.74,0.0,58694.06,Credit (30 days),Saad Iqbal,Depot - Karachi,Delivered,8.0
ORD102578,2024-02-09,CUST2296,Sialkot,Punjab,Tile,Teri White,Leather,20,176.8,87.48,0.0,15466.46,Bank Transfer,Zain Abbas,Depot - Lahore,Delivered,10.0
ORD104566,2024-02-18,CUST3277,Faisalabad,Punjab,Marble,Indus Green,Polished,18,53.5,150.22,0.0,8036.77,Cheque,Saad Iqbal,Depot - Karachi,Pending,5.0
ORD100381,2025-01-02,CUST2635,Faisalabad,Punjab,Tile,Black Galaxy,Polished,30,151.8,105.43,0.0,16004.27,Bank Transfer,Tariq Mehmood,Depot - Multan,Delivered,7.0
ORD101013,2025-10-21,CUST3041,Karachi,Sindh,Onyx,Rangeela Marble,Honed,22,228.5,377.59,0.0,86279.31,Cash,Zain Abbas,Depot - Multan,Delivered,7.0
ORD104175,2024-04-24,CUST1520,Quetta,Balochistan,Marble,Chiniot Black,Polished,22,272.8,205.42,0.0,56038.58,Credit (30 days),Hamza Sheikh,Main Yard - Chiniot,Delivered,10.0
ORD102828,2025-05-10,CUST1919,Chiniot,Punjab,Tile,Black Galaxy,Flamed,22,224.7,68.66,0.0,15427.9,Cash,Usman Tariq,Main Yard - Chiniot,Pending,5.0
ORD101217,2024-12-07,CUST3202,Peshawar,KPK,Marble,Botticino Beige,Polished,20,33.2,198.38,0.0,6586.22,Cheque,Usman Tariq,Depot - Karachi,Delivered,9.0
ORD102286,2024-06-14,CUST1644,Lahore,Punjab,Marble,Ziarat White,Honed,20,231.9,170.09,5.0,37471.68,Bank Transfer,Zain Abbas,Depot - Lahore,Cancelled,2.0
ORD101933,2024-09-04,CUST2785,Multan,Punjab,Marble,Black Galaxy,Polished,18,124.2,199.77,0.0,24811.43,Bank Transfer,Hamza Sheikh,Depot - Karachi,Pending,11.0
ORD104055,2025-01-29,CUST1284,Faisalabad,Punjab,Marble,Chiniot Black,Polished,22,52.3,205.01,15.0,9113.72,Cash,Usman Tariq,Depot - Karachi,Pending,7.0
ORD101296,2025-08-19,CUST1495,Sialkot,Punjab,Tile,Sunny Grey,Polished,20,20.0,88.71,0.0,1774.2,Credit (30 days),Tariq Mehmood,Depot - Multan,Delivered,5.0
ORD102228,2025-10-11,CUST3224,Lahore,Punjab,Granite,Chiniot Black,Honed,22,241.7,302.28,10.0,65754.97,Bank Transfer,Fahad Malik,Depot - Multan,Pending,6.0
ORD100174,2024-02-25,CUST1030,Rawalpindi,Punjab,Marble,Teri White,Polished,30,53.4,196.23,0.0,10478.68,Cash,Hamza Sheikh,Main Yard - Chiniot,Cancelled,6.0
ORD103753,2024-08-16,CUST1186,Rawalpindi,Punjab,Marble,Chaghi Golden,Polished,20,58.2,174.43,0.0,10151.83,Cash,Bilal Khan,Main Yard - Chiniot,Delivered,4.0
ORD103810,2025-01-06,CUST1458,Multan,Punjab,Onyx,Indus Green,Polished,18,142.9,521.71,0.0,74552.36,Cash,Saad Iqbal,Depot - Karachi,Delivered,9.0
ORD103819,2024-03-30,CUST2761,Rawalpindi,Punjab,Granite,Chiniot Black,Polished,30,159.0,388.2,0.0,61723.8,Bank Transfer,Hamza Sheikh,Depot - Karachi,Cancelled,4.0
ORD100617,2024-08-29,CUST1744,Sialkot,Punjab,Granite,Ziarat White,Polished,18,59.8,260.1,0.0,15553.98,Bank Transfer,Bilal Khan,Main Yard - Chiniot,Delivered,6.0
ORD101003,2024-10-05,CUST3161,Quetta,Balochistan,Marble,Indus Green,Polished,18,139.6,230.72,0.0,32208.51,Bank Transfer,Usman Tariq,Depot - Multan,Delivered,6.0
ORD102587,2025-01-09,CUST2267,Islamabad,Federal,Granite,Multi Red,Flamed,30,183.9,318.4,0.0,58553.76,Cash,Bilal Khan,Main Yard - Chiniot,Pending,10.0
ORD104269,2024-01-29,CUST2020,Chiniot,Punjab,Granite,Emperador Brown,Leather,18,20.0,255.15,0.0,5103.0,Cheque,Tariq Mehmood,Depot - Karachi,Cancelled,6.0
ORD101058,2025-11-22,CUST2548,Karachi,Sindh,Onyx,Teri White,Flamed,20,130.5,408.68,10.0,47999.47,Bank Transfer,Zain Abbas,Depot - Multan,Delivered,7.0
ORD103780,2024-02-29,CUST3127,Karachi,Sindh,Marble,Teri White,Polished,18,134.2,165.59,0.0,22222.18,Cash,Usman Tariq,Depot - Multan,Delivered,7.0
ORD102676,2024-04-11,CUST2694,Islamabad,Federal,Tile,Chiniot Black,Honed,16,34.3,87.64,0.0,3006.05,Bank Transfer,Saad Iqbal,Depot - Karachi,Delivered,6.0
ORD104491,2025-12-08,CUST2972,Chiniot,Punjab,Marble,Emperador Brown,Honed,16,143.9,203.08,0.0,29223.21,Cash,Bilal Khan,Main Yard - Chiniot,Delivered,5.0
ORD100294,2024-04-15,CUST2524,Mianwali,Punjab,Granite,Teri White,Honed,18,91.0,286.87,0.0,26105.17,Bank Transfer,Usman Tariq,Depot - Karachi,Delivered,5.0
ORD102596,2025-01-18,CUST2149,Gujranwala,Punjab,Marble,Teri White,Flamed,30,138.6,242.06,0.0,33549.52,Cheque,Saad Iqbal,Depot - Karachi,Delivered,13.0
ORD101123,2025-07-05,CUST1727,Mianwali,Punjab,Granite,Rangeela Marble,Flamed,22,160.2,308.24,5.0,46911.05,Bank Transfer,Hamza Sheikh,Depot - Lahore,Delivered,8.0
ORD100033,2025-09-04,CUST2063,Chiniot,Punjab,Marble,Buff Marble,Honed,20,132.2,184.36,0.0,24372.39,Cash,Fahad Malik,Depot - Lahore,Pending,6.0
ORD101201,2025-06-03,CUST3147,Islamabad,Federal,Marble,Multi Red,Polished,16,53.8,206.66,0.0,11118.31,Credit (30 days),Usman Tariq,Depot - Lahore,Delivered,9.0
ORD103630,2025-02-14,CUST2195,Chiniot,Punjab,Marble,Black Galaxy,Polished,18,77.8,138.22,0.0,10753.52,Bank Transfer,Fahad Malik,Depot - Karachi,Delivered,6.0
ORD100827,2025-08-20,CUST2398,Peshawar,KPK,Onyx,Rangeela Marble,Honed,16,121.7,401.17,0.0,48822.39,Bank Transfer,Fahad Malik,Depot - Karachi,Delivered,10.0
ORD100125,2024-10-12,CUST1801,Rawalpindi,Punjab,Tile,Sunny Grey,Bush Hammered,18,89.6,50.3,0.0,4506.88,Cheque,Ahmed Raza,Main Yard - Chiniot,Cancelled,6.0
ORD104770,2025-03-14,CUST2594,Islamabad,Federal,Marble,Buff Marble,Honed,18,313.8,181.25,0.0,56876.25,Cheque,Usman Tariq,Depot - Karachi,Cancelled,4.0
ORD103088,2025-01-21,CUST3468,Peshawar,KPK,Marble,Emperador Brown,Polished,20,109.3,162.87,15.0,15131.44,Bank Transfer,Tariq Mehmood,Depot - Multan,In Transit,9.0
ORD101809,2024-03-08,CUST2316,Multan,Punjab,Granite,Black Galaxy,Polished,22,245.5,321.68,5.0,75023.82,Cash,Hamza Sheikh,Main Yard - Chiniot,In Transit,9.0
ORD101196,2025-04-10,CUST2604,Multan,Punjab,Onyx,Buff Marble,Polished,16,222.9,517.74,0.0,115404.25,Cash,Hamza Sheikh,Depot - Lahore,Delivered,7.0
ORD104357,2024-05-26,CUST1857,Quetta,Balochistan,Marble,Teri White,Leather,16,112.3,170.85,0.0,19186.45,Credit (30 days),Ahmed Raza,Depot - Lahore,Pending,7.0
ORD104903,2024-03-06,CUST3412,Chiniot,Punjab,Marble,Rangeela Marble,Honed,18,247.4,148.12,0.0,36644.89,Cash,Fahad Malik,Depot - Karachi,Pending,9.0
ORD101946,2025-05-25,CUST2737,Sialkot,Punjab,Marble,Emperador Brown,Polished,18,203.9,204.71,0.0,41740.37,Bank Transfer,Hamza Sheikh,Depot - Multan,Pending,6.0
ORD100108,2025-03-29,CUST2466,Quetta,Balochistan,Tile,Chaghi Golden,Bush Hammered,20,143.1,109.11,0.0,15613.64,Cash,Saad Iqbal,Main Yard - Chiniot,In Transit,9.0
ORD103328,2025-07-31,CUST2300,Multan,Punjab,Granite,Teri White,Polished,16,78.3,219.26,0.0,17168.06,Bank Transfer,Hamza Sheikh,Depot - Multan,In Transit,14.0
ORD101904,2025-11-08,CUST2338,Chiniot,Punjab,Marble,Chiniot Black,Leather,20,35.4,186.57,0.0,6604.58,Bank Transfer,Ahmed Raza,Depot - Karachi,Pending,4.0
ORD101355,2024-07-07,CUST1340,Peshawar,KPK,Marble,Sunny Grey,Honed,20,89.0,206.02,0.0,18335.78,Cash,Tariq Mehmood,Depot - Multan,Delivered,7.0
ORD103540,2025-02-08,CUST3423,Peshawar,KPK,Marble,Indus Green,Polished,16,36.2,187.48,0.0,6786.78,Bank Transfer,Zain Abbas,Depot - Multan,In Transit,3.0
ORD102505,2025-03-05,CUST2165,Peshawar,KPK,Marble,Ziarat White,Flamed,20,50.4,136.73,0.0,6891.19,Bank Transfer,Zain Abbas,Depot - Lahore,Cancelled,7.0
ORD104433,2025-05-16,CUST3254,Peshawar,KPK,Onyx,Botticino Beige,Polished,30,20.0,504.53,15.0,8577.01,Cheque,Fahad Malik,Depot - Lahore,Pending,7.0
ORD102976,2024-06-19,CUST1406,Lahore,Punjab,Marble,Multi Red,Leather,16,197.0,166.98,0.0,32895.06,Bank Transfer,Hamza Sheikh,Depot - Lahore,Delivered,7.0
ORD100857,2025-01-14,CUST2341,Peshawar,KPK,Marble,Chaghi Golden,Honed,16,171.6,162.58,5.0,26503.79,Bank Transfer,Zain Abbas,Main Yard - Chiniot,Delivered,2.0
ORD101740,2025-07-22,CUST1826,Multan,Punjab,Marble,Emperador Brown,Polished,22,60.4,206.54,10.0,11227.51,Credit (30 days),Hamza Sheikh,Main Yard - Chiniot,Pending,12.0
ORD103886,2024-08-17,CUST1043,Chiniot,Punjab,Marble,Black Galaxy,Polished,22,101.3,207.98,0.0,21068.37,Cheque,Hamza Sheikh,Depot - Multan,In Transit,9.0
ORD104449,2025-03-15,CUST2449,Multan,Punjab,Tile,Botticino Beige,Polished,22,237.2,117.94,0.0,27975.37,Cash,Bilal Khan,Depot - Multan,Cancelled,5.0
ORD102433,2025-08-27,CUST2538,Sialkot,Punjab,Marble,Rangeela Marble,Polished,18,20.0,217.62,0.0,4352.4,Cheque,Usman Tariq,Depot - Lahore,Delivered,5.0
ORD100559,2024-01-08,CUST1602,Gujranwala,Punjab,Marble,Sunny Grey,Polished,16,115.3,178.9,0.0,20627.17,Cash,Tariq Mehmood,Main Yard - Chiniot,Pending,9.0
ORD104782,2025-03-12,CUST1807,Faisalabad,Punjab,Marble,Ziarat White,Honed,16,45.5,163.02,0.0,7417.41,Cash,Tariq Mehmood,Depot - Karachi,Delivered,10.0
ORD102839,2024-01-26,CUST1013,Faisalabad,Punjab,Granite,Ziarat White,Polished,18,56.9,256.89,0.0,14617.04,Cash,Fahad Malik,Depot - Multan,In Transit,6.0
ORD101927,2025-05-14,CUST3400,Gujranwala,Punjab,Marble,Teri White,Polished,22,155.2,233.48,15.0,30800.68,Cash,Saad Iqbal,Main Yard - Chiniot,Delivered,5.0
ORD100333,2025-02-07,CUST2318,Faisalabad,Punjab,Marble,Ziarat White,Honed,30,189.2,260.25,10.0,44315.37,Cash,Bilal Khan,Depot - Multan,Delivered,5.0
ORD101181,2024-08-12,CUST3154,Multan,Punjab,Granite,Chaghi Golden,Honed,20,228.5,290.81,0.0,66450.09,Credit (30 days),Saad Iqbal,Main Yard - Chiniot,Delivered,6.0
ORD104091,2024-09-13,CUST1064,Chiniot,Punjab,Granite,Black Galaxy,Polished,20,260.9,256.62,0.0,66952.16,Cheque,Hamza Sheikh,Depot - Multan,Delivered,7.0
ORD104572,2025-01-16,CUST3002,Chiniot,Punjab,Onyx,Indus Green,Leather,18,79.5,611.37,0.0,48603.92,Cash,Saad Iqbal,Depot - Multan,Delivered,7.0
ORD103857,2024-03-17,CUST2829,Islamabad,Federal,Marble,Rangeela Marble,Polished,18,562.9,155.33,5.0,83063.49,Cash,Ahmed Raza,Depot - Karachi,Cancelled,6.0
ORD101195,2024-07-06,CUST1193,Chiniot,Punjab,Marble,Sunny Grey,Polished,16,34.7,144.11,0.0,5000.62,Cash,Usman Tariq,Depot - Lahore,Delivered,6.0
ORD100560,2025-03-15,CUST3203,Multan,Punjab,Marble,Chaghi Golden,Polished,22,254.0,201.58,5.0,48641.25,Bank Transfer,Saad Iqbal,Main Yard - Chiniot,Cancelled,6.0
ORD102513,2024-04-18,CUST1174,Peshawar,KPK,Granite,Teri White,Polished,18,20.0,270.04,0.0,5400.8,Bank Transfer,Usman Tariq,Depot - Multan,In Transit,5.0
ORD100032,2025-04-29,CUST3472,Quetta,Balochistan,Marble,Rangeela Marble,Polished,18,163.6,137.87,0.0,22555.53,Bank Transfer,Bilal Khan,Depot - Karachi,Delivered,6.0
ORD100761,2024-01-16,CUST1274,Lahore,Punjab,Marble,Emperador Brown,Polished,30,110.6,187.34,0.0,20719.8,Bank Transfer,Ahmed Raza,Depot - Lahore,Cancelled,8.0
ORD102769,2025-08-31,CUST1111,Mianwali,Punjab,Granite,Black Galaxy,Honed,20,212.3,267.2,0.0,56726.56,Credit (30 days),Ahmed Raza,Depot - Multan,Delivered,6.0
ORD102062,2025-03-18,CUST1618,Gujranwala,Punjab,Marble,Emperador Brown,Flamed,20,48.5,173.97,0.0,8437.54,Cash,Hamza Sheikh,Depot - Lahore,Cancelled,6.0
ORD103946,2025-02-11,CUST3343,Multan,Punjab,Tile,Rangeela Marble,Flamed,20,20.0,83.7,0.0,1674.0,Bank Transfer,Fahad Malik,Depot - Karachi,Delivered,6.0
ORD101533,2024-07-24,CUST1860,Faisalabad,Punjab,Marble,Indus Green,Leather,16,46.4,207.51,0.0,9628.46,Cash,Hamza Sheikh,Depot - Multan,Delivered,8.0
ORD101409,2025-10-22,CUST3277,Sialkot,Punjab,Tile,Teri White,Polished,16,138.8,91.43,0.0,12690.48,Bank Transfer,Bilal Khan,Main Yard - Chiniot,Delivered,9.0
ORD103107,2024-12-24,CUST1531,Peshawar,KPK,Marble,Chaghi Golden,Honed,22,104.3,179.95,0.0,18768.78,Cheque,Ahmed Raza,Main Yard - Chiniot,Pending,5.0
ORD101892,2024-12-30,CUST3392,Karachi,Sindh,Marble,Ziarat White,Polished,18,64.4,107.9,0.0,6948.76,Cash,Hamza Sheikh,Depot - Karachi,Delivered,9.0
ORD103695,2024-03-20,CUST2698,Sialkot,Punjab,Granite,Buff Marble,Polished,18,202.2,264.0,0.0,53380.8,Cash,Fahad Malik,Depot - Lahore,In Transit,6.0
ORD104171,2025-02-20,CUST1342,Quetta,Balochistan,Marble,Ziarat White,Honed,16,198.3,204.96,0.0,40643.57,Bank Transfer,Saad Iqbal,Depot - Karachi,Delivered,5.0
ORD103661,2024-09-16,CUST1525,Peshawar,KPK,Marble,Multi Red,Polished,30,301.0,202.19,0.0,60859.19,Bank Transfer,Hamza Sheikh,Depot - Lahore,Delivered,9.0
ORD101149,2024-11-20,CUST1949,Faisalabad,Punjab,Marble,Indus Green,Flamed,18,74.8,172.87,0.0,12930.68,Cash,Hamza Sheikh,Main Yard - Chiniot,Cancelled,5.0
ORD103865,2024-04-07,CUST3407,Chiniot,Punjab,Marble,Sunny Grey,Polished,18,399.1,160.42,0.0,64023.62,Bank Transfer,Usman Tariq,Depot - Lahore,In Transit,3.0
ORD103295,2024-10-10,CUST2416,Peshawar,KPK,Marble,Sunny Grey,Polished,20,146.8,176.93,0.0,25973.32,Credit (30 days),Tariq Mehmood,Depot - Multan,Delivered,8.0
ORD103691,2024-10-15,CUST1981,Karachi,Sindh,Tile,Emperador Brown,Polished,20,68.7,90.31,15.0,5273.65,Bank Transfer,Fahad Malik,Depot - Lahore,Delivered,11.0
ORD102285,2024-01-14,CUST3328,Chiniot,Punjab,Tile,Chiniot Black,Polished,18,77.3,107.56,0.0,8314.39,Credit (30 days),Saad Iqbal,Main Yard - Chiniot,Cancelled,8.0
ORD104913,2024-09-14,CUST2424,Islamabad,Federal,Marble,Rangeela Marble,Polished,22,182.3,133.92,10.0,21972.25,Bank Transfer,Tariq Mehmood,Depot - Karachi,In Transit,5.0
ORD103282,2025-09-19,CUST1775,Chiniot,Punjab,Tile,Buff Marble,Polished,20,190.5,79.77,0.0,15196.18,Bank Transfer,Fahad Malik,Main Yard - Chiniot,Delivered,10.0
ORD104806,2025-02-16,CUST1655,Rawalpindi,Punjab,Marble,Indus Green,Polished,30,27.5,185.4,0.0,5098.5,Cash,Saad Iqbal,Depot - Lahore,Cancelled,8.0
ORD101922,2024-10-26,CUST3024,Faisalabad,Punjab,Tile,Teri White,Polished,16,161.0,89.22,0.0,14364.42,Cheque,Saad Iqbal,Depot - Lahore,Delivered,8.0
ORD100851,2024-10-24,CUST3156,Sialkot,Punjab,Marble,Botticino Beige,Flamed,22,162.9,248.76,0.0,40523.0,Credit (30 days),Tariq Mehmood,Depot - Karachi,Delivered,8.0
ORD104308,2025-08-12,CUST1852,Faisalabad,Punjab,Granite,Rangeela Marble,Polished,18,20.0,228.13,10.0,4106.34,Credit (30 days),Usman Tariq,Main Yard - Chiniot,In Transit,7.0
ORD100534,2024-06-26,CUST1081,Multan,Punjab,Marble,Ziarat White,Bush Hammered,20,177.0,187.74,0.0,33229.98,Cash,Zain Abbas,Depot - Karachi,In Transit,7.0
ORD102486,2025-11-02,CUST1685,Sialkot,Punjab,Onyx,Sunny Grey,Bush Hammered,18,232.1,437.87,0.0,101629.63,Bank Transfer,Saad Iqbal,Depot - Lahore,Delivered,5.0
ORD104845,2024-01-12,CUST3128,Chiniot,Punjab,Onyx,Buff Marble,Flamed,18,226.7,396.36,0.0,89854.81,Credit (30 days),Ahmed Raza,Depot - Karachi,In Transit,8.0
ORD103003,2024-06-07,CUST2991,Lahore,Punjab,Tile,Black Galaxy,Polished,18,143.3,83.51,0.0,11966.98,Bank Transfer,Ahmed Raza,Depot - Karachi,Pending,10.0
ORD103209,2025-03-30,CUST1257,Multan,Punjab,Marble,Chaghi Golden,Leather,22,262.0,167.69,0.0,43934.78,Credit (30 days),Ahmed Raza,Main Yard - Chiniot,Delivered,5.0
ORD103345,2024-12-26,CUST2783,Multan,Punjab,Marble,Buff Marble,Honed,18,57.3,124.21,0.0,7117.23,Cash,Ahmed Raza,Depot - Lahore,Delivered,9.0
ORD100800,2024-12-14,CUST2776,Rawalpindi,Punjab,Marble,Emperador Brown,Polished,20,30.4,218.01,15.0,5633.38,Cash,Bilal Khan,Depot - Lahore,Delivered,7.0
ORD104432,2025-01-13,CUST1614,Lahore,Punjab,Onyx,Chiniot Black,Flamed,30,35.5,436.21,0.0,14711.18,Credit (30 days),Saad Iqbal,Depot - Karachi,In Transit,3.0
ORD100077,2024-06-07,CUST1858,Gujranwala,Punjab,Granite,Indus Green,Flamed,22,53.7,292.83,0.0,15724.97,Cash,Hamza Sheikh,Depot - Lahore,Cancelled,10.0
ORD102139,2025-10-29,CUST2459,Islamabad,Federal,Marble,Emperador Brown,Polished,22,65.7,186.55,0.0,12256.34,Cheque,Bilal Khan,Depot - Lahore,Cancelled,6.0
ORD102998,2025-02-12,CUST1349,Chiniot,Punjab,Marble,Ziarat White,Polished,16,162.5,170.62,10.0,24953.18,Credit (30 days),Bilal Khan,Depot - Multan,Delivered,5.0
ORD102737,2024-04-16,CUST2385,Faisalabad,Punjab,Onyx,Multi Red,Leather,30,20.0,483.43,0.0,9668.6,Bank Transfer,Saad Iqbal,Depot - Lahore,Pending,8.0
ORD103880,2024-11-23,CUST1787,Chiniot,Punjab,Granite,Teri White,Honed,20,250.7,307.95,0.0,77203.06,Cash,Hamza Sheikh,Depot - Karachi,Cancelled,8.0
ORD103502,2025-03-04,CUST3375,Quetta,Balochistan,Tile,Botticino Beige,Honed,18,20.0,71.89,10.0,1294.02,Credit (30 days),Tariq Mehmood,Depot - Karachi,Pending,12.0
ORD103131,2024-11-21,CUST3094,Islamabad,Federal,Marble,Chiniot Black,Honed,16,100.7,151.15,0.0,15220.8,Bank Transfer,Bilal Khan,Depot - Multan,Cancelled,5.0
ORD100115,2024-12-09,CUST3150,Multan,Punjab,Marble,Multi Red,Flamed,20,92.7,164.24,0.0,15225.05,Bank Transfer,Fahad Malik,Depot - Karachi,In Transit,8.0
ORD103654,2024-02-07,CUST3306,Chiniot,Punjab,Marble,Emperador Brown,Leather,20,152.0,189.65,0.0,28826.8,Cash,Zain Abbas,Depot - Lahore,Pending,6.0
ORD101495,2025-04-15,CUST1457,Peshawar,KPK,Granite,Ziarat White,Polished,16,99.1,239.23,0.0,23707.69,Bank Transfer,Fahad Malik,Depot - Multan,Delivered,10.0
ORD100288,2024-05-22,CUST2745,Faisalabad,Punjab,Marble,Buff Marble,Polished,18,120.7,155.58,10.0,16900.66,Credit (30 days),Saad Iqbal,Depot - Karachi,Delivered,2.0
ORD102278,2025-09-30,CUST1931,Gujranwala,Punjab,Granite,Teri White,Bush Hammered,18,62.1,282.35,0.0,17533.94,Cheque,Fahad Malik,Main Yard - Chiniot,Delivered,5.0
ORD101995,2025-10-21,CUST2261,Peshawar,KPK,Marble,Indus Green,Polished,20,44.5,199.45,5.0,8431.75,Cheque,Ahmed Raza,Depot - Karachi,Delivered,5.0
ORD102206,2025-10-15,CUST3381,Peshawar,KPK,Marble,Chiniot Black,Flamed,20,191.7,226.37,10.0,39055.62,Credit (30 days),Fahad Malik,Depot - Multan,In Transit,6.0
ORD100731,2024-11-12,CUST2313,Sialkot,Punjab,Marble,Indus Green,Polished,20,166.9,161.03,5.0,25532.11,Cheque,Zain Abbas,Depot - Multan,In Transit,7.0
ORD100232,2024-01-27,CUST2105,Islamabad,Federal,Granite,Botticino Beige,Polished,30,139.1,206.67,0.0,28747.8,Bank Transfer,Fahad Malik,Depot - Multan,Delivered,4.0
ORD100461,2025-03-11,CUST2482,Quetta,Balochistan,Marble,Ziarat White,Polished,22,130.2,170.79,5.0,21125.02,Credit (30 days),Usman Tariq,Depot - Lahore,Delivered,3.0
ORD101866,2024-10-16,CUST2923,Quetta,Balochistan,Onyx,Sunny Grey,Honed,16,298.9,428.08,0.0,127953.11,Cash,Ahmed Raza,Main Yard - Chiniot,Delivered,7.0
ORD100872,2024-08-03,CUST3288,Multan,Punjab,Marble,Emperador Brown,Polished,18,20.0,144.56,0.0,2891.2,Cheque,Fahad Malik,Depot - Multan,Delivered,11.0
ORD104956,2024-05-11,CUST1640,Karachi,Sindh,Marble,Ziarat White,Polished,22,183.0,183.6,0.0,33598.8,Bank Transfer,Bilal Khan,Depot - Lahore,Delivered,1.0
ORD102794,2025-08-25,CUST3041,Islamabad,Federal,Onyx,Multi Red,Polished,22,36.1,587.73,0.0,21217.05,Credit (30 days),Usman Tariq,Depot - Multan,Delivered,6.0
ORD104679,2024-08-25,CUST3345,Mianwali,Punjab,Marble,Teri White,Polished,30,157.4,212.84,10.0,30150.91,Bank Transfer,Bilal Khan,Depot - Karachi,In Transit,8.0
ORD100285,2025-03-14,CUST2635,Multan,Punjab,Marble,Buff Marble,Polished,20,58.9,193.19,0.0,11378.89,Credit (30 days),Usman Tariq,Depot - Multan,Cancelled,4.0
ORD103525,2024-08-20,CUST3367,Lahore,Punjab,Marble,Teri White,Polished,16,21.6,167.16,10.0,3249.59,Credit (30 days),Tariq Mehmood,Depot - Multan,In Transit,8.0
ORD104177,2024-11-14,CUST1312,Sialkot,Punjab,Onyx,Sunny Grey,Polished,16,20.0,426.41,0.0,8528.2,Cash,Hamza Sheikh,Main Yard - Chiniot,Cancelled,8.0
ORD100428,2024-12-28,CUST2278,Gujranwala,Punjab,Granite,Emperador Brown,Polished,22,20.0,281.95,0.0,5639.0,Bank Transfer,Ahmed Raza,Main Yard - Chiniot,Delivered,10.0
ORD103569,2025-09-24,CUST2796,Gujranwala,Punjab,Marble,Chaghi Golden,Polished,18,262.5,174.33,0.0,45761.62,Cash,Bilal Khan,Depot - Multan,In Transit,7.0
ORD103976,2025-02-26,CUST1738,Rawalpindi,Punjab,Onyx,Indus Green,Leather,30,98.9,463.47,0.0,45837.18,Cash,Usman Tariq,Depot - Lahore,In Transit,8.0
ORD103229,2024-07-18,CUST3069,Chiniot,Punjab,Granite,Chaghi Golden,Bush Hammered,30,49.4,369.98,0.0,18277.01,Credit (30 days),Ahmed Raza,Depot - Multan,Delivered,8.0
ORD100099,2024-12-07,CUST2422,Rawalpindi,Punjab,Marble,Sunny Grey,Polished,18,151.0,183.94,5.0,26386.19,Bank Transfer,Usman Tariq,Main Yard - Chiniot,Delivered,5.0
ORD102730,2025-08-15,CUST1035,Quetta,Balochistan,Tile,Teri White,Polished,18,93.5,95.62,10.0,8046.42,Bank Transfer,Tariq Mehmood,Depot - Multan,Delivered,6.0
ORD101806,2025-01-18,CUST1611,Gujranwala,Punjab,Marble,Botticino Beige,Leather,18,20.0,217.71,0.0,4354.2,Cash,Hamza Sheikh,Depot - Lahore,Cancelled,7.0
ORD102208,2024-10-20,CUST1684,Lahore,Punjab,Marble,Buff Marble,Leather,22,77.1,172.38,0.0,13290.5,Cash,Usman Tariq,Main Yard - Chiniot,Cancelled,12.0
ORD104271,2025-06-22,CUST2811,Peshawar,KPK,Granite,Ziarat White,Honed,30,77.3,308.57,0.0,23852.46,Cheque,Hamza Sheikh,Depot - Multan,Delivered,6.0
ORD104571,2025-04-20,CUST2355,Multan,Punjab,Onyx,Buff Marble,Polished,30,438.1,386.75,0.0,169435.18,Cash,Usman Tariq,Depot - Lahore,In Transit,2.0
ORD101620,2024-11-03,CUST2220,Chiniot,Punjab,Granite,Botticino Beige,Honed,30,68.6,258.5,0.0,17733.1,Cash,Bilal Khan,Depot - Multan,Pending,8.0
ORD101077,2025-02-11,CUST1303,Islamabad,Federal,Tile,Indus Green,Flamed,18,145.6,80.27,5.0,11102.95,Credit (30 days),Fahad Malik,Depot - Lahore,Delivered,7.0
ORD101450,2024-01-01,CUST2017,Lahore,Punjab,Granite,Sunny Grey,Polished,20,35.5,348.21,0.0,12361.46,Cash,Tariq Mehmood,Depot - Lahore,Delivered,7.0
ORD102342,2024-02-17,CUST1182,Chiniot,Punjab,Marble,Emperador Brown,Honed,20,37.8,136.06,5.0,4885.91,Cash,Bilal Khan,Depot - Lahore,Pending,7.0
ORD102033,2025-07-04,CUST3386,Karachi,Sindh,Marble,Ziarat White,Flamed,30,134.3,194.3,0.0,26094.49,Credit (30 days),Ahmed Raza,Depot - Multan,Delivered,9.0
ORD103628,2024-06-03,CUST3233,Gujranwala,Punjab,Marble,Black Galaxy,Polished,30,233.6,200.2,0.0,46766.72,Cash,Hamza Sheikh,Depot - Karachi,Cancelled,8.0
ORD104328,2024-11-04,CUST2947,Quetta,Balochistan,Granite,Teri White,Polished,30,20.0,275.4,10.0,4957.2,Cash,Ahmed Raza,Depot - Lahore,Delivered,9.0
ORD103404,2024-06-21,CUST2669,Chiniot,Punjab,Granite,Sunny Grey,Honed,18,60.1,191.48,0.0,11507.95,Bank Transfer,Fahad Malik,Main Yard - Chiniot,Pending,6.0
ORD100340,2024-04-08,CUST1349,Gujranwala,Punjab,Marble,Ziarat White,Honed,30,170.0,162.95,0.0,27701.5,Credit (30 days),Saad Iqbal,Depot - Multan,Delivered,10.0
ORD101285,2025-07-08,CUST1998,Rawalpindi,Punjab,Granite,Sunny Grey,Polished,18,90.0,218.9,0.0,19701.0,Cash,Fahad Malik,Depot - Lahore,Delivered,6.0
ORD103420,2025-12-16,CUST3081,Multan,Punjab,Granite,Ziarat White,Honed,20,155.6,282.18,0.0,43907.21,Cash,Saad Iqbal,Depot - Lahore,Delivered,3.0
ORD100465,2024-11-13,CUST1095,Faisalabad,Punjab,Marble,Buff Marble,Flamed,22,512.1,184.57,15.0,80340.55,Bank Transfer,Zain Abbas,Depot - Lahore,In Transit,10.0
ORD100011,2024-12-03,CUST1797,Sialkot,Punjab,Marble,Sunny Grey,Honed,22,139.4,159.83,0.0,22280.3,Credit (30 days),Tariq Mehmood,Depot - Multan,Delivered,10.0
ORD102026,2024-07-14,CUST1033,Lahore,Punjab,Tile,Ziarat White,Polished,22,31.0,67.18,5.0,1978.45,Bank Transfer,Ahmed Raza,Main Yard - Chiniot,Cancelled,7.0
ORD100721,2025-08-11,CUST1847,Mianwali,Punjab,Marble,Chiniot Black,Leather,20,65.9,171.54,0.0,11304.49,Bank Transfer,Saad Iqbal,Depot - Lahore,Pending,6.0
ORD102917,2024-05-11,CUST1920,Quetta,Balochistan,Marble,Buff Marble,Bush Hammered,18,70.3,129.91,0.0,9132.67,Cheque,Tariq Mehmood,Depot - Karachi,Delivered,7.0
ORD101164,2024-06-15,CUST2335,Mianwali,Punjab,Granite,Rangeela Marble,Polished,16,64.9,312.02,0.0,20250.1,Cheque,Usman Tariq,Depot - Karachi,Delivered,8.0
ORD100430,2024-09-16,CUST1820,Chiniot,Punjab,Granite,Teri White,Polished,30,103.8,246.41,0.0,25577.36,Cheque,Hamza Sheikh,Depot - Karachi,In Transit,8.0
ORD104801,2024-01-07,CUST2016,Sialkot,Punjab,Onyx,Botticino Beige,Polished,30,73.6,550.79,0.0,40538.14,Credit (30 days),Bilal Khan,Depot - Lahore,Delivered,8.0
ORD101096,2025-04-26,CUST1156,Mianwali,Punjab,Tile,Sunny Grey,Bush Hammered,20,53.3,85.7,0.0,4567.81,Cash,Fahad Malik,Depot - Karachi,Cancelled,7.0
ORD103843,2025-01-08,CUST1415,Multan,Punjab,Marble,Sunny Grey,Flamed,16,47.8,152.89,0.0,7308.14,Credit (30 days),Zain Abbas,Depot - Multan,Pending,6.0
ORD102293,2024-04-20,CUST2114,Peshawar,KPK,Marble,Sunny Grey,Polished,18,155.8,161.91,0.0,25225.58,Cash,Saad Iqbal,Main Yard - Chiniot,Pending,8.0
ORD103212,2024-06-07,CUST2289,Chiniot,Punjab,Marble,Chiniot Black,Polished,16,156.8,203.07,15.0,27065.17,Credit (30 days),Bilal Khan,Depot - Lahore,Cancelled,4.0
ORD103395,2024-06-30,CUST2412,Islamabad,Federal,Onyx,Sunny Grey,Polished,16,20.0,507.43,10.0,9133.74,Cheque,Hamza Sheikh,Main Yard - Chiniot,In Transit,4.0
ORD102946,2024-03-24,CUST2236,Sialkot,Punjab,Granite,Indus Green,Polished,20,193.3,246.49,0.0,47646.52,Credit (30 days),Hamza Sheikh,Depot - Lahore,In Transit,3.0
ORD104180,2024-03-23,CUST1346,Quetta,Balochistan,Marble,Chiniot Black,Leather,18,266.4,203.7,5.0,51552.4,Credit (30 days),Fahad Malik,Depot - Lahore,In Transit,3.0
ORD102083,2024-09-22,CUST2625,Rawalpindi,Punjab,Onyx,Buff Marble,Bush Hammered,16,101.7,434.27,0.0,44165.26,Credit (30 days),Hamza Sheikh,Depot - Karachi,Pending,9.0
ORD101882,2024-11-20,CUST3301,Peshawar,KPK,Granite,Botticino Beige,Polished,20,145.1,255.1,0.0,37015.01,Cash,Ahmed Raza,Depot - Karachi,Cancelled,7.0
ORD102508,2025-03-24,CUST3351,Sialkot,Punjab,Marble,Indus Green,Flamed,22,159.7,162.37,0.0,25930.49,Credit (30 days),Tariq Mehmood,Depot - Multan,Cancelled,5.0
ORD100092,2025-05-11,CUST1514,Multan,Punjab,Marble,Chiniot Black,Honed,22,115.8,131.98,0.0,15283.28,Cheque,Usman Tariq,Main Yard - Chiniot,Delivered,9.0
ORD103002,2025-06-11,CUST1509,Mianwali,Punjab,Granite,Emperador Brown,Flamed,16,209.3,290.21,0.0,60740.95,Cash,Saad Iqbal,Depot - Karachi,In Transit,9.0
ORD103685,2025-10-22,CUST1257,Mianwali,Punjab,Tile,Buff Marble,Polished,20,100.1,105.82,10.0,9533.32,Cheque,Hamza Sheikh,Main Yard - Chiniot,Pending,8.0
ORD103145,2024-07-12,CUST1377,Quetta,Balochistan,Tile,Indus Green,Honed,18,20.0,102.58,0.0,2051.6,Cash,Tariq Mehmood,Depot - Lahore,Delivered,8.0
ORD102495,2024-11-10,CUST2852,Gujranwala,Punjab,Onyx,Indus Green,Polished,16,39.7,437.83,0.0,17381.85,Bank Transfer,Saad Iqbal,Main Yard - Chiniot,In Transit,2.0
ORD100797,2025-09-11,CUST2152,Multan,Punjab,Granite,Emperador Brown,Polished,22,136.3,287.96,0.0,39248.95,Credit (30 days),Zain Abbas,Main Yard - Chiniot,Cancelled,12.0
ORD101558,2025-09-01,CUST3193,Lahore,Punjab,Marble,Emperador Brown,Polished,22,32.5,151.85,0.0,4935.12,Cash,Usman Tariq,Depot - Lahore,Delivered,6.0
ORD100739,2025-01-05,CUST3078,Islamabad,Federal,Granite,Multi Red,Honed,18,126.6,288.8,0.0,36562.08,Bank Transfer,Hamza Sheikh,Main Yard - Chiniot,Cancelled,8.0
ORD103318,2024-01-24,CUST1810,Islamabad,Federal,Marble,Chaghi Golden,Honed,18,32.1,195.55,5.0,5963.3,Bank Transfer,Saad Iqbal,Depot - Karachi,Delivered,4.0
ORD101601,2025-06-04,CUST1360,Islamabad,Federal,Marble,Emperador Brown,Polished,22,27.5,148.25,0.0,4076.88,Cheque,Usman Tariq,Depot - Lahore,Cancelled,13.0
ORD100526,2025-02-24,CUST3074,Faisalabad,Punjab,Onyx,Chaghi Golden,Honed,16,92.3,429.25,15.0,33676.81,Cash,Zain Abbas,Main Yard - Chiniot,Cancelled,6.0
ORD103851,2024-06-27,CUST2616,Peshawar,KPK,Marble,Indus Green,Honed,30,598.2,195.51,10.0,105258.67,Credit (30 days),Usman Tariq,Depot - Karachi,In Transit,5.0
ORD104303,2024-02-25,CUST1014,Lahore,Punjab,Tile,Botticino Beige,Polished,30,92.0,90.91,0.0,8363.72,Credit (30 days),Usman Tariq,Main Yard - Chiniot,Delivered,6.0
ORD104198,2025-11-25,CUST3054,Mianwali,Punjab,Tile,Teri White,Leather,18,421.4,74.13,0.0,31238.38,Credit (30 days),Zain Abbas,Depot - Lahore,Pending,5.0
ORD104746,2025-04-09,CUST3202,Gujranwala,Punjab,Granite,Emperador Brown,Honed,30,125.1,199.26,0.0,24927.43,Bank Transfer,Zain Abbas,Main Yard - Chiniot,Delivered,8.0
ORD103911,2024-12-04,CUST2652,Islamabad,Federal,Granite,Rangeela Marble,Honed,30,31.0,283.78,5.0,8357.32,Cash,Usman Tariq,Depot - Lahore,In Transit,5.0
ORD103924,2024-10-19,CUST3025,Peshawar,KPK,Marble,Chiniot Black,Flamed,30,78.5,217.94,0.0,17108.29,Cash,Saad Iqbal,Depot - Multan,Delivered,4.0
ORD103089,2025-02-12,CUST2784,Islamabad,Federal,Marble,Botticino Beige,Polished,30,203.6,210.32,0.0,42821.15,Cash,Usman Tariq,Depot - Lahore,Pending,9.0
ORD100348,2025-07-11,CUST2806,Mianwali,Punjab,Granite,Indus Green,Flamed,20,25.6,249.2,0.0,6379.52,Bank Transfer,Saad Iqbal,Depot - Lahore,Delivered,8.0
ORD100206,2025-07-19,CUST2702,Islamabad,Federal,Marble,Black Galaxy,Leather,22,164.6,202.76,0.0,33374.3,Cheque,Ahmed Raza,Depot - Lahore,In Transit,8.0
ORD101038,2025-11-19,CUST1738,Rawalpindi,Punjab,Marble,Chaghi Golden,Leather,18,272.6,201.72,0.0,54988.87,Cash,Usman Tariq,Depot - Karachi,In Transit,7.0
ORD104742,2024-09-07,CUST1144,Chiniot,Punjab,Granite,Sunny Grey,Honed,20,112.7,251.1,15.0,24054.12,Bank Transfer,Saad Iqbal,Depot - Karachi,Delivered,12.0
ORD103189,2024-12-10,CUST2745,Peshawar,KPK,Marble,Chiniot Black,Honed,20,110.5,185.18,0.0,20462.39,Bank Transfer,Usman Tariq,Depot - Karachi,Delivered,6.0
ORD102804,2024-07-02,CUST1516,Quetta,Balochistan,Granite,Multi Red,Polished,16,104.9,223.07,0.0,23400.04,Cash,Zain Abbas,Depot - Multan,Pending,3.0
ORD104454,2025-02-19,CUST1070,Lahore,Punjab,Marble,Emperador Brown,Polished,18,96.3,180.39,0.0,17371.56,Credit (30 days),Bilal Khan,Depot - Lahore,In Transit,9.0
ORD100703,2024-06-29,CUST2627,Rawalpindi,Punjab,Marble,Chiniot Black,Honed,18,225.4,164.3,0.0,37033.22,Bank Transfer,Bilal Khan,Depot - Multan,Delivered,8.0
ORD104276,2024-11-03,CUST2987,Mianwali,Punjab,Granite,Sunny Grey,Honed,20,379.0,241.04,15.0,77651.04,Cash,Tariq Mehmood,Depot - Karachi,Delivered,9.0
ORD104853,2024-11-24,CUST2892,Multan,Punjab,Marble,Buff Marble,Honed,20,74.3,181.4,0.0,13478.02,Credit (30 days),Tariq Mehmood,Depot - Multan,Pending,10.0
ORD104252,2024-01-12,CUST2751,Gujranwala,Punjab,Marble,Chiniot Black,Bush Hammered,30,51.6,159.1,0.0,8209.56,Bank Transfer,Zain Abbas,Depot - Lahore,Pending,3.0
ORD101050,2025-07-25,CUST1219,Mianwali,Punjab,Marble,Ziarat White,Polished,16,35.1,168.76,0.0,5923.48,Cheque,Hamza Sheikh,Depot - Karachi,Pending,3.0
ORD100977,2024-01-10,CUST2768,Rawalpindi,Punjab,Marble,Multi Red,Polished,30,56.3,196.37,0.0,11055.63,Cheque,Zain Abbas,Depot - Multan,In Transit,6.0
ORD100639,2025-09-27,CUST3262,Peshawar,KPK,Marble,Ziarat White,Polished,30,31.1,192.18,0.0,5976.8,Bank Transfer,Saad Iqbal,Depot - Karachi,Delivered,4.0
ORD101424,2024-02-21,CUST1059,Rawalpindi,Punjab,Onyx,Emperador Brown,Polished,22,102.5,388.46,0.0,39817.15,Cash,Usman Tariq,Depot - Karachi,Cancelled,10.0
ORD102147,2024-03-29,CUST1227,Faisalabad,Punjab,Marble,Black Galaxy,Polished,20,301.0,157.05,0.0,47272.05,Cheque,Hamza Sheikh,Depot - Lahore,In Transit,5.0
ORD104610,2025-08-02,CUST3284,Karachi,Sindh,Marble,Teri White,Honed,22,59.0,244.33,10.0,12973.92,Cheque,Bilal Khan,Depot - Karachi,Delivered,5.0
ORD102030,2025-10-09,CUST1653,Multan,Punjab,Granite,Rangeela Marble,Polished,16,179.4,322.45,0.0,57847.53,Bank Transfer,Ahmed Raza,Depot - Lahore,Delivered,4.0
ORD101913,2024-04-09,CUST1168,Quetta,Balochistan,Granite,Sunny Grey,Leather,30,115.4,281.83,5.0,30897.02,Cash,Saad Iqbal,Depot - Multan,Cancelled,6.0
ORD100261,2025-05-17,CUST3475,Rawalpindi,Punjab,Marble,Chaghi Golden,Polished,22,106.4,227.65,0.0,24221.96,Credit (30 days),Zain Abbas,Depot - Karachi,Cancelled,10.0
ORD103763,2025-03-26,CUST1144,Rawalpindi,Punjab,Granite,Indus Green,Honed,30,353.0,361.1,0.0,127468.3,Bank Transfer,Ahmed Raza,Depot - Lahore,Delivered,11.0
ORD103726,2025-12-28,CUST1758,Chiniot,Punjab,Marble,Botticino Beige,Leather,18,157.2,204.07,0.0,32079.8,Cash,Saad Iqbal,Depot - Lahore,Pending,8.0
ORD100069,2024-08-18,CUST2993,Lahore,Punjab,Marble,Chiniot Black,Polished,20,27.9,221.61,0.0,6182.92,Bank Transfer,Ahmed Raza,Depot - Multan,Pending,5.0
ORD104404,2025-02-04,CUST1156,Chiniot,Punjab,Granite,Ziarat White,Polished,18,94.4,270.45,0.0,25530.48,Credit (30 days),Zain Abbas,Depot - Karachi,In Transit,6.0
ORD100677,2024-10-03,CUST3002,Peshawar,KPK,Onyx,Chiniot Black,Polished,18,178.2,468.84,0.0,83547.29,Credit (30 days),Ahmed Raza,Depot - Karachi,Delivered,7.0
ORD102094,2025-08-28,CUST1481,Islamabad,Federal,Marble,Emperador Brown,Polished,16,141.7,158.21,0.0,22418.36,Bank Transfer,Saad Iqbal,Depot - Lahore,Delivered,5.0
ORD102270,2024-12-15,CUST2879,Sialkot,Punjab,Granite,Teri White,Polished,18,102.5,216.67,15.0,18877.37,Cash,Bilal Khan,Main Yard - Chiniot,Delivered,7.0
ORD102859,2025-01-20,CUST3434,Quetta,Balochistan,Tile,Chiniot Black,Polished,22,160.2,99.86,5.0,15197.69,Bank Transfer,Ahmed Raza,Depot - Karachi,In Transit,7.0
ORD100738,2024-08-06,CUST1076,Islamabad,Federal,Marble,Emperador Brown,Bush Hammered,30,82.6,255.0,0.0,21063.0,Credit (30 days),Hamza Sheikh,Depot - Lahore,Pending,5.0
ORD103422,2025-08-21,CUST2083,Karachi,Sindh,Onyx,Chiniot Black,Honed,30,20.0,513.57,0.0,10271.4,Cash,Hamza Sheikh,Depot - Karachi,Delivered,6.0
ORD103978,2024-10-27,CUST3059,Gujranwala,Punjab,Marble,Ziarat White,Polished,30,89.9,233.14,0.0,20959.29,Bank Transfer,Usman Tariq,Depot - Karachi,Delivered,6.0
ORD102822,2025-10-10,CUST2437,Rawalpindi,Punjab,Marble,Chiniot Black,Polished,20,226.9,183.76,0.0,41695.14,Credit (30 days),Ahmed Raza,Depot - Karachi,Delivered,7.0
ORD104578,2025-12-05,CUST2814,Multan,Punjab,Marble,Rangeela Marble,Polished,18,70.1,149.0,5.0,9922.65,Credit (30 days),Hamza Sheikh,Depot - Karachi,Delivered,5.0
ORD101994,2025-09-28,CUST2666,Mianwali,Punjab,Marble,Black Galaxy,Polished,18,89.7,167.34,10.0,13509.36,Credit (30 days),Usman Tariq,Main Yard - Chiniot,Pending,7.0
ORD101833,2025-03-26,CUST3282,Faisalabad,Punjab,Granite,Multi Red,Polished,30,83.6,384.21,0.0,32119.96,Cash,Fahad Malik,Main Yard - Chiniot,Delivered,4.0
ORD100106,2025-10-27,CUST1189,Mianwali,Punjab,Marble,Emperador Brown,Bush Hammered,30,199.3,208.9,5.0,39552.08,Credit (30 days),Ahmed Raza,Depot - Karachi,Pending,8.0
ORD100016,2025-08-26,CUST1996,Multan,Punjab,Granite,Buff Marble,Polished,16,67.6,240.72,0.0,16272.67,Cash,Tariq Mehmood,Depot - Lahore,Delivered,9.0
ORD102579,2024-08-30,CUST1053,Islamabad,Federal,Marble,Teri White,Polished,22,108.9,151.02,10.0,14801.47,Cash,Ahmed Raza,Main Yard - Chiniot,Pending,4.0
ORD102950,2024-06-22,CUST3131,Chiniot,Punjab,Marble,Chiniot Black,Leather,30,76.7,220.3,0.0,16897.01,Credit (30 days),Ahmed Raza,Depot - Lahore,In Transit,10.0
ORD101981,2024-09-21,CUST1693,Sialkot,Punjab,Tile,Multi Red,Polished,30,364.9,95.8,0.0,34957.42,Cash,Hamza Sheikh,Main Yard - Chiniot,In Transit,12.0
ORD103967,2025-03-13,CUST2101,Faisalabad,Punjab,Marble,Indus Green,Polished,20,26.5,161.45,10.0,3850.58,Cheque,Zain Abbas,Main Yard - Chiniot,Delivered,7.0
ORD104259,2025-08-26,CUST2116,Faisalabad,Punjab,Marble,Chiniot Black,Bush Hammered,18,20.0,167.21,0.0,3344.2,Cash,Zain Abbas,Depot - Karachi,In Transit,6.0
ORD101565,2025-05-21,CUST1507,Lahore,Punjab,Marble,Indus Green,Polished,22,273.8,173.67,0.0,47550.85,Cheque,Zain Abbas,Main Yard - Chiniot,In Transit,7.0
ORD100598,2025-11-05,CUST1178,Multan,Punjab,Onyx,Sunny Grey,Flamed,18,131.5,387.71,15.0,43336.29,Cash,Hamza Sheikh,Depot - Karachi,Pending,10.0
ORD100965,2024-11-07,CUST2857,Multan,Punjab,Granite,Chiniot Black,Polished,20,73.9,287.34,0.0,21234.43,Credit (30 days),Ahmed Raza,Depot - Multan,Cancelled,5.0
ORD102001,2024-01-03,CUST1420,Karachi,Sindh,Marble,Black Galaxy,Polished,30,75.5,142.4,0.0,10751.2,Credit (30 days),Saad Iqbal,Depot - Karachi,Pending,5.0
ORD103254,2025-02-04,CUST2686,Multan,Punjab,Marble,Botticino Beige,Polished,30,20.0,212.65,0.0,4253.0,Cheque,Ahmed Raza,Depot - Lahore,Delivered,6.0
ORD103152,2025-10-11,CUST2553,Quetta,Balochistan,Granite,Multi Red,Flamed,16,115.1,286.3,0.0,32953.13,Credit (30 days),Hamza Sheikh,Main Yard - Chiniot,Delivered,6.0
ORD102170,2025-09-18,CUST3223,Lahore,Punjab,Marble,Chaghi Golden,Polished,16,216.3,159.02,0.0,34396.03,Bank Transfer,Zain Abbas,Depot - Lahore,Delivered,7.0
ORD100327,2024-05-18,CUST2141,Faisalabad,Punjab,Marble,Emperador Brown,Honed,20,254.8,205.48,0.0,52356.3,Credit (30 days),Hamza Sheikh,Depot - Multan,Cancelled,7.0
ORD101552,2025-10-16,CUST1422,Mianwali,Punjab,Granite,Emperador Brown,Polished,30,191.6,218.19,0.0,41805.2,Bank Transfer,Zain Abbas,Depot - Lahore,Delivered,8.0
ORD103790,2024-04-27,CUST1749,Islamabad,Federal,Marble,Rangeela Marble,Honed,30,341.5,253.21,0.0,86471.22,Credit (30 days),Bilal Khan,Depot - Karachi,Delivered,8.0
ORD104717,2024-04-02,CUST3130,Multan,Punjab,Granite,Buff Marble,Bush Hammered,16,82.8,280.81,0.0,23251.07,Bank Transfer,Hamza Sheikh,Depot - Karachi,Pending,6.0
ORD103288,2025-03-25,CUST1904,Gujranwala,Punjab,Marble,Indus Green,Polished,18,198.5,241.86,5.0,45608.75,Credit (30 days),Saad Iqbal,Depot - Lahore,Pending,6.0
ORD100839,2024-02-21,CUST3382,Faisalabad,Punjab,Marble,Buff Marble,Honed,20,115.5,133.74,0.0,15446.97,Cash,Hamza Sheikh,Depot - Karachi,Delivered,4.0
ORD100690,2025-07-08,CUST1449,Islamabad,Federal,Marble,Chaghi Golden,Flamed,18,44.9,154.98,0.0,6958.6,Bank Transfer,Usman Tariq,Depot - Multan,Cancelled,7.0
ORD104431,2025-07-08,CUST2897,Lahore,Punjab,Marble,Teri White,Polished,18,38.1,182.38,0.0,6948.68,Credit (30 days),Fahad Malik,Depot - Lahore,Cancelled,8.0
ORD100547,2025-04-11,CUST3467,Gujranwala,Punjab,Tile,Teri White,Polished,18,97.3,87.4,0.0,8504.02,Credit (30 days),Zain Abbas,Depot - Karachi,Delivered,6.0
ORD102071,2024-06-19,CUST3050,Islamabad,Federal,Marble,Indus Green,Polished,18,166.3,154.81,0.0,25744.9,Credit (30 days),Saad Iqbal,Depot - Multan,Delivered,6.0
ORD104592,2024-08-22,CUST2207,Lahore,Punjab,Tile,Rangeela Marble,Flamed,20,89.4,75.61,0.0,6759.53,Bank Transfer,Tariq Mehmood,Main Yard - Chiniot,In Transit,7.0
ORD101562,2025-12-28,CUST2317,Karachi,Sindh,Tile,Chaghi Golden,Leather,20,20.0,99.05,10.0,1782.9,Cheque,Zain Abbas,Main Yard - Chiniot,In Transit,6.0
ORD101835,2025-04-30,CUST1687,Lahore,Punjab,Granite,Botticino Beige,Flamed,30,125.3,284.91,5.0,33914.26,Credit (30 days),Bilal Khan,Main Yard - Chiniot,In Transit,9.0
ORD104012,2025-10-06,CUST2184,Lahore,Punjab,Granite,Chaghi Golden,Honed,30,35.7,259.8,10.0,8347.37,Cash,Usman Tariq,Depot - Lahore,Cancelled,6.0
ORD101801,2024-05-07,CUST3026,Karachi,Sindh,Marble,Rangeela Marble,Leather,20,22.9,168.94,0.0,3868.73,Cash,Fahad Malik,Main Yard - Chiniot,Delivered,10.0
ORD104625,2024-03-10,CUST1757,Rawalpindi,Punjab,Marble,Multi Red,Flamed,22,86.2,224.52,0.0,19353.62,Bank Transfer,Tariq Mehmood,Depot - Karachi,Pending,5.0
ORD103072,2025-05-12,CUST2124,Gujranwala,Punjab,Marble,Ziarat White,Polished,22,329.5,218.7,0.0,72061.65,Bank Transfer,Zain Abbas,Main Yard - Chiniot,Delivered,5.0
ORD103520,2024-10-16,CUST2925,Peshawar,KPK,Marble,Black Galaxy,Honed,16,151.9,163.61,0.0,24852.36,Cash,Tariq Mehmood,Main Yard - Chiniot,In Transit,9.0
ORD102475,2024-03-05,CUST3318,Chiniot,Punjab,Marble,Black Galaxy,Polished,16,71.1,173.8,15.0,10503.6,Cash,Saad Iqbal,Depot - Multan,Delivered,3.0
ORD104651,2024-02-15,CUST3183,Multan,Punjab,Marble,Botticino Beige,Leather,22,59.3,218.27,5.0,12296.24,Bank Transfer,Saad Iqbal,Depot - Karachi,Delivered,3.0
ORD102478,2024-02-22,CUST1037,Sialkot,Punjab,Marble,Buff Marble,Polished,22,50.4,168.05,0.0,8469.72,Bank Transfer,Hamza Sheikh,Depot - Karachi,Cancelled,7.0
ORD101472,2024-12-24,CUST3400,Multan,Punjab,Marble,Indus Green,Honed,20,20.0,234.67,0.0,4693.4,Bank Transfer,Tariq Mehmood,Depot - Multan,In Transit,7.0
ORD103953,2024-10-20,CUST2388,Chiniot,Punjab,Granite,Chiniot Black,Flamed,20,370.0,241.03,5.0,84722.04,Bank Transfer,Saad Iqbal,Main Yard - Chiniot,Pending,6.0
ORD101374,2025-09-24,CUST3006,Rawalpindi,Punjab,Granite,Chiniot Black,Polished,16,282.2,321.07,0.0,90605.95,Bank Transfer,Bilal Khan,Main Yard - Chiniot,Delivered,8.0
ORD101849,2024-09-05,CUST3248,Lahore,Punjab,Granite,Multi Red,Leather,22,188.9,273.82,5.0,49138.37,Bank Transfer,Bilal Khan,Main Yard - Chiniot,Pending,5.0
ORD103133,2024-08-23,CUST2357,Peshawar,KPK,Granite,Indus Green,Honed,30,28.5,331.44,0.0,9446.04,Bank Transfer,Zain Abbas,Depot - Multan,Delivered,7.0
ORD102549,2025-07-15,CUST2182,Peshawar,KPK,Marble,Buff Marble,Honed,18,36.4,186.26,0.0,6779.86,Bank Transfer,Bilal Khan,Main Yard - Chiniot,Delivered,6.0
ORD103256,2025-01-17,CUST2803,Rawalpindi,Punjab,Onyx,Sunny Grey,Polished,22,56.4,357.07,0.0,20138.75,Credit (30 days),Tariq Mehmood,Main Yard - Chiniot,Delivered,8.0
ORD102971,2024-08-17,CUST2076,Mianwali,Punjab,Tile,Chiniot Black,Polished,18,29.7,63.42,0.0,1883.57,Cheque,Usman Tariq,Depot - Karachi,In Transit,7.0
ORD102528,2024-05-09,CUST1828,Lahore,Punjab,Marble,Multi Red,Polished,16,32.0,146.06,0.0,4673.92,Bank Transfer,Hamza Sheikh,Main Yard - Chiniot,Pending,4.0
ORD104340,2025-08-23,CUST1991,Islamabad,Federal,Tile,Ziarat White,Polished,22,75.6,97.08,0.0,7339.25,Credit (30 days),Usman Tariq,Depot - Karachi,Delivered,4.0
ORD102238,2024-07-07,CUST1684,Mianwali,Punjab,Tile,Botticino Beige,Polished,20,30.0,75.94,5.0,2164.29,Cash,Bilal Khan,Main Yard - Chiniot,Delivered,8.0
ORD100303,2025-12-08,CUST3451,Chiniot,Punjab,Tile,Indus Green,Leather,18,24.7,87.29,0.0,2156.06,Cash,Saad Iqbal,Depot - Lahore,In Transit,7.0
ORD100362,2025-10-28,CUST1881,Gujranwala,Punjab,Onyx,Teri White,Polished,16,177.6,433.94,0.0,77067.74,Cash,Fahad Malik,Depot - Karachi,In Transit,11.0
ORD102413,2024-09-21,CUST2265,Karachi,Sindh,Marble,Buff Marble,Honed,16,253.7,185.28,0.0,47005.54,Cash,Ahmed Raza,Depot - Karachi,Delivered,7.0
ORD102253,2025-01-08,CUST3274,Faisalabad,Punjab,Marble,Ziarat White,Polished,18,20.0,168.65,0.0,3373.0,Credit (30 days),Ahmed Raza,Main Yard - Chiniot,Cancelled,6.0
ORD102529,2025-05-14,CUST1856,Lahore,Punjab,Marble,Buff Marble,Polished,20,356.3,132.53,5.0,44859.42,Cash,Ahmed Raza,Depot - Lahore,Delivered,6.0
ORD103992,2025-11-15,CUST3022,Rawalpindi,Punjab,Marble,Buff Marble,Polished,18,323.2,196.59,0.0,63537.89,Bank Transfer,Usman Tariq,Depot - Lahore,Delivered,7.0
ORD103721,2025-09-28,CUST2315,Rawalpindi,Punjab,Granite,Chiniot Black,Leather,18,119.9,272.69,5.0,31060.75,Bank Transfer,Zain Abbas,Main Yard - Chiniot,In Transit,5.0
ORD104072,2024-03-11,CUST2853,Multan,Punjab,Marble,Buff Marble,Honed,18,269.2,148.03,0.0,39849.68,Bank Transfer,Hamza Sheikh,Depot - Karachi,Pending,7.0
ORD102440,2024-09-25,CUST2276,Faisalabad,Punjab,Marble,Rangeela Marble,Polished,20,69.4,158.88,0.0,11026.27,Credit (30 days),Zain Abbas,Depot - Lahore,In Transit,8.0
ORD104047,2025-08-15,CUST1948,Lahore,Punjab,Onyx,Sunny Grey,Polished,18,63.6,292.43,0.0,18598.55,Credit (30 days),Zain Abbas,Main Yard - Chiniot,Delivered,10.0
ORD102627,2024-07-08,CUST2105,Faisalabad,Punjab,Marble,Botticino Beige,Polished,16,86.0,183.1,0.0,15746.6,Bank Transfer,Zain Abbas,Main Yard - Chiniot,Pending,4.0
ORD104070,2025-11-09,CUST2910,Multan,Punjab,Granite,Teri White,Bush Hammered,22,116.4,320.0,0.0,37248.0,Bank Transfer,Saad Iqbal,Depot - Multan,Cancelled,5.0
ORD101012,2024-11-20,CUST1244,Rawalpindi,Punjab,Marble,Botticino Beige,Flamed,30,56.4,189.14,5.0,10134.12,Cash,Zain Abbas,Depot - Multan,Cancelled,7.0
ORD101350,2025-11-20,CUST1881,Multan,Punjab,Granite,Multi Red,Flamed,22,231.8,278.83,0.0,64632.79,Cheque,Usman Tariq,Depot - Karachi,Cancelled,7.0
ORD103909,2024-03-18,CUST1241,Karachi,Sindh,Marble,Chiniot Black,Polished,16,275.7,193.61,5.0,50709.36,Bank Transfer,Fahad Malik,Depot - Lahore,Delivered,8.0
ORD101483,2025-12-23,CUST1138,Rawalpindi,Punjab,Marble,Teri White,Polished,16,56.2,161.97,0.0,9102.71,Cash,Fahad Malik,Depot - Lahore,Delivered,10.0
ORD100406,2024-08-15,CUST2437,Gujranwala,Punjab,Granite,Emperador Brown,Honed,20,59.4,296.91,0.0,17636.45,Credit (30 days),Ahmed Raza,Depot - Multan,In Transit,6.0
ORD100237,2025-02-14,CUST1121,Lahore,Punjab,Marble,Ziarat White,Bush Hammered,20,44.9,184.09,0.0,8265.64,Credit (30 days),Hamza Sheikh,Depot - Lahore,In Transit,5.0
ORD103362,2025-09-15,CUST2239,Faisalabad,Punjab,Marble,Rangeela Marble,Polished,20,20.0,191.82,0.0,3836.4,Credit (30 days),Bilal Khan,Depot - Karachi,In Transit,5.0
ORD101592,2025-10-18,CUST1298,Chiniot,Punjab,Marble,Botticino Beige,Honed,16,81.6,137.4,0.0,11211.84,Credit (30 days),Saad Iqbal,Depot - Lahore,In Transit,5.0
ORD103263,2025-08-06,CUST2458,Karachi,Sindh,Tile,Rangeela Marble,Polished,20,48.8,82.13,10.0,3607.15,Bank Transfer,Usman Tariq,Depot - Karachi,Cancelled,8.0
ORD102468,2025-04-10,CUST3095,Multan,Punjab,Marble,Ziarat White,Flamed,22,107.8,198.82,0.0,21432.8,Bank Transfer,Hamza Sheikh,Depot - Lahore,In Transit,10.0
ORD104546,2024-12-30,CUST1396,Rawalpindi,Punjab,Granite,Chaghi Golden,Honed,18,56.6,349.07,10.0,17781.63,Cash,Bilal Khan,Depot - Karachi,Pending,5.0
ORD103299,2025-09-20,CUST1771,Chiniot,Punjab,Marble,Ziarat White,Polished,18,246.3,167.55,0.0,41267.56,Cheque,Hamza Sheikh,Depot - Multan,In Transit,7.0
ORD104795,2025-06-05,CUST3294,Gujranwala,Punjab,Tile,Sunny Grey,Polished,16,52.8,76.73,5.0,3848.78,Cash,Saad Iqbal,Main Yard - Chiniot,Pending,5.0
ORD102759,2024-03-11,CUST2553,Rawalpindi,Punjab,Marble,Emperador Brown,Polished,20,66.1,187.91,0.0,12420.85,Bank Transfer,Usman Tariq,Depot - Lahore,Delivered,13.0
ORD101826,2024-01-05,CUST2719,Chiniot,Punjab,Onyx,Indus Green,Polished,30,20.0,470.8,0.0,9416.0,Cheque,Ahmed Raza,Depot - Karachi,In Transit,12.0
ORD104813,2024-01-30,CUST2020,Islamabad,Federal,Tile,Black Galaxy,Polished,22,41.8,83.49,0.0,3489.88,Cash,Saad Iqbal,Depot - Multan,Delivered,9.0
ORD103736,2024-04-20,CUST2250,Karachi,Sindh,Marble,Rangeela Marble,Honed,16,133.9,157.61,0.0,21103.98,Cheque,Tariq Mehmood,Depot - Karachi,Delivered,12.0
ORD104137,2025-10-05,CUST3460,Chiniot,Punjab,Granite,Emperador Brown,Polished,16,249.2,274.81,0.0,68482.65,Bank Transfer,Tariq Mehmood,Depot - Lahore,Delivered,4.0
ORD102046,2025-11-19,CUST2070,Islamabad,Federal,Marble,Rangeela Marble,Flamed,30,105.4,141.83,0.0,14948.88,Bank Transfer,Bilal Khan,Depot - Lahore,Delivered,7.0
ORD104418,2025-04-10,CUST2263,Karachi,Sindh,Granite,Buff Marble,Leather,18,198.1,248.22,0.0,49172.38,Bank Transfer,Usman Tariq,Main Yard - Chiniot,Delivered,7.0
ORD103015,2025-03-24,CUST3105,Multan,Punjab,Onyx,Buff Marble,Polished,30,139.5,498.73,10.0,62615.55,Bank Transfer,Hamza Sheikh,Depot - Karachi,Delivered,4.0
ORD101206,2025-05-18,CUST1941,Chiniot,Punjab,Marble,Indus Green,Honed,18,96.2,180.83,0.0,17395.85,Cash,Fahad Malik,Depot - Lahore,Delivered,5.0
ORD101586,2025-11-21,CUST1421,Multan,Punjab,Marble,Rangeela Marble,Polished,30,185.6,222.27,0.0,41253.31,Cash,Zain Abbas,Main Yard - Chiniot,Cancelled,6.0
ORD100656,2025-12-19,CUST3126,Multan,Punjab,Granite,Rangeela Marble,Leather,18,57.0,271.57,0.0,15479.49,Bank Transfer,Usman Tariq,Depot - Lahore,Delivered,7.0
ORD101319,2024-11-08,CUST3119,Quetta,Balochistan,Marble,Teri White,Polished,30,120.3,215.05,5.0,24576.99,Credit (30 days),Hamza Sheikh,Main Yard - Chiniot,Delivered,6.0
ORD104641,2025-08-12,CUST3068,Multan,Punjab,Marble,Black Galaxy,Honed,16,87.3,147.69,10.0,11604.0,Bank Transfer,Hamza Sheikh,Depot - Lahore,Delivered,9.0
ORD102027,2025-05-11,CUST1065,Quetta,Balochistan,Tile,Chaghi Golden,Polished,20,292.6,79.71,0.0,23323.15,Bank Transfer,Saad Iqbal,Depot - Karachi,Cancelled,6.0
ORD103070,2024-03-16,CUST1258,Mianwali,Punjab,Tile,Rangeela Marble,Honed,18,117.8,102.21,0.0,12040.34,Cash,Fahad Malik,Depot - Multan,Cancelled,9.0
ORD100057,2025-08-24,CUST1556,Mianwali,Punjab,Marble,Emperador Brown,Polished,30,62.0,148.32,0.0,9195.84,Bank Transfer,Tariq Mehmood,Depot - Lahore,Cancelled,13.0
ORD104366,2025-05-30,CUST2318,Mianwali,Punjab,Granite,Buff Marble,Polished,22,73.2,366.78,0.0,26848.3,Cash,Zain Abbas,Depot - Lahore,Delivered,5.0
ORD102959,2025-07-08,CUST3365,Rawalpindi,Punjab,Marble,Botticino Beige,Honed,18,20.0,161.39,0.0,3227.8,Bank Transfer,Hamza Sheikh,Depot - Lahore,Pending,7.0
ORD100398,2024-09-22,CUST2507,Lahore,Punjab,Granite,Multi Red,Polished,22,188.3,290.59,0.0,54718.1,Cheque,Bilal Khan,Depot - Karachi,In Transit,6.0
ORD102502,2024-08-02,CUST2101,Multan,Punjab,Marble,Multi Red,Polished,20,28.8,169.35,5.0,4633.42,Credit (30 days),Fahad Malik,Depot - Multan,Cancelled,5.0
ORD100514,2025-10-07,CUST2330,Multan,Punjab,Tile,Chaghi Golden,Polished,20,166.6,91.11,0.0,15178.93,Credit (30 days),Zain Abbas,Depot - Multan,Delivered,4.0
ORD102619,2025-10-13,CUST1288,Lahore,Punjab,Granite,Emperador Brown,Honed,22,25.2,326.89,0.0,8237.63,Cash,Usman Tariq,Depot - Lahore,Delivered,2.0
ORD104473,2025-03-28,CUST2901,Rawalpindi,Punjab,Marble,Indus Green,Leather,22,110.8,241.74,0.0,26784.79,Cash,Tariq Mehmood,Depot - Lahore,Pending,7.0
ORD101397,2024-02-02,CUST3057,Mianwali,Punjab,Marble,Ziarat White,Honed,30,49.4,250.84,0.0,12391.5,Credit (30 days),Usman Tariq,Depot - Lahore,Delivered,8.0
ORD101448,2024-08-09,CUST2369,Peshawar,KPK,Granite,Rangeela Marble,Polished,16,25.0,262.58,0.0,6564.5,Bank Transfer,Hamza Sheikh,Depot - Lahore,Pending,5.0
ORD101557,2025-05-20,CUST2531,Rawalpindi,Punjab,Granite,Black Galaxy,Bush Hammered,18,80.2,262.89,0.0,21083.78,Cheque,Tariq Mehmood,Depot - Karachi,Pending,11.0
ORD102220,2024-10-31,CUST1227,Quetta,Balochistan,Marble,Emperador Brown,Polished,20,299.8,203.81,0.0,61102.24,Credit (30 days),Bilal Khan,Depot - Lahore,Delivered,13.0
ORD104396,2024-10-07,CUST2459,Islamabad,Federal,Marble,Chiniot Black,Polished,18,212.4,186.99,0.0,39716.68,Cash,Zain Abbas,Depot - Multan,In Transit,3.0
ORD101728,2025-02-24,CUST2081,Faisalabad,Punjab,Marble,Botticino Beige,Polished,20,64.3,188.58,0.0,12125.69,Cash,Fahad Malik,Depot - Multan,In Transit,6.0
ORD103472,2024-01-24,CUST1953,Sialkot,Punjab,Marble,Rangeela Marble,Polished,20,277.9,173.27,0.0,48151.73,Bank Transfer,Hamza Sheikh,Depot - Karachi,Delivered,5.0
ORD100638,2024-09-29,CUST1594,Chiniot,Punjab,Granite,Black Galaxy,Polished,30,37.6,338.06,5.0,12075.5,Cheque,Hamza Sheikh,Depot - Multan,Cancelled,5.0
ORD100955,2025-07-15,CUST2772,Mianwali,Punjab,Tile,Teri White,Honed,18,93.1,89.92,0.0,8371.55,Cheque,Usman Tariq,Depot - Karachi,In Transit,7.0
ORD101931,2024-05-21,CUST2760,Rawalpindi,Punjab,Marble,Buff Marble,Bush Hammered,20,212.5,186.28,0.0,39584.5,Cheque,Zain Abbas,Main Yard - Chiniot,In Transit,7.0
ORD101684,2024-09-07,CUST2382,Sialkot,Punjab,Marble,Botticino Beige,Honed,22,225.1,207.14,0.0,46627.21,Cash,Usman Tariq,Depot - Karachi,Pending,10.0
ORD101377,2025-03-22,CUST2650,Lahore,Punjab,Marble,Multi Red,Polished,22,164.1,193.8,10.0,28622.32,Cheque,Ahmed Raza,Depot - Multan,Delivered,11.0
ORD103943,2024-11-12,CUST3057,Mianwali,Punjab,Tile,Botticino Beige,Polished,16,89.5,94.52,5.0,8036.56,Cash,Fahad Malik,Depot - Lahore,Pending,11.0
ORD103350,2024-08-04,CUST1415,Rawalpindi,Punjab,Marble,Ziarat White,Polished,30,136.0,172.19,10.0,21076.06,Cash,Bilal Khan,Main Yard - Chiniot,Delivered,9.0
ORD102967,2025-02-13,CUST2614,Islamabad,Federal,Marble,Multi Red,Flamed,22,289.5,228.73,0.0,66217.33,Bank Transfer,Zain Abbas,Depot - Karachi,Delivered,6.0
ORD102196,2025-02-14,CUST2602,Mianwali,Punjab,Marble,Buff Marble,Flamed,16,161.6,187.51,15.0,25756.37,Bank Transfer,Zain Abbas,Depot - Karachi,Delivered,8.0
ORD104008,2025-07-05,CUST3220,Chiniot,Punjab,Marble,Emperador Brown,Leather,22,26.3,137.59,0.0,3618.62,Credit (30 days),Ahmed Raza,Depot - Lahore,Delivered,4.0
ORD103678,2024-07-13,CUST2389,Chiniot,Punjab,Marble,Rangeela Marble,Polished,18,50.8,183.9,0.0,9342.12,Cash,Fahad Malik,Main Yard - Chiniot,In Transit,11.0
ORD100933,2025-04-21,CUST3451,Islamabad,Federal,Tile,Indus Green,Bush Hammered,20,197.7,85.87,5.0,16127.67,Cash,Fahad Malik,Depot - Lahore,In Transit,11.0
ORD102863,2024-08-13,CUST3382,Quetta,Balochistan,Granite,Botticino Beige,Polished,22,44.6,235.83,0.0,10518.02,Cheque,Hamza Sheikh,Depot - Lahore,Delivered,13.0
ORD104272,2024-02-25,CUST3248,Chiniot,Punjab,Marble,Chaghi Golden,Polished,22,139.7,201.16,5.0,26696.95,Bank Transfer,Bilal Khan,Main Yard - Chiniot,Cancelled,7.0
ORD104077,2025-08-12,CUST1155,Rawalpindi,Punjab,Granite,Multi Red,Honed,16,84.7,244.62,5.0,19683.35,Bank Transfer,Saad Iqbal,Main Yard - Chiniot,Cancelled,6.0
ORD103005,2024-06-17,CUST3418,Karachi,Sindh,Granite,Multi Red,Honed,22,106.8,265.78,0.0,28385.3,Cheque,Fahad Malik,Depot - Multan,Cancelled,5.0
ORD101575,2025-11-30,CUST1242,Faisalabad,Punjab,Marble,Multi Red,Honed,30,98.3,220.68,0.0,21692.84,Credit (30 days),Zain Abbas,Depot - Multan,Delivered,6.0
ORD104222,2024-12-20,CUST1681,Islamabad,Federal,Marble,Ziarat White,Polished,20,66.8,159.81,0.0,10675.31,Bank Transfer,Saad Iqbal,Depot - Multan,Pending,6.0
ORD103418,2024-12-18,CUST1640,Islamabad,Federal,Marble,Rangeela Marble,Flamed,20,63.5,170.78,0.0,10844.53,Bank Transfer,Usman Tariq,Depot - Multan,Delivered,5.0
ORD104315,2025-02-16,CUST1898,Chiniot,Punjab,Granite,Ziarat White,Polished,20,20.0,248.47,0.0,4969.4,Credit (30 days),Fahad Malik,Depot - Karachi,In Transit,9.0
ORD101304,2025-06-18,CUST2500,Chiniot,Punjab,Marble,Teri White,Polished,16,20.0,220.25,0.0,4405.0,Cheque,Fahad Malik,Depot - Lahore,Delivered,3.0
ORD104327,2024-11-17,CUST2022,Karachi,Sindh,Granite,Buff Marble,Polished,30,78.3,296.85,0.0,23243.36,Cash,Fahad Malik,Depot - Lahore,Delivered,7.0
ORD100760,2025-07-09,CUST1179,Rawalpindi,Punjab,Tile,Multi Red,Bush Hammered,22,142.0,75.4,0.0,10706.8,Credit (30 days),Tariq Mehmood,Depot - Karachi,Delivered,16.0
ORD104835,2025-08-22,CUST2191,Chiniot,Punjab,Marble,Indus Green,Honed,18,20.5,192.42,0.0,3944.61,Cash,Fahad Malik,Depot - Multan,Cancelled,6.0
ORD103815,2025-01-01,CUST1769,Quetta,Balochistan,Marble,Indus Green,Polished,18,21.4,181.12,0.0,3875.97,Bank Transfer,Tariq Mehmood,Depot - Karachi,Delivered,7.0
ORD100741,2024-11-07,CUST2764,Multan,Punjab,Marble,Black Galaxy,Honed,16,394.3,205.87,0.0,81174.54,Cash,Bilal Khan,Depot - Karachi,Delivered,7.0
ORD101638,2025-07-03,CUST1519,Mianwali,Punjab,Granite,Chiniot Black,Polished,18,198.4,271.78,0.0,53921.15,Cash,Usman Tariq,Depot - Multan,In Transit,7.0
ORD104385,2024-09-22,CUST3397,Rawalpindi,Punjab,Marble,Indus Green,Polished,30,64.0,198.5,0.0,12704.0,Bank Transfer,Bilal Khan,Main Yard - Chiniot,Cancelled,3.0
ORD103620,2025-03-25,CUST2757,Islamabad,Federal,Marble,Teri White,Polished,30,116.5,234.43,0.0,27311.1,Bank Transfer,Fahad Malik,Depot - Karachi,Delivered,4.0
ORD104842,2025-03-14,CUST2534,Multan,Punjab,Marble,Chaghi Golden,Polished,16,53.0,160.83,0.0,8523.99,Bank Transfer,Zain Abbas,Depot - Karachi,Delivered,10.0
ORD101663,2024-07-05,CUST1963,Mianwali,Punjab,Marble,Multi Red,Honed,22,204.9,193.06,0.0,39557.99,Credit (30 days),Ahmed Raza,Depot - Karachi,In Transit,8.0
ORD100218,2025-10-19,CUST1849,Rawalpindi,Punjab,Granite,Multi Red,Polished,20,94.9,261.98,0.0,24861.9,Credit (30 days),Usman Tariq,Depot - Lahore,Delivered,7.0
ORD100068,2025-02-21,CUST1503,Islamabad,Federal,Onyx,Rangeela Marble,Polished,18,210.8,519.16,0.0,109438.93,Credit (30 days),Tariq Mehmood,Depot - Multan,Delivered,8.0
ORD101226,2024-09-15,CUST2028,Karachi,Sindh,Granite,Emperador Brown,Leather,16,108.9,298.91,0.0,32551.3,Cash,Usman Tariq,Depot - Multan,Pending,9.0
ORD101298,2025-03-08,CUST1918,Chiniot,Punjab,Marble,Botticino Beige,Polished,20,141.1,168.08,0.0,23716.09,Bank Transfer,Usman Tariq,Depot - Lahore,Pending,7.0
ORD104304,2025-06-25,CUST1670,Multan,Punjab,Marble,Ziarat White,Polished,18,240.0,146.55,0.0,35172.0,Bank Transfer,Zain Abbas,Depot - Karachi,Delivered,10.0
ORD104618,2025-01-24,CUST2780,Chiniot,Punjab,Tile,Emperador Brown,Polished,30,58.3,110.22,0.0,6425.83,Cash,Zain Abbas,Depot - Karachi,Delivered,8.0
ORD104104,2025-09-30,CUST2357,Chiniot,Punjab,Granite,Botticino Beige,Polished,16,101.1,160.3,5.0,15396.01,Cash,Bilal Khan,Depot - Multan,Cancelled,8.0
ORD102389,2025-11-28,CUST3403,Rawalpindi,Punjab,Marble,Ziarat White,Leather,18,400.0,190.01,0.0,76004.0,Cash,Hamza Sheikh,Main Yard - Chiniot,Delivered,7.0
ORD102063,2025-08-27,CUST1717,Sialkot,Punjab,Granite,Botticino Beige,Polished,16,20.0,207.9,10.0,3742.2,Cash,Usman Tariq,Main Yard - Chiniot,In Transit,10.0
ORD100357,2025-05-24,CUST2733,Islamabad,Federal,Marble,Ziarat White,Polished,16,56.0,155.3,0.0,8696.8,Cash,Saad Iqbal,Depot - Karachi,In Transit,8.0
ORD100352,2025-12-02,CUST2206,Lahore,Punjab,Marble,Sunny Grey,Honed,16,29.5,172.23,0.0,5080.78,Cash,Saad Iqbal,Depot - Karachi,In Transit,10.0
ORD100341,2025-12-06,CUST3492,Rawalpindi,Punjab,Marble,Chaghi Golden,Bush Hammered,18,36.8,180.67,10.0,5983.79,Bank Transfer,Bilal Khan,Depot - Karachi,Delivered,10.0
ORD102490,2025-09-04,CUST2716,Mianwali,Punjab,Marble,Chiniot Black,Leather,18,183.2,168.94,0.0,30949.81,Cash,Tariq Mehmood,Main Yard - Chiniot,Delivered,9.0
ORD101245,2025-04-24,CUST1259,Faisalabad,Punjab,Granite,Buff Marble,Polished,18,156.0,331.35,0.0,51690.6,Cash,Fahad Malik,Depot - Karachi,Delivered,8.0
ORD104019,2024-03-07,CUST1383,Multan,Punjab,Tile,Black Galaxy,Honed,22,61.8,104.57,5.0,6139.3,Cash,Tariq Mehmood,Depot - Lahore,Cancelled,9.0
ORD102350,2024-04-24,CUST1898,Islamabad,Federal,Onyx,Teri White,Leather,30,364.0,508.71,15.0,157394.87,Cash,Usman Tariq,Depot - Karachi,Delivered,10.0
ORD104771,2024-11-22,CUST1982,Faisalabad,Punjab,Marble,Emperador Brown,Polished,18,22.2,178.84,0.0,3970.25,Cash,Fahad Malik,Depot - Lahore,In Transit,5.0
ORD102420,2025-11-28,CUST1718,Lahore,Punjab,Onyx,Black Galaxy,Polished,16,251.8,392.28,0.0,98776.1,Bank Transfer,Fahad Malik,Depot - Lahore,Delivered,8.0
ORD102928,2025-08-12,CUST3038,Faisalabad,Punjab,Marble,Sunny Grey,Polished,18,92.2,172.37,0.0,15892.51,Credit (30 days),Saad Iqbal,Depot - Karachi,Delivered,3.0
ORD102991,2025-07-03,CUST2829,Peshawar,KPK,Granite,Chiniot Black,Polished,30,66.7,277.78,0.0,18527.93,Bank Transfer,Hamza Sheikh,Depot - Karachi,Cancelled,6.0
ORD104724,2024-02-21,CUST1180,Peshawar,KPK,Marble,Chaghi Golden,Polished,22,72.1,161.63,0.0,11653.52,Cash,Zain Abbas,Depot - Multan,In Transit,7.0
ORD103421,2024-11-14,CUST1556,Rawalpindi,Punjab,Onyx,Indus Green,Polished,18,300.6,403.62,0.0,121328.17,Cash,Tariq Mehmood,Depot - Lahore,Cancelled,4.0
ORD101560,2025-10-09,CUST3272,Faisalabad,Punjab,Granite,Indus Green,Polished,22,96.5,259.47,0.0,25038.86,Cheque,Hamza Sheikh,Depot - Multan,Cancelled,6.0
ORD101607,2025-06-14,CUST1942,Sialkot,Punjab,Marble,Teri White,Polished,16,226.4,150.79,0.0,34138.86,Cash,Saad Iqbal,Depot - Lahore,In Transit,5.0
ORD104378,2024-05-10,CUST2670,Karachi,Sindh,Marble,Emperador Brown,Flamed,16,157.3,124.59,15.0,16658.31,Bank Transfer,Bilal Khan,Depot - Lahore,Delivered,9.0
ORD102022,2025-07-17,CUST3294,Mianwali,Punjab,Granite,Teri White,Flamed,16,82.1,274.31,10.0,20268.77,Cheque,Saad Iqbal,Depot - Multan,In Transit,4.0
ORD100030,2025-06-07,CUST3055,Gujranwala,Punjab,Marble,Chiniot Black,Polished,30,88.3,182.69,0.0,16131.53,Cash,Tariq Mehmood,Depot - Lahore,Cancelled,2.0
ORD104184,2024-10-29,CUST2793,Lahore,Punjab,Granite,Rangeela Marble,Leather,18,225.3,257.54,0.0,58023.76,Cheque,Bilal Khan,Depot - Karachi,Delivered,8.0
ORD104749,2024-03-03,CUST3189,Lahore,Punjab,Marble,Chiniot Black,Honed,18,98.6,144.59,0.0,14256.57,Cash,Fahad Malik,Depot - Lahore,In Transit,6.0
ORD104934,2025-02-04,CUST1298,Sialkot,Punjab,Marble,Multi Red,Polished,22,68.0,242.62,0.0,16498.16,Bank Transfer,Saad Iqbal,Depot - Karachi,In Transit,5.0
ORD102987,2025-12-25,CUST1864,Chiniot,Punjab,Marble,Multi Red,Polished,30,79.4,156.0,0.0,12386.4,Bank Transfer,Tariq Mehmood,Main Yard - Chiniot,Delivered,4.0
ORD104544,2025-06-27,CUST2993,Multan,Punjab,Tile,Emperador Brown,Flamed,16,108.4,83.54,0.0,9055.74,Cash,Ahmed Raza,Depot - Multan,Pending,4.0
ORD103822,2025-11-16,CUST1614,Lahore,Punjab,Onyx,Ziarat White,Leather,18,390.6,490.07,0.0,191421.34,Cash,Bilal Khan,Depot - Lahore,Cancelled,10.0
ORD101987,2024-01-16,CUST2254,Karachi,Sindh,Granite,Emperador Brown,Leather,22,62.5,223.93,0.0,13995.62,Bank Transfer,Fahad Malik,Depot - Karachi,Delivered,6.0
ORD102085,2024-05-11,CUST2170,Multan,Punjab,Tile,Buff Marble,Leather,30,182.4,98.54,0.0,17973.7,Cash,Tariq Mehmood,Depot - Multan,Delivered,8.0
ORD104152,2024-10-10,CUST3305,Islamabad,Federal,Marble,Chiniot Black,Polished,18,241.4,180.79,0.0,43642.71,Credit (30 days),Saad Iqbal,Depot - Lahore,Delivered,8.0
ORD102467,2024-06-04,CUST1266,Chiniot,Punjab,Marble,Chaghi Golden,Polished,30,106.8,229.13,10.0,22023.98,Bank Transfer,Ahmed Raza,Depot - Lahore,Cancelled,8.0
ORD102154,2025-12-27,CUST2729,Gujranwala,Punjab,Onyx,Botticino Beige,Polished,20,102.7,494.89,0.0,50825.2,Cash,Ahmed Raza,Depot - Lahore,Cancelled,6.0
ORD102545,2025-11-09,CUST3193,Karachi,Sindh,Marble,Rangeela Marble,Polished,22,323.8,185.98,15.0,51187.28,Cheque,Ahmed Raza,Main Yard - Chiniot,Cancelled,13.0
ORD104644,2025-11-12,CUST3404,Gujranwala,Punjab,Marble,Botticino Beige,Polished,20,348.3,185.13,0.0,64480.78,Bank Transfer,Ahmed Raza,Depot - Multan,Delivered,9.0
ORD100693,2025-04-04,CUST2481,Lahore,Punjab,Marble,Black Galaxy,Honed,20,82.8,164.7,0.0,13637.16,Bank Transfer,Tariq Mehmood,Depot - Lahore,Delivered,7.0
ORD103016,2025-08-29,CUST2321,Quetta,Balochistan,Marble,Sunny Grey,Polished,16,46.5,147.67,15.0,5836.66,Bank Transfer,Bilal Khan,Main Yard - Chiniot,Pending,4.0
ORD101800,2025-10-05,CUST1665,Faisalabad,Punjab,Tile,Emperador Brown,Polished,20,64.2,82.51,0.0,5297.14,Bank Transfer,Saad Iqbal,Depot - Multan,Cancelled,8.0
ORD103267,2025-02-03,CUST3142,Peshawar,KPK,Marble,Teri White,Polished,20,63.2,193.91,0.0,12255.11,Credit (30 days),Saad Iqbal,Depot - Karachi,Cancelled,10.0
ORD102649,2025-02-21,CUST2720,Quetta,Balochistan,Tile,Buff Marble,Flamed,30,30.4,108.54,10.0,2969.65,Cash,Hamza Sheikh,Depot - Lahore,Delivered,8.0
ORD102885,2024-04-11,CUST1522,Gujranwala,Punjab,Marble,Indus Green,Honed,18,112.9,192.81,0.0,21768.25,Cash,Bilal Khan,Depot - Karachi,Delivered,12.0
ORD100724,2024-04-16,CUST2816,Multan,Punjab,Tile,Multi Red,Flamed,30,211.5,106.55,0.0,22535.32,Bank Transfer,Ahmed Raza,Main Yard - Chiniot,Delivered,6.0
ORD102234,2025-11-10,CUST2302,Faisalabad,Punjab,Onyx,Botticino Beige,Polished,18,27.8,413.13,15.0,9762.26,Bank Transfer,Saad Iqbal,Depot - Multan,Delivered,3.0
ORD103613,2025-02-02,CUST1921,Faisalabad,Punjab,Tile,Black Galaxy,Polished,16,61.2,66.39,5.0,3859.91,Cash,Tariq Mehmood,Depot - Multan,Delivered,13.0
ORD101384,2024-08-10,CUST1322,Sialkot,Punjab,Marble,Rangeela Marble,Honed,18,86.0,203.55,0.0,17505.3,Credit (30 days),Tariq Mehmood,Main Yard - Chiniot,Delivered,6.0
ORD104505,2024-03-07,CUST2653,Islamabad,Federal,Granite,Indus Green,Honed,22,422.4,310.42,0.0,131121.41,Bank Transfer,Ahmed Raza,Main Yard - Chiniot,Pending,12.0
ORD101474,2024-12-31,CUST3226,Lahore,Punjab,Onyx,Ziarat White,Polished,20,33.9,397.4,0.0,13471.86,Cash,Tariq Mehmood,Depot - Karachi,Delivered,9.0
ORD101467,2024-11-26,CUST1997,Mianwali,Punjab,Marble,Black Galaxy,Polished,30,86.9,223.11,0.0,19388.26,Credit (30 days),Fahad Malik,Depot - Lahore,Delivered,9.0
ORD104331,2024-07-12,CUST1043,Chiniot,Punjab,Tile,Sunny Grey,Flamed,16,118.5,72.99,15.0,7351.92,Bank Transfer,Zain Abbas,Depot - Karachi,In Transit,9.0
ORD104588,2024-07-02,CUST2360,Peshawar,KPK,Tile,Buff Marble,Polished,22,55.0,86.29,5.0,4508.65,Bank Transfer,Ahmed Raza,Depot - Lahore,Cancelled,8.0
ORD102054,2024-10-29,CUST3370,Lahore,Punjab,Granite,Indus Green,Flamed,30,185.8,345.16,10.0,57717.66,Credit (30 days),Tariq Mehmood,Depot - Lahore,Pending,6.0
ORD104535,2025-02-18,CUST2303,Quetta,Balochistan,Marble,Black Galaxy,Honed,30,72.4,228.81,0.0,16565.84,Bank Transfer,Ahmed Raza,Depot - Multan,Delivered,7.0
ORD102771,2024-08-17,CUST2118,Faisalabad,Punjab,Onyx,Sunny Grey,Leather,30,20.0,419.54,0.0,8390.8,Cash,Tariq Mehmood,Depot - Multan,Pending,5.0
ORD100043,2025-10-31,CUST3134,Lahore,Punjab,Marble,Indus Green,Honed,20,351.0,197.83,0.0,69438.33,Cash,Fahad Malik,Depot - Karachi,Delivered,6.0
ORD104678,2025-05-28,CUST3236,Karachi,Sindh,Tile,Teri White,Polished,22,501.3,93.46,0.0,46851.5,Cash,Zain Abbas,Depot - Lahore,Delivered,6.0
ORD101105,2025-06-05,CUST2488,Faisalabad,Punjab,Granite,Sunny Grey,Honed,22,146.8,257.86,0.0,37853.85,Bank Transfer,Saad Iqbal,Depot - Karachi,Delivered,10.0
ORD102461,2025-10-07,CUST3284,Peshawar,KPK,Marble,Black Galaxy,Polished,18,84.2,187.13,0.0,15756.35,Cash,Fahad Malik,Depot - Multan,Pending,4.0
ORD100126,2025-01-18,CUST1449,Rawalpindi,Punjab,Granite,Black Galaxy,Polished,20,147.9,299.28,0.0,44263.51,Credit (30 days),Saad Iqbal,Depot - Karachi,Delivered,5.0
ORD104787,2025-05-27,CUST1204,Islamabad,Federal,Granite,Botticino Beige,Polished,20,144.9,268.03,0.0,38837.55,Bank Transfer,Usman Tariq,Depot - Lahore,Pending,9.0
ORD102377,2024-03-28,CUST2004,Rawalpindi,Punjab,Marble,Black Galaxy,Polished,20,245.6,231.09,0.0,56755.7,Credit (30 days),Ahmed Raza,Depot - Karachi,In Transit,7.0
ORD103660,2024-11-07,CUST1748,Rawalpindi,Punjab,Granite,Teri White,Leather,16,205.3,203.92,5.0,39771.54,Credit (30 days),Ahmed Raza,Depot - Multan,Delivered,4.0
ORD103419,2024-04-20,CUST3273,Faisalabad,Punjab,Marble,Ziarat White,Polished,16,219.8,164.72,0.0,36205.46,Cash,Ahmed Raza,Main Yard - Chiniot,In Transit,6.0
ORD104568,2025-04-07,CUST1498,Sialkot,Punjab,Granite,Buff Marble,Honed,30,108.7,249.35,0.0,27104.34,Cash,Tariq Mehmood,Depot - Karachi,Delivered,6.0
ORD104755,2025-03-06,CUST2060,Mianwali,Punjab,Tile,Multi Red,Polished,16,152.4,88.02,0.0,13414.25,Cash,Zain Abbas,Depot - Karachi,Delivered,8.0
ORD100777,2024-08-06,CUST3177,Multan,Punjab,Marble,Multi Red,Polished,18,25.1,186.32,0.0,4676.63,Cash,Tariq Mehmood,Depot - Multan,Pending,7.0
ORD102060,2025-05-16,CUST1421,Chiniot,Punjab,Marble,Buff Marble,Polished,18,20.0,173.81,0.0,3476.2,Cash,Hamza Sheikh,Depot - Multan,Pending,5.0
ORD104263,2025-07-23,CUST2966,Rawalpindi,Punjab,Marble,Chiniot Black,Polished,20,83.5,131.66,0.0,10993.61,Cash,Saad Iqbal,Main Yard - Chiniot,Delivered,5.0
ORD103694,2024-07-09,CUST3169,Lahore,Punjab,Marble,Sunny Grey,Polished,18,54.8,166.65,15.0,7762.56,Credit (30 days),Saad Iqbal,Depot - Lahore,Delivered,10.0
ORD100695,2024-03-05,CUST1485,Faisalabad,Punjab,Onyx,Black Galaxy,Polished,16,112.8,514.41,0.0,58025.45,Bank Transfer,Hamza Sheikh,Main Yard - Chiniot,In Transit,3.0
ORD102853,2025-03-08,CUST2710,Gujranwala,Punjab,Granite,Indus Green,Polished,22,20.0,220.6,0.0,4412.0,Cash,Bilal Khan,Depot - Karachi,Delivered,5.0
ORD104561,2025-08-30,CUST1628,Mianwali,Punjab,Granite,Emperador Brown,Polished,30,196.4,252.31,0.0,49553.68,Cheque,Saad Iqbal,Depot - Multan,Delivered,8.0
ORD101016,2024-03-04,CUST3309,Rawalpindi,Punjab,Marble,Black Galaxy,Honed,18,27.5,160.44,0.0,4412.1,Cheque,Hamza Sheikh,Depot - Lahore,Pending,5.0
ORD104705,2024-09-25,CUST2036,Sialkot,Punjab,Tile,Sunny Grey,Polished,30,49.8,102.46,0.0,5102.51,Bank Transfer,Usman Tariq,Depot - Multan,In Transit,3.0
ORD100055,2025-07-24,CUST3376,Gujranwala,Punjab,Marble,Black Galaxy,Honed,20,45.5,176.72,5.0,7638.72,Cash,Fahad Malik,Main Yard - Chiniot,Delivered,11.0
ORD100712,2024-10-07,CUST2274,Sialkot,Punjab,Marble,Sunny Grey,Leather,30,193.0,214.43,0.0,41384.99,Cash,Usman Tariq,Depot - Lahore,Cancelled,6.0
ORD103816,2024-09-09,CUST3359,Gujranwala,Punjab,Marble,Buff Marble,Flamed,30,81.8,197.56,0.0,16160.41,Cheque,Tariq Mehmood,Depot - Karachi,Delivered,4.0
ORD104325,2024-05-28,CUST2193,Chiniot,Punjab,Tile,Indus Green,Polished,18,287.1,72.13,5.0,19673.1,Cash,Fahad Malik,Depot - Karachi,Delivered,9.0
ORD101468,2024-07-09,CUST1718,Lahore,Punjab,Granite,Chaghi Golden,Polished,16,61.7,221.16,10.0,12281.01,Bank Transfer,Hamza Sheikh,Depot - Multan,Delivered,6.0
ORD102338,2024-05-01,CUST2697,Quetta,Balochistan,Marble,Sunny Grey,Honed,18,215.0,196.98,0.0,42350.7,Cheque,Fahad Malik,Main Yard - Chiniot,Delivered,8.0
ORD104361,2024-01-04,CUST1078,Rawalpindi,Punjab,Tile,Botticino Beige,Flamed,18,99.1,77.17,0.0,7647.55,Cash,Hamza Sheikh,Depot - Karachi,Pending,4.0
ORD100908,2024-11-05,CUST1255,Lahore,Punjab,Marble,Emperador Brown,Honed,20,186.6,210.05,0.0,39195.33,Cheque,Saad Iqbal,Main Yard - Chiniot,Delivered,7.0
ORD104478,2025-07-19,CUST1238,Islamabad,Federal,Marble,Botticino Beige,Polished,18,100.8,175.17,0.0,17657.14,Cheque,Tariq Mehmood,Main Yard - Chiniot,Pending,6.0
ORD101823,2024-05-11,CUST3363,Faisalabad,Punjab,Onyx,Chiniot Black,Polished,16,78.9,515.38,0.0,40663.48,Cash,Bilal Khan,Depot - Lahore,Pending,8.0
ORD104986,2024-04-08,CUST3262,Lahore,Punjab,Tile,Rangeela Marble,Leather,16,215.5,94.97,0.0,20466.04,Cheque,Bilal Khan,Depot - Karachi,Cancelled,8.0
ORD104953,2025-09-16,CUST1076,Islamabad,Federal,Marble,Rangeela Marble,Honed,16,93.6,213.65,0.0,19997.64,Credit (30 days),Fahad Malik,Depot - Lahore,In Transit,5.0
ORD104166,2024-09-04,CUST2492,Rawalpindi,Punjab,Tile,Indus Green,Flamed,18,153.9,103.89,5.0,15189.24,Credit (30 days),Saad Iqbal,Depot - Multan,Delivered,8.0
ORD104492,2024-10-19,CUST1687,Quetta,Balochistan,Marble,Ziarat White,Polished,30,62.8,243.97,5.0,14555.25,Cheque,Zain Abbas,Main Yard - Chiniot,In Transit,10.0
ORD102188,2024-06-04,CUST3001,Sialkot,Punjab,Tile,Multi Red,Honed,22,74.7,97.79,5.0,6939.67,Cash,Zain Abbas,Depot - Multan,Delivered,5.0
ORD101316,2024-06-28,CUST3469,Sialkot,Punjab,Onyx,Chaghi Golden,Polished,30,67.5,478.97,0.0,32330.48,Credit (30 days),Saad Iqbal,Depot - Multan,Delivered,10.0
ORD103876,2024-02-04,CUST3404,Islamabad,Federal,Tile,Chiniot Black,Polished,20,22.9,102.69,0.0,2351.6,Cash,Zain Abbas,Depot - Multan,Cancelled,10.0
ORD102381,2025-04-09,CUST2113,Peshawar,KPK,Granite,Emperador Brown,Polished,20,84.8,340.74,0.0,28894.75,Cheque,Bilal Khan,Depot - Karachi,Delivered,4.0
ORD101691,2024-02-14,CUST3377,Lahore,Punjab,Marble,Chiniot Black,Flamed,16,26.3,184.14,0.0,4842.88,Bank Transfer,Tariq Mehmood,Depot - Karachi,In Transit,12.0
ORD104946,2025-09-01,CUST1040,Rawalpindi,Punjab,Marble,Rangeela Marble,Leather,18,204.4,182.43,0.0,37288.69,Cash,Bilal Khan,Depot - Multan,Delivered,4.0
ORD102774,2024-01-21,CUST2925,Mianwali,Punjab,Marble,Teri White,Leather,16,75.0,172.13,0.0,12909.75,Cash,Saad Iqbal,Depot - Karachi,Cancelled,8.0
ORD100009,2025-08-31,CUST3198,Islamabad,Federal,Marble,Teri White,Polished,22,33.5,156.4,5.0,4977.43,Cash,Usman Tariq,Depot - Multan,Delivered,6.0
ORD102300,2025-03-19,CUST1059,Gujranwala,Punjab,Onyx,Chiniot Black,Honed,22,118.3,466.35,0.0,55169.2,Cash,Fahad Malik,Depot - Multan,Delivered,3.0
ORD100321,2025-10-17,CUST1161,Chiniot,Punjab,Onyx,Buff Marble,Polished,18,285.3,422.6,0.0,120567.78,Cash,Hamza Sheikh,Depot - Karachi,Delivered,7.0
ORD102763,2025-10-04,CUST1403,Mianwali,Punjab,Onyx,Chaghi Golden,Polished,20,592.3,401.47,0.0,237790.68,Cheque,Fahad Malik,Main Yard - Chiniot,Pending,6.0
ORD101233,2024-08-04,CUST1148,Peshawar,KPK,Marble,Emperador Brown,Polished,18,45.3,205.66,0.0,9316.4,Bank Transfer,Ahmed Raza,Main Yard - Chiniot,Delivered,13.0
ORD102023,2025-01-04,CUST1364,Lahore,Punjab,Marble,Multi Red,Polished,20,115.5,149.45,0.0,17261.47,Cheque,Saad Iqbal,Depot - Multan,Delivered,9.0
ORD101303,2025-12-15,CUST1497,Lahore,Punjab,Tile,Teri White,Polished,22,55.8,104.96,0.0,5856.77,Bank Transfer,Tariq Mehmood,Main Yard - Chiniot,In Transit,6.0
ORD104462,2025-06-19,CUST2604,Mianwali,Punjab,Marble,Emperador Brown,Polished,18,62.8,192.24,10.0,10865.4,Cheque,Tariq Mehmood,Main Yard - Chiniot,Delivered,5.0
ORD101529,2024-10-17,CUST3023,Lahore,Punjab,Tile,Sunny Grey,Polished,20,41.5,96.67,10.0,3610.62,Bank Transfer,Usman Tariq,Main Yard - Chiniot,Delivered,10.0
ORD104016,2024-08-16,CUST2281,Quetta,Balochistan,Onyx,Chiniot Black,Flamed,22,40.5,437.46,0.0,17717.13,Credit (30 days),Fahad Malik,Main Yard - Chiniot,Cancelled,3.0
ORD100780,2024-01-01,CUST2261,Sialkot,Punjab,Onyx,Chaghi Golden,Polished,22,28.8,591.16,5.0,16174.14,Cash,Bilal Khan,Depot - Lahore,Pending,5.0
ORD103612,2025-11-05,CUST2813,Sialkot,Punjab,Granite,Rangeela Marble,Honed,30,281.1,219.54,0.0,61712.69,Bank Transfer,Usman Tariq,Depot - Lahore,Pending,8.0
ORD102098,2024-10-04,CUST2250,Faisalabad,Punjab,Onyx,Chiniot Black,Honed,22,20.0,499.27,0.0,9985.4,Credit (30 days),Tariq Mehmood,Depot - Karachi,Delivered,6.0
ORD102169,2025-06-01,CUST2222,Karachi,Sindh,Marble,Multi Red,Leather,20,358.7,125.02,5.0,42602.44,Cash,Bilal Khan,Main Yard - Chiniot,Delivered,6.0
ORD103202,2024-04-02,CUST1102,Mianwali,Punjab,Marble,Chiniot Black,Honed,18,56.5,169.16,0.0,9557.54,Bank Transfer,Hamza Sheikh,Main Yard - Chiniot,Pending,8.0
ORD100228,2024-04-15,CUST1110,Karachi,Sindh,Granite,Sunny Grey,Polished,20,331.7,272.66,0.0,90441.32,Cash,Saad Iqbal,Depot - Lahore,Delivered,9.0
ORD103437,2025-09-28,CUST3430,Quetta,Balochistan,Granite,Buff Marble,Polished,16,241.0,369.3,10.0,80101.17,Cheque,Tariq Mehmood,Depot - Multan,Delivered,8.0
ORD103297,2025-08-15,CUST3354,Multan,Punjab,Marble,Ziarat White,Flamed,20,69.7,181.31,0.0,12637.31,Cash,Ahmed Raza,Depot - Lahore,Delivered,7.0
ORD103443,2024-09-10,CUST2583,Multan,Punjab,Marble,Botticino Beige,Bush Hammered,30,281.1,207.32,10.0,52449.89,Cheque,Hamza Sheikh,Depot - Karachi,Delivered,10.0
ORD101040,2025-03-13,CUST3077,Mianwali,Punjab,Tile,Botticino Beige,Polished,30,251.7,82.85,0.0,20853.34,Credit (30 days),Fahad Malik,Depot - Karachi,Delivered,11.0
ORD100049,2025-04-26,CUST1329,Sialkot,Punjab,Granite,Chiniot Black,Polished,16,407.1,300.95,0.0,122516.74,Cash,Saad Iqbal,Depot - Karachi,Pending,7.0
ORD103390,2024-09-23,CUST2840,Sialkot,Punjab,Granite,Teri White,Polished,18,45.3,247.47,0.0,11210.39,Cheque,Tariq Mehmood,Depot - Lahore,In Transit,4.0
ORD103577,2024-11-08,CUST2790,Gujranwala,Punjab,Marble,Multi Red,Polished,16,195.0,170.89,5.0,31657.37,Credit (30 days),Bilal Khan,Depot - Multan,In Transit,10.0
ORD103232,2025-06-02,CUST3417,Gujranwala,Punjab,Marble,Black Galaxy,Polished,22,104.2,152.28,0.0,15867.58,Bank Transfer,Usman Tariq,Depot - Karachi,Cancelled,7.0
ORD102644,2024-05-06,CUST2266,Sialkot,Punjab,Granite,Botticino Beige,Honed,22,261.0,241.65,0.0,63070.65,Credit (30 days),Fahad Malik,Depot - Lahore,In Transit,6.0
ORD104185,2024-03-16,CUST1323,Mianwali,Punjab,Granite,Indus Green,Flamed,30,130.0,249.14,0.0,32388.2,Cash,Hamza Sheikh,Depot - Lahore,Pending,8.0
ORD100871,2025-08-18,CUST3349,Islamabad,Federal,Marble,Chiniot Black,Leather,18,216.8,220.05,10.0,42936.16,Cash,Tariq Mehmood,Main Yard - Chiniot,Delivered,7.0
ORD100036,2025-07-03,CUST1077,Mianwali,Punjab,Marble,Ziarat White,Leather,22,62.5,206.41,0.0,12900.62,Credit (30 days),Saad Iqbal,Depot - Karachi,In Transit,8.0
ORD101027,2025-08-21,CUST2847,Chiniot,Punjab,Marble,Chaghi Golden,Polished,22,34.4,186.53,0.0,6416.63,Cheque,Hamza Sheikh,Depot - Karachi,Delivered,9.0
ORD102764,2024-12-12,CUST2201,Quetta,Balochistan,Tile,Rangeela Marble,Flamed,18,42.9,102.44,0.0,4394.68,Cheque,Saad Iqbal,Depot - Karachi,Pending,8.0
ORD102112,2025-10-19,CUST2455,Karachi,Sindh,Tile,Chaghi Golden,Polished,16,158.1,83.26,5.0,12505.24,Credit (30 days),Saad Iqbal,Main Yard - Chiniot,Cancelled,14.0
ORD102348,2025-07-03,CUST2521,Karachi,Sindh,Onyx,Chaghi Golden,Polished,18,60.0,480.47,0.0,28828.2,Bank Transfer,Zain Abbas,Main Yard - Chiniot,Delivered,7.0
ORD103119,2025-03-28,CUST1769,Gujranwala,Punjab,Marble,Botticino Beige,Polished,30,192.2,236.53,0.0,45461.07,Bank Transfer,Usman Tariq,Main Yard - Chiniot,Delivered,11.0
ORD103438,2024-11-20,CUST1137,Multan,Punjab,Tile,Ziarat White,Honed,22,253.3,89.67,10.0,20442.07,Bank Transfer,Fahad Malik,Main Yard - Chiniot,In Transit,11.0
ORD103302,2025-06-15,CUST2519,Peshawar,KPK,Onyx,Ziarat White,Bush Hammered,18,43.4,422.63,0.0,18342.14,Bank Transfer,Ahmed Raza,Depot - Multan,Delivered,5.0
ORD100653,2025-03-19,CUST1354,Islamabad,Federal,Marble,Chiniot Black,Polished,22,46.5,168.76,10.0,7062.61,Credit (30 days),Fahad Malik,Depot - Multan,In Transit,7.0
ORD100628,2024-10-14,CUST1111,Chiniot,Punjab,Granite,Multi Red,Polished,20,118.3,321.45,10.0,34224.78,Bank Transfer,Saad Iqbal,Depot - Multan,In Transit,9.0
ORD104703,2024-03-06,CUST1864,Chiniot,Punjab,Marble,Multi Red,Polished,22,338.6,144.74,5.0,46558.52,Cash,Tariq Mehmood,Main Yard - Chiniot,Pending,6.0
ORD102194,2025-05-19,CUST2157,Rawalpindi,Punjab,Tile,Emperador Brown,Leather,18,210.2,58.11,0.0,12214.72,Bank Transfer,Ahmed Raza,Main Yard - Chiniot,Delivered,7.0
ORD103423,2025-08-18,CUST2604,Faisalabad,Punjab,Marble,Teri White,Honed,16,111.3,179.73,10.0,18003.55,Cheque,Zain Abbas,Depot - Lahore,Cancelled,6.0
ORD100075,2024-09-23,CUST1406,Sialkot,Punjab,Granite,Buff Marble,Flamed,20,187.6,302.92,10.0,51145.01,Cash,Hamza Sheikh,Depot - Lahore,Cancelled,9.0
ORD103055,2025-06-01,CUST2414,Rawalpindi,Punjab,Onyx,Chaghi Golden,Bush Hammered,30,73.3,380.96,0.0,27924.37,Credit (30 days),Ahmed Raza,Depot - Lahore,In Transit,14.0
ORD102346,2024-06-10,CUST1012,Mianwali,Punjab,Granite,Botticino Beige,Polished,16,24.6,289.73,0.0,7127.36,Cash,Ahmed Raza,Depot - Karachi,Cancelled,8.0
ORD100490,2024-09-29,CUST2527,Karachi,Sindh,Marble,Botticino Beige,Polished,30,386.7,237.24,10.0,82566.64,Cash,Hamza Sheikh,Depot - Karachi,Delivered,10.0
ORD101877,2025-12-23,CUST2653,Lahore,Punjab,Onyx,Indus Green,Polished,16,110.5,333.01,0.0,36797.6,Cash,Usman Tariq,Main Yard - Chiniot,In Transit,5.0
ORD101106,2025-09-05,CUST3273,Sialkot,Punjab,Granite,Indus Green,Polished,16,198.2,229.78,0.0,45542.4,Bank Transfer,Usman Tariq,Depot - Karachi,Cancelled,6.0
ORD100158,2024-01-06,CUST1757,Sialkot,Punjab,Granite,Sunny Grey,Polished,30,132.8,204.47,0.0,27153.62,Bank Transfer,Ahmed Raza,Depot - Karachi,Cancelled,11.0
ORD101805,2025-10-12,CUST1435,Multan,Punjab,Tile,Emperador Brown,Honed,18,287.8,78.2,10.0,20255.36,Cash,Zain Abbas,Depot - Lahore,Cancelled,9.0
ORD102317,2024-03-30,CUST2331,Rawalpindi,Punjab,Marble,Botticino Beige,Honed,30,82.6,189.4,10.0,14080.0,Cash,Usman Tariq,Main Yard - Chiniot,Delivered,7.0
ORD104760,2025-06-25,CUST2857,Lahore,Punjab,Marble,Rangeela Marble,Honed,16,176.2,156.82,0.0,27631.68,Cash,Fahad Malik,Depot - Karachi,Delivered,7.0
ORD104737,2025-06-17,CUST3176,Sialkot,Punjab,Marble,Buff Marble,Flamed,20,91.1,194.39,0.0,17708.93,Cash,Ahmed Raza,Depot - Karachi,In Transit,3.0
ORD102604,2025-09-28,CUST2976,Multan,Punjab,Marble,Sunny Grey,Honed,16,182.2,156.82,0.0,28572.6,Bank Transfer,Tariq Mehmood,Depot - Lahore,Cancelled,5.0
ORD100306,2024-04-09,CUST1561,Chiniot,Punjab,Granite,Sunny Grey,Polished,30,117.1,303.65,0.0,35557.41,Bank Transfer,Usman Tariq,Depot - Karachi,In Transit,9.0
ORD102806,2025-07-29,CUST1363,Mianwali,Punjab,Granite,Black Galaxy,Polished,16,66.3,265.98,0.0,17634.47,Cash,Bilal Khan,Depot - Multan,Delivered,7.0
ORD103462,2024-01-04,CUST2455,Faisalabad,Punjab,Marble,Sunny Grey,Polished,16,60.8,242.78,0.0,14761.02,Cash,Fahad Malik,Depot - Multan,Delivered,9.0
ORD104930,2025-04-19,CUST1941,Rawalpindi,Punjab,Tile,Botticino Beige,Polished,18,204.2,89.6,10.0,16466.69,Cash,Ahmed Raza,Depot - Lahore,Delivered,7.0
ORD100241,2025-08-31,CUST2705,Gujranwala,Punjab,Tile,Rangeela Marble,Honed,18,197.7,88.33,0.0,17462.84,Cheque,Bilal Khan,Depot - Lahore,Cancelled,4.0
ORD100005,2025-11-14,CUST1563,Islamabad,Federal,Granite,Teri White,Honed,30,226.0,250.41,0.0,56592.66,Cash,Zain Abbas,Depot - Karachi,Pending,3.0
ORD102066,2025-05-27,CUST2754,Multan,Punjab,Tile,Ziarat White,Honed,18,219.1,105.77,5.0,22015.5,Bank Transfer,Hamza Sheikh,Depot - Lahore,Pending,3.0
ORD104421,2024-03-24,CUST1693,Quetta,Balochistan,Tile,Buff Marble,Flamed,30,514.7,103.4,0.0,53219.98,Cash,Hamza Sheikh,Main Yard - Chiniot,Cancelled,8.0
ORD100931,2024-07-31,CUST3036,Islamabad,Federal,Marble,Sunny Grey,Honed,20,32.3,209.46,0.0,6765.56,Cash,Saad Iqbal,Depot - Multan,In Transit,9.0
ORD101963,2025-12-02,CUST1743,Peshawar,KPK,Tile,Sunny Grey,Polished,22,275.7,87.23,5.0,22846.85,Cash,Hamza Sheikh,Depot - Multan,Delivered,7.0
ORD100293,2025-10-08,CUST1677,Gujranwala,Punjab,Granite,Chaghi Golden,Polished,22,75.7,275.69,0.0,20869.73,Bank Transfer,Usman Tariq,Main Yard - Chiniot,Delivered,10.0
ORD104985,2025-03-04,CUST3135,Peshawar,KPK,Tile,Ziarat White,Polished,20,226.0,91.59,0.0,20699.34,Cash,Usman Tariq,Depot - Multan,Delivered,8.0
ORD102195,2025-01-23,CUST1650,Gujranwala,Punjab,Granite,Chaghi Golden,Polished,16,113.6,204.17,0.0,23193.71,Cheque,Tariq Mehmood,Depot - Karachi,In Transit,15.0
ORD104448,2024-03-29,CUST2481,Gujranwala,Punjab,Marble,Botticino Beige,Polished,18,267.2,162.6,0.0,43446.72,Cash,Tariq Mehmood,Main Yard - Chiniot,Delivered,5.0
ORD103631,2024-11-22,CUST2849,Rawalpindi,Punjab,Marble,Multi Red,Polished,18,145.5,152.09,10.0,19916.19,Cheque,Ahmed Raza,Depot - Lahore,Delivered,8.0
ORD102258,2025-09-16,CUST1717,Faisalabad,Punjab,Marble,Multi Red,Leather,18,459.5,154.0,0.0,70763.0,Credit (30 days),Usman Tariq,Depot - Karachi,Delivered,12.0
ORD104598,2025-12-06,CUST1485,Sialkot,Punjab,Marble,Chaghi Golden,Bush Hammered,16,96.9,120.79,0.0,11704.55,Cheque,Zain Abbas,Depot - Karachi,Pending,9.0
ORD100567,2024-03-15,CUST3030,Mianwali,Punjab,Marble,Ziarat White,Polished,16,157.6,147.14,0.0,23189.26,Bank Transfer,Tariq Mehmood,Depot - Karachi,Pending,7.0
ORD102103,2025-02-14,CUST2651,Rawalpindi,Punjab,Marble,Sunny Grey,Polished,18,83.7,167.26,0.0,13999.66,Cheque,Saad Iqbal,Depot - Multan,In Transit,6.0
ORD100604,2024-09-24,CUST2398,Rawalpindi,Punjab,Granite,Chiniot Black,Polished,18,291.9,249.1,0.0,72712.29,Cash,Saad Iqbal,Main Yard - Chiniot,Delivered,6.0
ORD104235,2024-01-10,CUST2981,Karachi,Sindh,Marble,Indus Green,Honed,30,93.2,117.9,0.0,10988.28,Bank Transfer,Hamza Sheikh,Depot - Karachi,In Transit,9.0
ORD101264,2025-06-17,CUST2140,Rawalpindi,Punjab,Onyx,Ziarat White,Honed,30,161.4,438.39,10.0,63680.53,Bank Transfer,Tariq Mehmood,Depot - Multan,In Transit,7.0
ORD104773,2025-04-19,CUST2423,Mianwali,Punjab,Marble,Botticino Beige,Polished,30,326.5,250.89,0.0,81915.58,Credit (30 days),Fahad Malik,Main Yard - Chiniot,Delivered,7.0
ORD103221,2025-04-11,CUST1026,Peshawar,KPK,Marble,Emperador Brown,Polished,16,163.7,142.27,0.0,23289.6,Cash,Zain Abbas,Depot - Karachi,Cancelled,9.0
ORD103545,2025-09-23,CUST2052,Sialkot,Punjab,Onyx,Ziarat White,Honed,30,160.2,512.44,0.0,82092.89,Credit (30 days),Bilal Khan,Depot - Multan,Delivered,8.0
ORD101921,2024-06-18,CUST2775,Karachi,Sindh,Marble,Sunny Grey,Polished,30,108.9,195.85,0.0,21328.06,Bank Transfer,Tariq Mehmood,Depot - Lahore,In Transit,5.0
ORD103933,2024-02-10,CUST3467,Lahore,Punjab,Marble,Rangeela Marble,Flamed,22,74.3,205.63,0.0,15278.31,Bank Transfer,Usman Tariq,Depot - Multan,Cancelled,8.0
ORD100752,2024-04-16,CUST1358,Lahore,Punjab,Marble,Rangeela Marble,Polished,18,119.9,150.31,0.0,18022.17,Bank Transfer,Hamza Sheikh,Main Yard - Chiniot,Delivered,6.0
ORD101875,2025-02-14,CUST2078,Peshawar,KPK,Tile,Emperador Brown,Honed,20,91.8,92.54,0.0,8495.17,Cash,Zain Abbas,Main Yard - Chiniot,Delivered,6.0
ORD101390,2024-03-10,CUST1441,Chiniot,Punjab,Marble,Buff Marble,Polished,20,46.7,219.03,5.0,9717.27,Bank Transfer,Saad Iqbal,Depot - Multan,Pending,5.0
ORD101145,2024-11-23,CUST2427,Chiniot,Punjab,Marble,Buff Marble,Bush Hammered,20,62.0,129.16,10.0,7207.13,Cash,Tariq Mehmood,Depot - Karachi,Delivered,10.0
ORD104928,2025-01-25,CUST2301,Peshawar,KPK,Tile,Teri White,Honed,30,85.2,95.27,0.0,8117.0,Cash,Hamza Sheikh,Depot - Multan,In Transit,11.0
ORD100345,2025-02-17,CUST1435,Rawalpindi,Punjab,Marble,Sunny Grey,Leather,20,47.7,202.55,0.0,9661.64,Credit (30 days),Hamza Sheikh,Depot - Multan,Delivered,10.0
ORD102142,2024-05-17,CUST2068,Karachi,Sindh,Marble,Emperador Brown,Polished,18,68.7,167.33,10.0,10346.01,Credit (30 days),Ahmed Raza,Main Yard - Chiniot,In Transit,8.0
ORD102399,2025-11-28,CUST2806,Faisalabad,Punjab,Tile,Sunny Grey,Leather,18,93.9,101.25,0.0,9507.38,Credit (30 days),Hamza Sheikh,Depot - Karachi,Cancelled,5.0
ORD100007,2024-08-12,CUST2291,Faisalabad,Punjab,Marble,Teri White,Polished,30,77.5,121.31,0.0,9401.52,Credit (30 days),Usman Tariq,Depot - Multan,In Transit,5.0
ORD102511,2024-10-08,CUST2405,Islamabad,Federal,Granite,Multi Red,Bush Hammered,20,360.3,268.11,0.0,96600.03,Bank Transfer,Fahad Malik,Depot - Multan,Cancelled,3.0
ORD100382,2024-06-21,CUST2971,Multan,Punjab,Granite,Chiniot Black,Leather,20,100.8,231.9,0.0,23375.52,Bank Transfer,Fahad Malik,Depot - Lahore,Delivered,6.0
ORD104981,2024-06-16,CUST3211,Lahore,Punjab,Marble,Multi Red,Polished,22,391.7,205.91,0.0,80654.95,Bank Transfer,Usman Tariq,Depot - Lahore,Pending,5.0
ORD100950,2024-10-26,CUST2027,Mianwali,Punjab,Marble,Emperador Brown,Bush Hammered,30,54.8,229.87,0.0,12596.88,Cheque,Ahmed Raza,Depot - Karachi,Delivered,7.0
ORD103788,2024-09-15,CUST1144,Karachi,Sindh,Marble,Rangeela Marble,Polished,22,85.7,154.92,0.0,13276.64,Bank Transfer,Saad Iqbal,Depot - Karachi,Cancelled,7.0
ORD101281,2025-07-11,CUST1685,Peshawar,KPK,Onyx,Emperador Brown,Polished,22,48.0,357.22,5.0,16289.23,Cheque,Tariq Mehmood,Main Yard - Chiniot,Delivered,7.0
ORD102776,2025-09-10,CUST1571,Gujranwala,Punjab,Marble,Botticino Beige,Polished,30,165.4,251.99,10.0,37511.23,Bank Transfer,Saad Iqbal,Depot - Karachi,Delivered,8.0
ORD104398,2024-03-30,CUST2288,Islamabad,Federal,Marble,Sunny Grey,Leather,16,236.8,218.6,0.0,51764.48,Bank Transfer,Usman Tariq,Depot - Multan,Cancelled,3.0
ORD101513,2024-04-25,CUST2678,Karachi,Sindh,Marble,Emperador Brown,Honed,16,116.5,210.77,0.0,24554.7,Bank Transfer,Bilal Khan,Depot - Multan,Pending,8.0
ORD103361,2025-01-22,CUST2197,Mianwali,Punjab,Marble,Rangeela Marble,Leather,18,45.1,208.52,0.0,9404.25,Cash,Zain Abbas,Depot - Karachi,Delivered,6.0
ORD100579,2024-06-11,CUST1106,Faisalabad,Punjab,Marble,Botticino Beige,Polished,20,86.1,163.99,0.0,14119.54,Credit (30 days),Ahmed Raza,Main Yard - Chiniot,Pending,6.0
ORD102977,2025-07-07,CUST3456,Mianwali,Punjab,Granite,Teri White,Polished,16,35.7,356.4,0.0,12723.48,Cheque,Fahad Malik,Depot - Multan,In Transit,4.0
ORD100635,2024-07-25,CUST2345,Chiniot,Punjab,Granite,Buff Marble,Leather,20,72.1,228.76,5.0,15668.92,Cash,Hamza Sheikh,Main Yard - Chiniot,Pending,11.0
ORD103676,2025-02-13,CUST2695,Peshawar,KPK,Tile,Black Galaxy,Leather,18,116.6,63.75,15.0,6318.26,Cheque,Hamza Sheikh,Main Yard - Chiniot,In Transit,5.0
ORD101887,2025-07-09,CUST2056,Chiniot,Punjab,Marble,Botticino Beige,Polished,18,24.2,194.55,10.0,4237.3,Credit (30 days),Tariq Mehmood,Depot - Lahore,Delivered,5.0
ORD101335,2024-10-08,CUST3008,Multan,Punjab,Granite,Indus Green,Honed,16,63.2,300.23,0.0,18974.54,Bank Transfer,Tariq Mehmood,Depot - Karachi,In Transit,9.0
ORD103102,2024-04-06,CUST3002,Lahore,Punjab,Tile,Indus Green,Polished,16,98.9,72.85,0.0,7204.86,Bank Transfer,Saad Iqbal,Depot - Lahore,Pending,9.0
ORD100079,2025-03-30,CUST2093,Sialkot,Punjab,Marble,Buff Marble,Polished,16,64.7,194.42,0.0,12578.97,Credit (30 days),Ahmed Raza,Depot - Karachi,Pending,10.0
ORD101330,2025-08-16,CUST1386,Mianwali,Punjab,Tile,Ziarat White,Leather,20,20.0,94.67,0.0,1893.4,Credit (30 days),Ahmed Raza,Depot - Multan,Cancelled,8.0
ORD104485,2025-02-01,CUST2255,Faisalabad,Punjab,Marble,Rangeela Marble,Leather,22,52.4,151.01,0.0,7912.92,Cash,Hamza Sheikh,Depot - Lahore,In Transit,8.0
ORD104160,2025-08-13,CUST1893,Chiniot,Punjab,Marble,Indus Green,Polished,18,37.8,207.3,0.0,7835.94,Cash,Usman Tariq,Depot - Karachi,Delivered,8.0
ORD101490,2025-11-09,CUST2317,Faisalabad,Punjab,Tile,Botticino Beige,Honed,20,117.0,90.27,0.0,10561.59,Cash,Usman Tariq,Depot - Karachi,Delivered,4.0
ORD102688,2024-11-16,CUST3149,Lahore,Punjab,Onyx,Buff Marble,Flamed,16,34.3,359.01,0.0,12314.04,Cash,Usman Tariq,Depot - Lahore,Cancelled,4.0
ORD103989,2024-09-01,CUST3108,Lahore,Punjab,Marble,Botticino Beige,Polished,22,62.9,162.14,0.0,10198.61,Bank Transfer,Zain Abbas,Depot - Multan,In Transit,9.0
ORD104969,2024-01-10,CUST3083,Gujranwala,Punjab,Marble,Rangeela Marble,Polished,18,58.8,172.08,5.0,9612.39,Bank Transfer,Hamza Sheikh,Main Yard - Chiniot,Cancelled,4.0
ORD103139,2025-06-22,CUST3297,Sialkot,Punjab,Granite,Chiniot Black,Bush Hammered,20,97.2,304.48,5.0,28115.68,Cash,Fahad Malik,Depot - Lahore,Delivered,10.0
ORD100599,2025-01-29,CUST2668,Multan,Punjab,Marble,Chiniot Black,Polished,22,20.0,204.61,0.0,4092.2,Cash,Usman Tariq,Depot - Karachi,Cancelled,5.0
ORD101024,2024-01-26,CUST1035,Multan,Punjab,Tile,Chaghi Golden,Polished,16,152.0,96.87,0.0,14724.24,Credit (30 days),Usman Tariq,Depot - Multan,Delivered,9.0
ORD104815,2024-03-10,CUST1531,Multan,Punjab,Granite,Botticino Beige,Flamed,18,71.9,265.11,0.0,19061.41,Bank Transfer,Zain Abbas,Depot - Lahore,Cancelled,10.0
ORD104273,2024-07-11,CUST3045,Peshawar,KPK,Marble,Buff Marble,Polished,16,97.0,154.36,0.0,14972.92,Cash,Usman Tariq,Depot - Multan,Pending,4.0
ORD101375,2024-10-12,CUST3440,Chiniot,Punjab,Onyx,Buff Marble,Polished,16,246.6,417.78,0.0,103024.55,Bank Transfer,Fahad Malik,Main Yard - Chiniot,Delivered,4.0
ORD100754,2025-08-22,CUST2308,Quetta,Balochistan,Marble,Chaghi Golden,Honed,20,80.4,239.54,0.0,19259.02,Bank Transfer,Tariq Mehmood,Depot - Multan,Delivered,5.0
ORD102442,2025-07-15,CUST2262,Lahore,Punjab,Onyx,Chaghi Golden,Polished,22,59.8,444.8,0.0,26599.04,Cheque,Saad Iqbal,Depot - Lahore,Pending,9.0
ORD101412,2025-07-03,CUST1313,Lahore,Punjab,Marble,Black Galaxy,Polished,20,55.2,175.77,0.0,9702.5,Cash,Fahad Malik,Depot - Karachi,Cancelled,7.0
ORD100176,2025-12-20,CUST3167,Islamabad,Federal,Granite,Chaghi Golden,Polished,22,154.6,312.41,0.0,48298.59,Cheque,Usman Tariq,Depot - Karachi,In Transit,13.0
ORD101548,2024-09-16,CUST1951,Quetta,Balochistan,Marble,Sunny Grey,Honed,16,98.3,167.04,0.0,16420.03,Bank Transfer,Zain Abbas,Depot - Lahore,Delivered,12.0
ORD102695,2025-08-22,CUST2550,Chiniot,Punjab,Tile,Emperador Brown,Polished,30,20.0,118.57,0.0,2371.4,Cheque,Zain Abbas,Depot - Karachi,In Transit,8.0
ORD100093,2025-12-03,CUST3159,Quetta,Balochistan,Marble,Rangeela Marble,Honed,22,189.5,176.97,0.0,33535.82,Cash,Tariq Mehmood,Depot - Multan,Cancelled,10.0
ORD100708,2024-07-19,CUST2194,Rawalpindi,Punjab,Tile,Multi Red,Honed,16,77.5,87.7,5.0,6456.91,Cash,Usman Tariq,Depot - Karachi,Pending,5.0
ORD102653,2025-06-28,CUST2812,Multan,Punjab,Marble,Chaghi Golden,Polished,18,104.8,140.6,0.0,14734.88,Credit (30 days),Bilal Khan,Depot - Multan,Delivered,7.0
ORD100460,2025-08-07,CUST2341,Rawalpindi,Punjab,Marble,Black Galaxy,Polished,18,59.1,186.18,0.0,11003.24,Credit (30 days),Ahmed Raza,Main Yard - Chiniot,Pending,5.0
ORD102930,2025-04-01,CUST1795,Faisalabad,Punjab,Granite,Emperador Brown,Honed,22,134.2,296.71,10.0,35836.63,Credit (30 days),Tariq Mehmood,Main Yard - Chiniot,In Transit,8.0
ORD103430,2024-07-09,CUST1675,Faisalabad,Punjab,Marble,Emperador Brown,Leather,18,111.4,200.03,0.0,22283.34,Cash,Tariq Mehmood,Depot - Karachi,Pending,5.0
ORD101812,2024-01-03,CUST2714,Chiniot,Punjab,Tile,Buff Marble,Polished,16,145.8,82.15,0.0,11977.47,Cash,Zain Abbas,Depot - Karachi,Delivered,5.0
ORD103484,2025-09-23,CUST2873,Quetta,Balochistan,Onyx,Botticino Beige,Flamed,22,188.7,427.45,0.0,80659.81,Credit (30 days),Tariq Mehmood,Depot - Multan,In Transit,8.0
ORD103744,2024-10-16,CUST3055,Islamabad,Federal,Onyx,Black Galaxy,Flamed,16,93.4,382.48,0.0,35723.63,Cash,Ahmed Raza,Depot - Lahore,Delivered,9.0
ORD101229,2024-01-23,CUST2274,Faisalabad,Punjab,Granite,Buff Marble,Polished,18,154.3,247.69,10.0,34396.71,Cash,Tariq Mehmood,Depot - Karachi,In Transit,10.0
ORD103930,2025-03-10,CUST1655,Islamabad,Federal,Marble,Chiniot Black,Polished,16,153.1,185.78,0.0,28442.92,Cheque,Saad Iqbal,Depot - Multan,In Transit,7.0
ORD101925,2025-05-02,CUST3427,Faisalabad,Punjab,Onyx,Chiniot Black,Honed,18,132.9,476.25,0.0,63293.62,Cash,Fahad Malik,Depot - Lahore,Pending,7.0
ORD100302,2025-04-18,CUST1595,Lahore,Punjab,Granite,Rangeela Marble,Leather,16,142.1,279.47,0.0,39712.69,Bank Transfer,Saad Iqbal,Main Yard - Chiniot,Cancelled,10.0
ORD100292,2025-11-23,CUST1527,Mianwali,Punjab,Marble,Chiniot Black,Polished,18,84.9,218.93,0.0,18587.16,Bank Transfer,Tariq Mehmood,Depot - Multan,In Transit,7.0
ORD100145,2025-06-04,CUST2164,Lahore,Punjab,Marble,Buff Marble,Polished,22,157.4,191.26,0.0,30104.32,Cheque,Ahmed Raza,Main Yard - Chiniot,Delivered,13.0
ORD102373,2024-10-09,CUST1020,Mianwali,Punjab,Marble,Multi Red,Polished,16,59.3,175.41,0.0,10401.81,Credit (30 days),Hamza Sheikh,Main Yard - Chiniot,Cancelled,9.0
ORD101485,2024-06-06,CUST1013,Sialkot,Punjab,Marble,Emperador Brown,Leather,18,171.2,195.43,0.0,33457.62,Credit (30 days),Zain Abbas,Depot - Karachi,Delivered,11.0
ORD103768,2025-09-29,CUST2724,Gujranwala,Punjab,Marble,Teri White,Polished,22,99.3,191.98,0.0,19063.61,Credit (30 days),Zain Abbas,Depot - Karachi,Delivered,8.0
ORD102489,2025-02-28,CUST3350,Multan,Punjab,Granite,Indus Green,Bush Hammered,22,166.2,258.87,0.0,43024.19,Credit (30 days),Zain Abbas,Main Yard - Chiniot,Cancelled,5.0
ORD102520,2025-11-18,CUST2317,Islamabad,Federal,Granite,Ziarat White,Honed,30,74.7,284.45,0.0,21248.42,Credit (30 days),Ahmed Raza,Depot - Lahore,Cancelled,9.0
ORD103309,2025-08-19,CUST2934,Multan,Punjab,Tile,Indus Green,Polished,22,123.3,92.14,5.0,10792.82,Cash,Tariq Mehmood,Main Yard - Chiniot,Pending,7.0
ORD104146,2025-02-20,CUST1400,Peshawar,KPK,Tile,Buff Marble,Honed,30,27.2,94.58,0.0,2572.58,Bank Transfer,Bilal Khan,Depot - Karachi,Delivered,9.0
ORD102107,2024-06-27,CUST1129,Lahore,Punjab,Marble,Sunny Grey,Polished,18,48.4,214.73,0.0,10392.93,Cash,Zain Abbas,Depot - Lahore,Delivered,5.0
ORD103983,2024-07-18,CUST2379,Mianwali,Punjab,Marble,Black Galaxy,Honed,16,133.1,149.69,0.0,19923.74,Cash,Zain Abbas,Main Yard - Chiniot,Cancelled,9.0
ORD100329,2025-01-18,CUST3202,Lahore,Punjab,Marble,Sunny Grey,Polished,20,52.7,167.46,10.0,7942.63,Bank Transfer,Ahmed Raza,Depot - Multan,Delivered,9.0
ORD103627,2024-08-19,CUST2828,Gujranwala,Punjab,Onyx,Multi Red,Honed,22,170.7,383.37,0.0,65441.26,Cash,Bilal Khan,Depot - Lahore,Delivered,7.0
ORD101914,2024-01-17,CUST1935,Lahore,Punjab,Tile,Multi Red,Polished,18,157.6,81.65,0.0,12868.04,Cash,Fahad Malik,Depot - Karachi,Delivered,9.0
ORD103451,2025-10-16,CUST1605,Chiniot,Punjab,Marble,Emperador Brown,Polished,16,91.9,149.28,0.0,13718.83,Cheque,Bilal Khan,Depot - Lahore,Delivered,4.0
ORD102367,2025-10-15,CUST1856,Chiniot,Punjab,Marble,Chiniot Black,Bush Hammered,30,80.5,156.03,0.0,12560.42,Bank Transfer,Saad Iqbal,Depot - Multan,In Transit,7.0
ORD101243,2025-03-17,CUST1982,Rawalpindi,Punjab,Tile,Black Galaxy,Leather,30,176.9,67.75,0.0,11984.98,Cheque,Saad Iqbal,Depot - Karachi,Cancelled,3.0
ORD103210,2024-09-06,CUST2505,Islamabad,Federal,Marble,Botticino Beige,Polished,16,20.0,176.67,0.0,3533.4,Cash,Zain Abbas,Main Yard - Chiniot,Pending,9.0
ORD100404,2024-04-14,CUST1757,Lahore,Punjab,Marble,Rangeela Marble,Polished,22,23.6,182.89,0.0,4316.2,Credit (30 days),Hamza Sheikh,Depot - Karachi,In Transit,14.0
ORD103704,2024-10-10,CUST1303,Mianwali,Punjab,Tile,Ziarat White,Honed,18,191.3,94.26,15.0,15327.15,Cash,Bilal Khan,Main Yard - Chiniot,Delivered,9.0
ORD102665,2025-12-29,CUST1449,Quetta,Balochistan,Marble,Multi Red,Polished,22,20.0,184.11,0.0,3682.2,Cheque,Saad Iqbal,Depot - Lahore,Delivered,8.0
ORD101627,2025-06-17,CUST1344,Rawalpindi,Punjab,Tile,Teri White,Polished,16,160.7,80.4,0.0,12920.28,Credit (30 days),Usman Tariq,Depot - Karachi,Delivered,5.0
ORD104533,2025-08-28,CUST3120,Faisalabad,Punjab,Marble,Ziarat White,Honed,22,36.8,174.66,0.0,6427.49,Cheque,Saad Iqbal,Main Yard - Chiniot,Delivered,4.0
ORD102731,2024-04-08,CUST3053,Multan,Punjab,Granite,Sunny Grey,Bush Hammered,16,312.4,178.34,0.0,55713.42,Bank Transfer,Tariq Mehmood,Depot - Karachi,In Transit,9.0
ORD100141,2025-11-15,CUST3179,Karachi,Sindh,Marble,Botticino Beige,Honed,22,220.5,164.62,0.0,36298.71,Cash,Tariq Mehmood,Main Yard - Chiniot,Pending,11.0
ORD101360,2025-02-15,CUST2837,Quetta,Balochistan,Marble,Rangeela Marble,Honed,20,20.0,149.05,0.0,2981.0,Cheque,Tariq Mehmood,Main Yard - Chiniot,Pending,8.0
ORD102833,2024-03-30,CUST1764,Islamabad,Federal,Tile,Ziarat White,Honed,20,390.8,97.67,0.0,38169.44,Cheque,Zain Abbas,Depot - Lahore,Delivered,5.0
ORD100848,2025-08-08,CUST1839,Rawalpindi,Punjab,Granite,Black Galaxy,Polished,22,167.8,257.81,0.0,43260.52,Cash,Fahad Malik,Depot - Lahore,Delivered,11.0
ORD100794,2025-10-07,CUST3488,Peshawar,KPK,Tile,Sunny Grey,Polished,30,140.9,88.63,0.0,12487.97,Cash,Tariq Mehmood,Depot - Karachi,Delivered,5.0
ORD104702,2024-05-12,CUST1155,Peshawar,KPK,Marble,Rangeela Marble,Polished,18,267.2,196.16,0.0,52413.95,Bank Transfer,Bilal Khan,Main Yard - Chiniot,Delivered,7.0
ORD102203,2025-04-29,CUST1109,Islamabad,Federal,Marble,Chiniot Black,Polished,20,204.8,195.86,0.0,40112.13,Bank Transfer,Ahmed Raza,Depot - Multan,Cancelled,6.0
ORD100308,2025-06-04,CUST2181,Gujranwala,Punjab,Marble,Sunny Grey,Polished,18,71.2,183.97,5.0,12443.73,Bank Transfer,Bilal Khan,Depot - Lahore,Delivered,8.0
ORD104830,2025-02-09,CUST2705,Quetta,Balochistan,Marble,Botticino Beige,Honed,30,157.0,210.91,0.0,33112.87,Cash,Tariq Mehmood,Depot - Multan,Delivered,8.0
ORD103286,2024-01-20,CUST3454,Karachi,Sindh,Marble,Botticino Beige,Polished,18,98.9,213.6,0.0,21125.04,Cash,Ahmed Raza,Depot - Multan,Cancelled,8.0
ORD104468,2024-01-19,CUST1955,Faisalabad,Punjab,Marble,Botticino Beige,Honed,18,20.0,145.41,0.0,2908.2,Bank Transfer,Hamza Sheikh,Depot - Karachi,Delivered,10.0
ORD101268,2024-08-17,CUST1229,Mianwali,Punjab,Marble,Emperador Brown,Honed,30,61.6,176.1,0.0,10847.76,Cheque,Fahad Malik,Depot - Karachi,Pending,10.0
ORD104242,2025-04-14,CUST3102,Multan,Punjab,Tile,Multi Red,Bush Hammered,16,167.6,88.3,15.0,12579.22,Cash,Ahmed Raza,Depot - Lahore,Pending,5.0
ORD104502,2024-10-01,CUST1663,Karachi,Sindh,Tile,Chiniot Black,Leather,30,91.8,103.45,0.0,9496.71,Bank Transfer,Ahmed Raza,Depot - Lahore,Delivered,3.0
ORD104412,2024-03-21,CUST3391,Gujranwala,Punjab,Marble,Sunny Grey,Polished,20,61.0,197.22,0.0,12030.42,Credit (30 days),Fahad Malik,Depot - Lahore,In Transit,8.0
ORD102842,2024-08-27,CUST2744,Faisalabad,Punjab,Granite,Rangeela Marble,Polished,22,98.6,229.58,0.0,22636.59,Cheque,Saad Iqbal,Main Yard - Chiniot,Delivered,10.0
ORD101682,2024-12-09,CUST1550,Islamabad,Federal,Marble,Chiniot Black,Honed,20,125.0,207.27,10.0,23317.88,Cash,Ahmed Raza,Depot - Karachi,Cancelled,8.0
ORD103605,2025-11-19,CUST2988,Quetta,Balochistan,Onyx,Teri White,Polished,18,211.7,481.28,0.0,101886.98,Cheque,Tariq Mehmood,Depot - Lahore,Delivered,8.0
ORD103468,2025-10-26,CUST2503,Islamabad,Federal,Marble,Teri White,Polished,22,337.5,155.91,0.0,52619.62,Bank Transfer,Ahmed Raza,Main Yard - Chiniot,Pending,11.0
ORD100971,2025-05-11,CUST3035,Sialkot,Punjab,Tile,Sunny Grey,Polished,30,59.5,94.88,0.0,5645.36,Cash,Tariq Mehmood,Depot - Lahore,Delivered,7.0
ORD102364,2025-05-19,CUST3195,Sialkot,Punjab,Marble,Emperador Brown,Leather,18,164.8,224.48,0.0,36994.3,Bank Transfer,Zain Abbas,Depot - Lahore,Delivered,8.0
ORD102168,2024-01-05,CUST1090,Rawalpindi,Punjab,Marble,Sunny Grey,Leather,20,64.9,165.45,5.0,10200.82,Cheque,Saad Iqbal,Main Yard - Chiniot,In Transit,12.0
ORD102889,2025-11-30,CUST1580,Quetta,Balochistan,Marble,Ziarat White,Honed,30,162.9,218.21,0.0,35546.41,Bank Transfer,Usman Tariq,Depot - Lahore,In Transit,4.0
ORD101662,2025-06-22,CUST3199,Chiniot,Punjab,Marble,Rangeela Marble,Leather,30,177.1,170.58,5.0,28699.23,Credit (30 days),Zain Abbas,Depot - Multan,Delivered,3.0
ORD102314,2024-09-08,CUST1645,Karachi,Sindh,Tile,Botticino Beige,Polished,30,63.2,119.29,0.0,7539.13,Bank Transfer,Zain Abbas,Main Yard - Chiniot,Delivered,6.0
ORD100954,2024-07-27,CUST3095,Faisalabad,Punjab,Onyx,Emperador Brown,Leather,18,20.0,373.87,0.0,7477.4,Bank Transfer,Tariq Mehmood,Main Yard - Chiniot,Pending,5.0
ORD100185,2025-10-31,CUST2326,Lahore,Punjab,Tile,Emperador Brown,Polished,22,181.8,114.95,0.0,20897.91,Cash,Zain Abbas,Depot - Lahore,Pending,6.0
ORD104145,2024-12-02,CUST1810,Karachi,Sindh,Marble,Teri White,Polished,18,41.5,239.01,0.0,9918.91,Cash,Saad Iqbal,Depot - Multan,Delivered,4.0
ORD100392,2025-11-09,CUST2578,Mianwali,Punjab,Granite,Black Galaxy,Polished,20,105.5,290.71,0.0,30669.9,Credit (30 days),Usman Tariq,Depot - Lahore,In Transit,9.0
ORD100867,2025-09-29,CUST1159,Islamabad,Federal,Onyx,Teri White,Honed,18,239.0,343.68,0.0,82139.52,Cash,Bilal Khan,Depot - Multan,Cancelled,6.0
ORD104001,2024-12-15,CUST3438,Peshawar,KPK,Marble,Botticino Beige,Honed,30,33.3,201.72,0.0,6717.28,Cash,Zain Abbas,Main Yard - Chiniot,Delivered,3.0
ORD100483,2024-10-06,CUST2857,Mianwali,Punjab,Marble,Indus Green,Polished,18,295.9,166.25,0.0,49193.37,Cash,Hamza Sheikh,Main Yard - Chiniot,Pending,7.0
ORD103649,2024-03-11,CUST3221,Chiniot,Punjab,Marble,Black Galaxy,Flamed,20,294.3,194.22,0.0,57158.95,Bank Transfer,Zain Abbas,Main Yard - Chiniot,Cancelled,7.0
ORD102319,2024-08-20,CUST1580,Faisalabad,Punjab,Marble,Chiniot Black,Polished,16,63.8,153.05,0.0,9764.59,Cash,Tariq Mehmood,Depot - Multan,Delivered,4.0
ORD103023,2025-03-13,CUST1277,Rawalpindi,Punjab,Marble,Sunny Grey,Polished,20,102.6,211.42,0.0,21691.69,Cash,Usman Tariq,Main Yard - Chiniot,In Transit,7.0
ORD104859,2025-08-18,CUST1226,Lahore,Punjab,Marble,Botticino Beige,Honed,18,58.4,181.25,15.0,8997.25,Credit (30 days),Ahmed Raza,Main Yard - Chiniot,In Transit,5.0
ORD102277,2025-04-13,CUST1497,Peshawar,KPK,Granite,Botticino Beige,Polished,16,271.0,322.76,0.0,87467.96,Cash,Usman Tariq,Depot - Lahore,Cancelled,5.0
ORD100022,2024-06-18,CUST1753,Multan,Punjab,Marble,Teri White,Honed,30,28.4,157.81,10.0,4033.62,Cheque,Ahmed Raza,Main Yard - Chiniot,In Transit,8.0
ORD103757,2024-02-19,CUST1915,Quetta,Balochistan,Granite,Teri White,Polished,22,82.4,252.86,10.0,18752.1,Cash,Zain Abbas,Depot - Lahore,Delivered,6.0
ORD100884,2025-03-03,CUST2451,Sialkot,Punjab,Marble,Ziarat White,Polished,30,72.3,257.05,0.0,18584.72,Bank Transfer,Tariq Mehmood,Depot - Multan,Pending,8.0
ORD100287,2024-05-02,CUST1920,Quetta,Balochistan,Tile,Botticino Beige,Honed,22,66.6,108.61,10.0,6510.08,Credit (30 days),Ahmed Raza,Main Yard - Chiniot,Delivered,5.0
ORD100130,2024-08-05,CUST2124,Rawalpindi,Punjab,Granite,Chaghi Golden,Honed,18,35.9,243.84,0.0,8753.86,Cash,Tariq Mehmood,Depot - Multan,Pending,6.0
ORD104940,2024-03-12,CUST2271,Mianwali,Punjab,Marble,Rangeela Marble,Polished,20,26.0,262.0,0.0,6812.0,Bank Transfer,Bilal Khan,Main Yard - Chiniot,Cancelled,4.0
ORD103433,2024-05-13,CUST2686,Gujranwala,Punjab,Marble,Sunny Grey,Polished,30,89.6,215.06,0.0,19269.38,Cash,Bilal Khan,Depot - Multan,Pending,12.0
ORD104270,2025-10-16,CUST2718,Multan,Punjab,Granite,Chiniot Black,Flamed,16,187.2,297.74,10.0,50163.24,Bank Transfer,Ahmed Raza,Main Yard - Chiniot,Pending,8.0
ORD103656,2024-02-15,CUST3474,Chiniot,Punjab,Marble,Rangeela Marble,Bush Hammered,18,42.5,176.85,0.0,7516.12,Credit (30 days),Zain Abbas,Depot - Multan,Delivered,9.0
ORD102762,2025-12-07,CUST1235,Karachi,Sindh,Granite,Teri White,Leather,18,48.3,192.07,0.0,9276.98,Cheque,Tariq Mehmood,Depot - Karachi,Delivered,6.0
ORD102392,2024-07-26,CUST1614,Chiniot,Punjab,Marble,Black Galaxy,Honed,20,181.6,165.0,0.0,29964.0,Cheque,Ahmed Raza,Depot - Lahore,Cancelled,4.0
ORD103547,2024-06-15,CUST1523,Mianwali,Punjab,Marble,Multi Red,Polished,18,78.3,193.42,0.0,15144.79,Cash,Bilal Khan,Main Yard - Chiniot,Cancelled,4.0
ORD103793,2024-06-06,CUST3288,Karachi,Sindh,Marble,Botticino Beige,Polished,22,69.4,188.16,0.0,13058.3,Cheque,Usman Tariq,Main Yard - Chiniot,In Transit,6.0
ORD101348,2025-04-11,CUST2011,Karachi,Sindh,Marble,Chaghi Golden,Polished,30,112.7,197.36,0.0,20018.22,Cheque,Hamza Sheikh,Depot - Multan,Cancelled,10.0
ORD104663,2024-08-07,CUST3239,Rawalpindi,Punjab,Marble,Chiniot Black,Polished,20,110.1,150.63,0.0,16584.36,Bank Transfer,Bilal Khan,Depot - Multan,Delivered,7.0
ORD102643,2025-08-03,CUST2303,Chiniot,Punjab,Marble,Ziarat White,Flamed,18,109.4,183.59,0.0,20084.75,Cash,Bilal Khan,Depot - Karachi,Delivered,9.0
ORD101508,2025-08-23,CUST2158,Peshawar,KPK,Marble,Botticino Beige,Honed,30,20.6,216.64,0.0,4462.78,Bank Transfer,Hamza Sheikh,Main Yard - Chiniot,Cancelled,7.0
ORD103718,2025-08-18,CUST1489,Sialkot,Punjab,Marble,Indus Green,Honed,18,49.5,193.08,10.0,8601.71,Cash,Ahmed Raza,Depot - Multan,Pending,7.0
ORD103889,2025-08-01,CUST2472,Mianwali,Punjab,Tile,Rangeela Marble,Honed,18,29.5,68.67,0.0,2025.76,Credit (30 days),Ahmed Raza,Main Yard - Chiniot,Pending,8.0
ORD100173,2025-01-14,CUST1235,Lahore,Punjab,Marble,Rangeela Marble,Polished,18,39.7,170.79,0.0,6780.36,Cash,Usman Tariq,Depot - Lahore,Delivered,6.0
ORD102082,2025-12-21,CUST3027,Sialkot,Punjab,Granite,Emperador Brown,Polished,30,144.1,296.94,10.0,38510.15,Bank Transfer,Tariq Mehmood,Depot - Karachi,Pending,9.0
ORD101039,2024-01-22,CUST2799,Quetta,Balochistan,Granite,Teri White,Polished,20,107.0,300.61,0.0,32165.27,Cash,Usman Tariq,Main Yard - Chiniot,Delivered,4.0
ORD101478,2025-02-06,CUST1755,Islamabad,Federal,Granite,Chaghi Golden,Polished,18,80.8,271.69,10.0,19757.3,Credit (30 days),Usman Tariq,Depot - Multan,In Transit,6.0
ORD101837,2024-12-03,CUST2299,Faisalabad,Punjab,Marble,Chaghi Golden,Polished,30,65.8,221.36,0.0,14565.49,Credit (30 days),Tariq Mehmood,Depot - Multan,Cancelled,11.0
ORD104022,2025-08-11,CUST3254,Faisalabad,Punjab,Granite,Sunny Grey,Polished,18,35.6,297.86,5.0,10073.63,Cash,Zain Abbas,Depot - Multan,Delivered,9.0
ORD103836,2024-08-17,CUST1823,Faisalabad,Punjab,Marble,Multi Red,Polished,30,20.0,210.29,0.0,4205.8,Bank Transfer,Bilal Khan,Depot - Multan,Delivered,7.0
ORD100045,2024-04-29,CUST2555,Peshawar,KPK,Onyx,Botticino Beige,Leather,30,25.0,494.46,0.0,12361.5,Credit (30 days),Ahmed Raza,Depot - Karachi,Cancelled,9.0
ORD100464,2025-04-30,CUST1356,Rawalpindi,Punjab,Marble,Teri White,Honed,16,135.5,204.78,0.0,27747.69,Cash,Fahad Malik,Depot - Lahore,Cancelled,7.0
ORD100267,2025-02-22,CUST2425,Faisalabad,Punjab,Granite,Sunny Grey,Polished,16,42.6,277.32,0.0,11813.83,Cash,Tariq Mehmood,Depot - Lahore,In Transit,10.0
ORD104868,2024-05-06,CUST1688,Gujranwala,Punjab,Granite,Teri White,Polished,22,88.4,247.43,0.0,21872.81,Bank Transfer,Zain Abbas,Depot - Lahore,Delivered,5.0
ORD100543,2024-03-23,CUST3377,Faisalabad,Punjab,Onyx,Sunny Grey,Polished,30,71.5,463.03,0.0,33106.64,Cheque,Tariq Mehmood,Depot - Karachi,Delivered,8.0
ORD103928,2025-02-09,CUST1664,Karachi,Sindh,Tile,Multi Red,Honed,22,106.8,82.52,0.0,8813.14,Bank Transfer,Usman Tariq,Main Yard - Chiniot,Delivered,10.0
ORD103191,2025-03-26,CUST3429,Multan,Punjab,Tile,Teri White,Honed,20,363.2,86.94,0.0,31576.61,Bank Transfer,Fahad Malik,Depot - Multan,In Transit,4.0
ORD101327,2024-01-30,CUST1886,Peshawar,KPK,Marble,Indus Green,Flamed,22,36.7,218.81,0.0,8030.33,Cash,Hamza Sheikh,Depot - Lahore,Cancelled,10.0
ORD102747,2025-01-01,CUST2451,Peshawar,KPK,Marble,Chiniot Black,Honed,18,50.7,232.52,0.0,11788.76,Credit (30 days),Ahmed Raza,Depot - Lahore,Cancelled,8.0
ORD100249,2024-05-28,CUST2420,Rawalpindi,Punjab,Onyx,Black Galaxy,Leather,30,198.7,444.34,10.0,79461.32,Cash,Usman Tariq,Depot - Karachi,Delivered,6.0
ORD101503,2025-10-20,CUST1169,Multan,Punjab,Onyx,Buff Marble,Leather,20,171.2,503.55,0.0,86207.76,Cash,Saad Iqbal,Depot - Multan,Delivered,4.0
ORD103740,2024-08-24,CUST2638,Sialkot,Punjab,Granite,Ziarat White,Leather,22,51.6,262.46,5.0,12865.79,Credit (30 days),Saad Iqbal,Depot - Multan,Cancelled,9.0
ORD100837,2024-04-02,CUST2970,Mianwali,Punjab,Granite,Sunny Grey,Leather,22,57.2,340.1,0.0,19453.72,Cash,Zain Abbas,Depot - Karachi,Delivered,8.0
ORD100194,2024-03-23,CUST3095,Quetta,Balochistan,Tile,Emperador Brown,Polished,16,99.7,105.13,5.0,9957.39,Cash,Fahad Malik,Depot - Lahore,Delivered,4.0
ORD100172,2024-10-22,CUST3323,Faisalabad,Punjab,Marble,Ziarat White,Honed,20,191.8,198.97,0.0,38162.45,Cash,Hamza Sheikh,Depot - Karachi,Delivered,8.0
ORD103544,2025-12-08,CUST1842,Chiniot,Punjab,Marble,Buff Marble,Polished,20,33.2,203.27,0.0,6748.56,Cheque,Fahad Malik,Main Yard - Chiniot,Delivered,6.0
ORD101354,2025-06-13,CUST2667,Islamabad,Federal,Marble,Black Galaxy,Polished,20,123.6,201.37,5.0,23644.87,Credit (30 days),Fahad Malik,Depot - Multan,Delivered,5.0
ORD102696,2024-10-02,CUST1216,Mianwali,Punjab,Marble,Indus Green,Polished,16,126.5,216.05,0.0,27330.32,Credit (30 days),Zain Abbas,Depot - Karachi,Delivered,6.0
ORD103333,2024-08-21,CUST2771,Quetta,Balochistan,Onyx,Black Galaxy,Flamed,30,66.5,500.02,5.0,31588.76,Cheque,Hamza Sheikh,Main Yard - Chiniot,Cancelled,8.0
ORD103216,2025-07-28,CUST1199,Mianwali,Punjab,Tile,Ziarat White,Polished,16,20.0,83.18,0.0,1663.6,Bank Transfer,Zain Abbas,Depot - Multan,Pending,6.0
ORD102713,2024-01-06,CUST1206,Mianwali,Punjab,Granite,Teri White,Polished,22,61.9,247.18,0.0,15300.44,Credit (30 days),Ahmed Raza,Depot - Multan,Cancelled,3.0
ORD104355,2025-07-13,CUST2450,Lahore,Punjab,Marble,Sunny Grey,Polished,20,62.3,152.68,5.0,9036.37,Credit (30 days),Saad Iqbal,Depot - Multan,Pending,7.0
ORD101284,2025-08-27,CUST2812,Karachi,Sindh,Marble,Multi Red,Polished,18,27.0,229.95,0.0,6208.65,Credit (30 days),Zain Abbas,Depot - Lahore,Delivered,9.0
ORD100299,2024-12-06,CUST2228,Sialkot,Punjab,Marble,Black Galaxy,Honed,18,128.5,160.47,5.0,19589.38,Credit (30 days),Ahmed Raza,Depot - Karachi,Delivered,6.0
ORD102968,2024-04-20,CUST2152,Islamabad,Federal,Onyx,Botticino Beige,Polished,16,69.5,340.47,0.0,23662.66,Cash,Zain Abbas,Depot - Karachi,Cancelled,6.0
ORD104456,2025-02-19,CUST1195,Lahore,Punjab,Granite,Botticino Beige,Honed,18,58.3,250.13,0.0,14582.58,Bank Transfer,Fahad Malik,Depot - Karachi,Cancelled,7.0
ORD102611,2025-01-27,CUST2029,Lahore,Punjab,Onyx,Chaghi Golden,Polished,22,82.9,354.17,0.0,29360.69,Bank Transfer,Fahad Malik,Depot - Lahore,Delivered,14.0
ORD100178,2025-12-25,CUST1327,Faisalabad,Punjab,Tile,Rangeela Marble,Honed,30,196.1,113.33,0.0,22224.01,Cash,Ahmed Raza,Depot - Lahore,Delivered,5.0
ORD102896,2024-05-13,CUST2130,Chiniot,Punjab,Marble,Indus Green,Honed,16,221.3,173.67,0.0,38433.17,Cash,Hamza Sheikh,Main Yard - Chiniot,Delivered,8.0
ORD100254,2024-02-11,CUST2273,Gujranwala,Punjab,Granite,Emperador Brown,Polished,20,33.9,292.89,0.0,9928.97,Credit (30 days),Tariq Mehmood,Depot - Lahore,Cancelled,4.0
ORD102236,2024-10-05,CUST1562,Quetta,Balochistan,Marble,Sunny Grey,Polished,30,98.0,200.37,0.0,19636.26,Cash,Ahmed Raza,Depot - Lahore,Delivered,5.0
ORD101189,2025-01-28,CUST1488,Lahore,Punjab,Granite,Botticino Beige,Flamed,20,114.4,301.5,0.0,34491.6,Cash,Usman Tariq,Depot - Karachi,Delivered,8.0
ORD102327,2024-06-10,CUST3336,Multan,Punjab,Marble,Sunny Grey,Polished,22,165.9,175.86,0.0,29175.17,Cash,Fahad Malik,Depot - Lahore,Delivered,7.0
ORD104530,2025-09-06,CUST2020,Multan,Punjab,Marble,Chiniot Black,Flamed,22,92.8,223.67,0.0,20756.58,Cash,Tariq Mehmood,Depot - Karachi,Delivered,7.0
ORD101909,2025-04-01,CUST2392,Peshawar,KPK,Marble,Indus Green,Polished,22,116.7,214.91,10.0,22572.0,Bank Transfer,Hamza Sheikh,Depot - Karachi,In Transit,8.0
ORD103398,2024-07-24,CUST2175,Faisalabad,Punjab,Tile,Ziarat White,Leather,18,195.3,75.09,0.0,14665.08,Cheque,Hamza Sheikh,Main Yard - Chiniot,Delivered,10.0
ORD101395,2025-12-25,CUST2892,Rawalpindi,Punjab,Tile,Botticino Beige,Polished,20,21.8,93.08,0.0,2029.14,Credit (30 days),Hamza Sheikh,Depot - Multan,Cancelled,6.0
ORD101349,2024-12-15,CUST1260,Gujranwala,Punjab,Marble,Black Galaxy,Polished,18,101.1,208.53,0.0,21082.38,Cash,Tariq Mehmood,Depot - Lahore,Delivered,6.0
ORD103624,2025-03-08,CUST2798,Rawalpindi,Punjab,Granite,Indus Green,Polished,20,555.5,276.04,0.0,153340.22,Bank Transfer,Bilal Khan,Main Yard - Chiniot,Cancelled,7.0
ORD102631,2025-03-17,CUST2494,Lahore,Punjab,Marble,Emperador Brown,Polished,18,216.9,196.63,0.0,42649.05,Cheque,Tariq Mehmood,Main Yard - Chiniot,Delivered,10.0
ORD102652,2025-10-12,CUST1676,Karachi,Sindh,Granite,Black Galaxy,Polished,22,198.5,222.0,0.0,44067.0,Cash,Zain Abbas,Depot - Karachi,Cancelled,4.0
ORD104741,2024-12-14,CUST1884,Gujranwala,Punjab,Tile,Buff Marble,Honed,22,64.0,105.23,5.0,6397.98,Bank Transfer,Fahad Malik,Depot - Karachi,Cancelled,6.0
ORD103674,2025-10-05,CUST1087,Mianwali,Punjab,Marble,Chaghi Golden,Leather,20,334.1,162.2,0.0,54191.02,Cheque,Fahad Malik,Depot - Karachi,Delivered,7.0
ORD102659,2024-08-15,CUST2372,Chiniot,Punjab,Marble,Buff Marble,Polished,20,20.0,193.02,0.0,3860.4,Bank Transfer,Ahmed Raza,Depot - Lahore,Delivered,5.0
ORD102449,2024-01-19,CUST2263,Quetta,Balochistan,Marble,Rangeela Marble,Polished,22,123.9,184.02,0.0,22800.08,Bank Transfer,Usman Tariq,Depot - Multan,In Transit,2.0
ORD102752,2024-04-27,CUST2360,Faisalabad,Punjab,Marble,Sunny Grey,Polished,18,331.6,188.42,0.0,62480.07,Bank Transfer,Saad Iqbal,Depot - Karachi,Delivered,7.0
ORD102349,2024-01-29,CUST2705,Lahore,Punjab,Marble,Chaghi Golden,Polished,20,132.9,178.91,0.0,23777.14,Cheque,Fahad Malik,Depot - Lahore,Delivered,8.0
ORD104818,2025-04-04,CUST3155,Chiniot,Punjab,Granite,Emperador Brown,Polished,16,89.1,172.71,0.0,15388.46,Cheque,Zain Abbas,Depot - Lahore,Cancelled,7.0
ORD100159,2024-10-15,CUST2948,Islamabad,Federal,Marble,Teri White,Honed,18,71.3,193.03,0.0,13763.04,Cash,Usman Tariq,Depot - Karachi,In Transit,11.0
ORD102678,2025-06-26,CUST1897,Sialkot,Punjab,Marble,Rangeela Marble,Honed,20,332.7,143.76,0.0,47828.95,Cheque,Hamza Sheikh,Depot - Karachi,In Transit,5.0
ORD102438,2025-10-25,CUST2343,Islamabad,Federal,Marble,Chiniot Black,Polished,30,88.3,162.64,0.0,14361.11,Credit (30 days),Hamza Sheikh,Depot - Karachi,Delivered,4.0
ORD100414,2025-06-03,CUST1687,Chiniot,Punjab,Onyx,Indus Green,Polished,18,205.2,389.55,0.0,79935.66,Cash,Ahmed Raza,Depot - Karachi,Delivered,4.0
ORD102526,2024-06-03,CUST2685,Gujranwala,Punjab,Onyx,Indus Green,Bush Hammered,18,184.4,403.31,0.0,74370.36,Cash,Ahmed Raza,Main Yard - Chiniot,In Transit,12.0
ORD100088,2024-01-17,CUST2031,Mianwali,Punjab,Granite,Multi Red,Honed,30,89.2,289.85,5.0,24561.89,Bank Transfer,Usman Tariq,Depot - Karachi,Delivered,8.0
ORD100260,2024-05-29,CUST1753,Quetta,Balochistan,Marble,Teri White,Polished,18,133.9,153.8,0.0,20593.82,Credit (30 days),Saad Iqbal,Depot - Lahore,Delivered,10.0
ORD100462,2025-09-15,CUST2447,Rawalpindi,Punjab,Marble,Sunny Grey,Leather,30,177.0,177.03,0.0,31334.31,Bank Transfer,Usman Tariq,Depot - Lahore,Delivered,9.0
ORD100979,2024-12-09,CUST3274,Mianwali,Punjab,Marble,Emperador Brown,Honed,30,122.0,219.38,0.0,26764.36,Credit (30 days),Tariq Mehmood,Depot - Lahore,Pending,7.0
ORD102876,2025-03-07,CUST2484,Mianwali,Punjab,Marble,Multi Red,Honed,20,108.4,156.77,0.0,16993.87,Cheque,Hamza Sheikh,Depot - Karachi,Delivered,4.0
ORD101546,2024-04-19,CUST2844,Gujranwala,Punjab,Marble,Teri White,Polished,30,37.2,190.82,0.0,7098.5,Cash,Zain Abbas,Main Yard - Chiniot,Pending,7.0
ORD103601,2025-12-06,CUST1470,Islamabad,Federal,Marble,Chiniot Black,Polished,30,207.5,136.76,0.0,28377.7,Credit (30 days),Hamza Sheikh,Depot - Multan,Delivered,3.0
ORD102261,2025-02-15,CUST1070,Faisalabad,Punjab,Granite,Chiniot Black,Polished,20,20.0,299.1,10.0,5383.8,Credit (30 days),Hamza Sheikh,Depot - Multan,Delivered,5.0
ORD100683,2025-04-02,CUST3135,Sialkot,Punjab,Tile,Chiniot Black,Polished,30,246.5,113.61,10.0,25204.38,Cheque,Fahad Malik,Main Yard - Chiniot,In Transit,11.0
ORD100810,2024-12-25,CUST1178,Lahore,Punjab,Tile,Black Galaxy,Polished,20,86.1,88.66,0.0,7633.63,Cash,Bilal Khan,Main Yard - Chiniot,Delivered,4.0
ORD101880,2025-04-19,CUST3011,Gujranwala,Punjab,Onyx,Chaghi Golden,Honed,18,101.3,450.67,10.0,41087.58,Bank Transfer,Saad Iqbal,Depot - Multan,In Transit,8.0
ORD101257,2025-07-24,CUST2463,Gujranwala,Punjab,Marble,Chiniot Black,Polished,20,31.1,191.38,10.0,5356.73,Cash,Saad Iqbal,Depot - Multan,Delivered,5.0
ORD104949,2024-02-01,CUST1563,Peshawar,KPK,Granite,Ziarat White,Polished,22,80.7,251.92,0.0,20329.94,Cheque,Saad Iqbal,Depot - Multan,Delivered,3.0
ORD102823,2025-07-03,CUST3150,Faisalabad,Punjab,Marble,Black Galaxy,Polished,30,72.7,254.96,0.0,18535.59,Bank Transfer,Hamza Sheikh,Depot - Lahore,Delivered,4.0
ORD102686,2025-04-05,CUST1790,Karachi,Sindh,Marble,Multi Red,Polished,20,230.7,209.17,5.0,45842.74,Cheque,Usman Tariq,Main Yard - Chiniot,Pending,8.0
ORD100901,2024-03-25,CUST3132,Chiniot,Punjab,Granite,Emperador Brown,Honed,22,272.6,284.06,0.0,77434.76,Cash,Ahmed Raza,Main Yard - Chiniot,Pending,9.0
ORD101815,2024-01-16,CUST1781,Mianwali,Punjab,Marble,Ziarat White,Honed,16,20.0,186.03,0.0,3720.6,Cash,Tariq Mehmood,Main Yard - Chiniot,Pending,5.0
ORD100393,2025-09-14,CUST2719,Karachi,Sindh,Onyx,Sunny Grey,Leather,30,236.3,378.61,0.0,89465.54,Bank Transfer,Bilal Khan,Depot - Lahore,Cancelled,5.0
ORD104990,2024-09-08,CUST2301,Mianwali,Punjab,Marble,Indus Green,Honed,22,185.5,130.41,0.0,24191.06,Credit (30 days),Bilal Khan,Depot - Karachi,Delivered,7.0
ORD101193,2024-03-27,CUST1350,Chiniot,Punjab,Onyx,Ziarat White,Honed,18,169.0,491.02,0.0,82982.38,Cash,Tariq Mehmood,Depot - Multan,Cancelled,12.0
ORD101906,2024-11-08,CUST1822,Quetta,Balochistan,Onyx,Multi Red,Polished,16,99.0,502.35,0.0,49732.65,Cheque,Fahad Malik,Depot - Karachi,Delivered,6.0
ORD102108,2024-04-14,CUST2346,Quetta,Balochistan,Marble,Chiniot Black,Polished,30,252.0,163.36,10.0,37050.05,Cash,Tariq Mehmood,Main Yard - Chiniot,Cancelled,11.0
ORD102935,2024-10-25,CUST1728,Chiniot,Punjab,Marble,Indus Green,Polished,30,70.5,234.67,0.0,16544.24,Credit (30 days),Ahmed Raza,Depot - Multan,Cancelled,2.0
ORD104376,2024-09-02,CUST2136,Mianwali,Punjab,Marble,Ziarat White,Leather,20,133.9,195.54,0.0,26182.81,Bank Transfer,Saad Iqbal,Depot - Lahore,In Transit,3.0
ORD102189,2025-01-26,CUST3089,Chiniot,Punjab,Marble,Ziarat White,Polished,16,36.6,198.2,10.0,6528.71,Cheque,Saad Iqbal,Depot - Multan,Cancelled,8.0
ORD104092,2025-02-21,CUST1582,Rawalpindi,Punjab,Granite,Botticino Beige,Polished,22,62.0,263.74,0.0,14716.69,Cash,Hamza Sheikh,Depot - Karachi,Delivered,10.0
ORD104256,2024-06-17,CUST1794,Lahore,Punjab,Onyx,Emperador Brown,Polished,20,130.2,408.48,5.0,50524.89,Cash,Hamza Sheikh,Main Yard - Chiniot,Delivered,4.0
ORD100171,2024-04-21,CUST2052,Mianwali,Punjab,Marble,Teri White,Honed,22,144.8,191.51,0.0,27730.65,Bank Transfer,Hamza Sheikh,Depot - Lahore,In Transit,5.0
ORD101491,2025-11-30,CUST1165,Sialkot,Punjab,Marble,Indus Green,Honed,16,379.3,159.04,0.0,60323.87,Cash,Usman Tariq,Main Yard - Chiniot,In Transit,6.0
ORD103969,2024-12-02,CUST2269,Faisalabad,Punjab,Marble,Multi Red,Flamed,22,88.4,203.78,0.0,18014.15,Credit (30 days),Tariq Mehmood,Main Yard - Chiniot,Delivered,10.0
ORD104696,2024-12-07,CUST1256,Faisalabad,Punjab,Tile,Black Galaxy,Polished,18,61.2,93.12,5.0,5414.0,Bank Transfer,Zain Abbas,Depot - Karachi,In Transit,3.0
ORD101713,2024-08-29,CUST3152,Multan,Punjab,Marble,Chiniot Black,Polished,16,189.9,168.78,0.0,32051.32,Bank Transfer,Usman Tariq,Main Yard - Chiniot,Delivered,5.0
ORD100835,2025-11-15,CUST1116,Chiniot,Punjab,Onyx,Teri White,Polished,18,42.2,512.02,15.0,18366.16,Cheque,Zain Abbas,Main Yard - Chiniot,In Transit,7.0
ORD102021,2024-04-16,CUST2242,Multan,Punjab,Marble,Emperador Brown,Polished,30,55.2,203.27,0.0,11220.5,Cheque,Saad Iqbal,Depot - Multan,Delivered,7.0
ORD104061,2024-04-11,CUST2579,Multan,Punjab,Marble,Chiniot Black,Polished,18,167.4,202.2,0.0,33848.28,Cheque,Ahmed Raza,Depot - Multan,Delivered,9.0
ORD103448,2024-07-19,CUST2827,Quetta,Balochistan,Marble,Buff Marble,Polished,30,139.1,204.88,0.0,28498.81,Bank Transfer,Bilal Khan,Main Yard - Chiniot,Delivered,5.0
ORD100520,2024-10-29,CUST3115,Lahore,Punjab,Tile,Rangeela Marble,Flamed,22,62.2,122.77,0.0,7636.29,Bank Transfer,Zain Abbas,Depot - Karachi,In Transit,9.0
ORD103920,2024-02-29,CUST3288,Chiniot,Punjab,Granite,Black Galaxy,Polished,22,161.4,304.4,0.0,49130.16,Bank Transfer,Hamza Sheikh,Depot - Lahore,In Transit,9.0
ORD103488,2024-07-22,CUST3030,Karachi,Sindh,Tile,Rangeela Marble,Polished,18,63.8,84.43,0.0,5386.63,Credit (30 days),Saad Iqbal,Depot - Karachi,Delivered,7.0
ORD100314,2025-12-09,CUST1806,Karachi,Sindh,Marble,Indus Green,Bush Hammered,16,31.6,167.97,0.0,5307.85,Credit (30 days),Usman Tariq,Depot - Lahore,Pending,5.0
ORD102450,2024-06-18,CUST1186,Sialkot,Punjab,Marble,Emperador Brown,Polished,16,180.1,155.86,0.0,28070.39,Cheque,Saad Iqbal,Depot - Multan,Delivered,4.0
ORD101232,2024-07-28,CUST2141,Quetta,Balochistan,Tile,Ziarat White,Honed,20,86.2,79.87,0.0,6884.79,Bank Transfer,Hamza Sheikh,Depot - Lahore,Delivered,9.0
ORD104230,2025-02-07,CUST1196,Mianwali,Punjab,Tile,Chiniot Black,Flamed,20,218.5,91.71,5.0,19036.7,Cheque,Tariq Mehmood,Depot - Karachi,In Transit,9.0
ORD101655,2025-07-10,CUST1574,Multan,Punjab,Marble,Chiniot Black,Polished,30,102.9,158.57,5.0,15501.01,Cheque,Hamza Sheikh,Depot - Multan,In Transit,4.0
ORD102683,2024-08-04,CUST2924,Lahore,Punjab,Marble,Botticino Beige,Polished,18,33.0,226.48,15.0,6352.76,Bank Transfer,Usman Tariq,Main Yard - Chiniot,Cancelled,11.0
ORD102766,2025-06-11,CUST2855,Gujranwala,Punjab,Marble,Black Galaxy,Polished,30,50.7,206.56,0.0,10472.59,Cash,Ahmed Raza,Depot - Karachi,Cancelled,5.0
ORD104577,2024-02-06,CUST1643,Multan,Punjab,Marble,Buff Marble,Honed,20,43.6,148.86,0.0,6490.3,Bank Transfer,Ahmed Raza,Depot - Multan,Delivered,4.0
ORD102492,2024-05-21,CUST3245,Mianwali,Punjab,Onyx,Chiniot Black,Leather,18,435.3,388.55,0.0,169135.82,Bank Transfer,Saad Iqbal,Depot - Karachi,Cancelled,8.0
ORD100301,2024-09-12,CUST2023,Mianwali,Punjab,Marble,Indus Green,Polished,16,130.5,187.96,0.0,24528.78,Cash,Ahmed Raza,Depot - Karachi,Delivered,6.0
ORD101462,2025-01-22,CUST3088,Multan,Punjab,Marble,Botticino Beige,Polished,18,137.3,138.38,0.0,18999.57,Credit (30 days),Usman Tariq,Main Yard - Chiniot,In Transit,8.0
ORD104117,2024-03-12,CUST3151,Mianwali,Punjab,Marble,Indus Green,Honed,20,264.8,159.18,0.0,42150.86,Credit (30 days),Zain Abbas,Depot - Karachi,Delivered,10.0
ORD101780,2025-03-18,CUST1237,Karachi,Sindh,Marble,Indus Green,Polished,30,59.2,133.26,0.0,7888.99,Cash,Bilal Khan,Main Yard - Chiniot,In Transit,4.0
ORD102827,2025-06-24,CUST3138,Chiniot,Punjab,Marble,Rangeela Marble,Honed,30,145.5,177.92,10.0,23298.62,Credit (30 days),Saad Iqbal,Depot - Lahore,Delivered,5.0
ORD100046,2024-09-17,CUST1804,Mianwali,Punjab,Marble,Multi Red,Polished,20,234.9,158.8,0.0,37302.12,Cash,Saad Iqbal,Main Yard - Chiniot,Delivered,7.0
ORD102004,2024-09-12,CUST1816,Mianwali,Punjab,Marble,Black Galaxy,Polished,30,42.7,169.57,0.0,7240.64,Credit (30 days),Ahmed Raza,Depot - Karachi,Cancelled,8.0
ORD101368,2025-04-09,CUST2040,Faisalabad,Punjab,Marble,Indus Green,Honed,20,94.1,186.78,5.0,16697.2,Cheque,Zain Abbas,Depot - Lahore,Cancelled,7.0
ORD104846,2024-04-19,CUST3073,Lahore,Punjab,Marble,Ziarat White,Polished,18,153.6,172.97,0.0,26568.19,Cash,Tariq Mehmood,Main Yard - Chiniot,Delivered,10.0
ORD102322,2024-08-06,CUST1974,Mianwali,Punjab,Tile,Emperador Brown,Honed,18,56.7,88.77,10.0,4529.93,Bank Transfer,Usman Tariq,Main Yard - Chiniot,Cancelled,5.0
ORD104254,2025-09-28,CUST2202,Faisalabad,Punjab,Marble,Multi Red,Honed,22,115.2,234.26,0.0,26986.75,Cash,Bilal Khan,Depot - Multan,Delivered,8.0
ORD104739,2025-09-17,CUST2917,Quetta,Balochistan,Marble,Rangeela Marble,Polished,20,245.7,147.24,0.0,36176.87,Credit (30 days),Saad Iqbal,Main Yard - Chiniot,Pending,6.0
ORD104621,2024-05-18,CUST2827,Rawalpindi,Punjab,Tile,Rangeela Marble,Polished,22,64.1,117.74,0.0,7547.13,Credit (30 days),Hamza Sheikh,Depot - Karachi,Cancelled,7.0
ORD102053,2024-05-02,CUST1316,Quetta,Balochistan,Marble,Rangeela Marble,Polished,30,105.5,293.63,15.0,26331.27,Bank Transfer,Saad Iqbal,Depot - Multan,Delivered,3.0
ORD103571,2025-10-13,CUST1102,Chiniot,Punjab,Marble,Emperador Brown,Flamed,30,255.0,218.89,0.0,55816.95,Credit (30 days),Zain Abbas,Depot - Karachi,Pending,4.0
ORD101664,2025-06-27,CUST2618,Karachi,Sindh,Granite,Chaghi Golden,Leather,18,53.7,345.61,0.0,18559.26,Cash,Ahmed Raza,Depot - Karachi,Pending,7.0
ORD100900,2025-08-18,CUST1907,Multan,Punjab,Marble,Black Galaxy,Leather,18,57.8,153.67,0.0,8882.13,Cash,Hamza Sheikh,Depot - Lahore,Cancelled,5.0
ORD104955,2024-01-31,CUST3317,Peshawar,KPK,Marble,Black Galaxy,Polished,20,41.2,154.37,5.0,6042.04,Credit (30 days),Bilal Khan,Main Yard - Chiniot,Delivered,8.0
ORD102742,2025-10-05,CUST3492,Chiniot,Punjab,Marble,Ziarat White,Bush Hammered,16,105.4,173.49,15.0,15542.97,Cheque,Bilal Khan,Depot - Multan,Cancelled,8.0
ORD100095,2025-02-08,CUST2901,Faisalabad,Punjab,Marble,Botticino Beige,Polished,16,50.4,147.13,0.0,7415.35,Bank Transfer,Tariq Mehmood,Depot - Lahore,Pending,5.0
ORD104156,2024-08-31,CUST2264,Chiniot,Punjab,Marble,Chaghi Golden,Polished,18,86.0,168.71,0.0,14509.06,Cheque,Saad Iqbal,Depot - Multan,Pending,10.0
ORD102869,2025-12-15,CUST2909,Faisalabad,Punjab,Granite,Teri White,Polished,20,74.0,265.83,0.0,19671.42,Cash,Ahmed Raza,Depot - Karachi,Delivered,5.0
ORD101773,2025-05-22,CUST1554,Multan,Punjab,Marble,Botticino Beige,Polished,18,254.7,215.52,0.0,54892.94,Bank Transfer,Saad Iqbal,Depot - Lahore,Delivered,4.0
ORD102010,2025-06-19,CUST2884,Multan,Punjab,Marble,Botticino Beige,Polished,18,153.9,201.89,0.0,31070.87,Cash,Usman Tariq,Depot - Lahore,Delivered,9.0
ORD103797,2025-02-14,CUST1599,Faisalabad,Punjab,Tile,Chiniot Black,Polished,20,171.6,88.23,0.0,15140.27,Credit (30 days),Fahad Malik,Depot - Karachi,Delivered,5.0
ORD100998,2024-11-09,CUST1365,Faisalabad,Punjab,Marble,Buff Marble,Flamed,18,102.2,199.9,5.0,19408.29,Credit (30 days),Tariq Mehmood,Main Yard - Chiniot,Delivered,5.0
ORD101850,2025-01-12,CUST3361,Multan,Punjab,Marble,Botticino Beige,Polished,18,37.0,151.55,0.0,5607.35,Credit (30 days),Usman Tariq,Depot - Lahore,Pending,6.0
ORD101642,2024-01-04,CUST2665,Quetta,Balochistan,Marble,Black Galaxy,Honed,22,23.6,191.15,0.0,4511.14,Cheque,Tariq Mehmood,Depot - Lahore,Cancelled,7.0
ORD103170,2024-04-17,CUST1259,Chiniot,Punjab,Marble,Buff Marble,Honed,20,253.9,182.79,0.0,46410.38,Cash,Tariq Mehmood,Depot - Karachi,Delivered,8.0
ORD103006,2024-09-06,CUST2782,Quetta,Balochistan,Marble,Chaghi Golden,Polished,22,72.9,184.13,0.0,13423.08,Cash,Zain Abbas,Main Yard - Chiniot,Delivered,7.0
ORD104522,2025-08-30,CUST2376,Rawalpindi,Punjab,Marble,Multi Red,Polished,16,189.5,179.38,10.0,30593.26,Cheque,Fahad Malik,Depot - Lahore,Delivered,6.0
ORD102445,2024-07-23,CUST1024,Sialkot,Punjab,Marble,Emperador Brown,Polished,18,130.0,175.07,15.0,19345.23,Cash,Hamza Sheikh,Depot - Lahore,In Transit,4.0
ORD100588,2025-08-20,CUST1591,Lahore,Punjab,Tile,Rangeela Marble,Polished,22,56.5,103.06,0.0,5822.89,Credit (30 days),Ahmed Raza,Main Yard - Chiniot,In Transit,8.0
ORD100790,2025-06-08,CUST1457,Sialkot,Punjab,Marble,Indus Green,Polished,20,132.2,134.63,0.0,17798.09,Cash,Bilal Khan,Depot - Karachi,Pending,5.0
ORD100474,2025-07-01,CUST2361,Lahore,Punjab,Granite,Botticino Beige,Polished,16,138.9,210.78,5.0,27813.47,Cheque,Tariq Mehmood,Depot - Lahore,In Transit,6.0
ORD101550,2025-03-27,CUST1418,Karachi,Sindh,Marble,Multi Red,Polished,22,62.0,145.45,0.0,9017.9,Cash,Bilal Khan,Depot - Multan,Pending,8.0
ORD103338,2024-04-06,CUST2321,Rawalpindi,Punjab,Marble,Emperador Brown,Polished,22,223.1,224.77,0.0,50146.19,Bank Transfer,Hamza Sheikh,Main Yard - Chiniot,In Transit,14.0
ORD104313,2024-03-09,CUST3337,Gujranwala,Punjab,Marble,Ziarat White,Polished,18,166.9,151.74,5.0,24059.14,Cheque,Tariq Mehmood,Main Yard - Chiniot,Delivered,8.0
ORD104541,2024-04-18,CUST2978,Islamabad,Federal,Marble,Chiniot Black,Leather,22,47.9,168.23,10.0,7252.4,Cheque,Saad Iqbal,Depot - Lahore,Delivered,4.0
ORD101336,2024-04-28,CUST2519,Multan,Punjab,Tile,Chaghi Golden,Polished,18,204.6,88.31,0.0,18068.23,Cheque,Ahmed Raza,Main Yard - Chiniot,Cancelled,9.0
ORD102422,2025-04-10,CUST1683,Mianwali,Punjab,Marble,Ziarat White,Leather,30,158.8,162.26,10.0,23190.2,Credit (30 days),Hamza Sheikh,Depot - Karachi,Delivered,7.0
ORD103598,2025-09-28,CUST1603,Gujranwala,Punjab,Onyx,Teri White,Polished,16,123.2,485.99,5.0,56880.27,Cash,Usman Tariq,Depot - Lahore,Delivered,10.0
ORD103517,2025-01-09,CUST1356,Quetta,Balochistan,Tile,Chiniot Black,Bush Hammered,20,188.8,112.07,0.0,21158.82,Credit (30 days),Ahmed Raza,Depot - Lahore,Delivered,7.0
ORD103596,2024-02-11,CUST2720,Sialkot,Punjab,Granite,Emperador Brown,Polished,22,75.9,182.84,0.0,13877.56,Cheque,Saad Iqbal,Depot - Lahore,Pending,7.0
ORD102497,2025-12-22,CUST2399,Gujranwala,Punjab,Marble,Black Galaxy,Honed,20,56.0,178.43,10.0,8992.87,Bank Transfer,Ahmed Raza,Depot - Lahore,In Transit,8.0
ORD103703,2024-12-06,CUST2086,Lahore,Punjab,Granite,Indus Green,Polished,22,70.5,341.86,0.0,24101.13,Bank Transfer,Bilal Khan,Depot - Multan,Delivered,7.0
ORD103366,2025-07-18,CUST2641,Rawalpindi,Punjab,Marble,Rangeela Marble,Polished,30,125.7,229.79,10.0,25996.14,Bank Transfer,Ahmed Raza,Depot - Lahore,Delivered,6.0
ORD101469,2025-01-31,CUST1425,Peshawar,KPK,Tile,Multi Red,Leather,30,30.1,119.6,10.0,3239.96,Cash,Ahmed Raza,Depot - Karachi,Delivered,6.0
ORD104223,2024-07-02,CUST1503,Rawalpindi,Punjab,Marble,Multi Red,Polished,22,82.7,224.65,0.0,18578.56,Credit (30 days),Fahad Malik,Depot - Multan,Delivered,7.0
ORD104420,2024-01-16,CUST3357,Mianwali,Punjab,Marble,Buff Marble,Honed,18,50.7,176.39,0.0,8942.97,Cheque,Bilal Khan,Depot - Lahore,Delivered,6.0
ORD101159,2025-10-12,CUST1494,Lahore,Punjab,Marble,Emperador Brown,Polished,16,412.5,183.09,0.0,75524.62,Bank Transfer,Hamza Sheikh,Main Yard - Chiniot,Delivered,8.0
ORD104684,2025-12-20,CUST1673,Islamabad,Federal,Tile,Black Galaxy,Polished,22,44.5,92.21,0.0,4103.34,Cash,Bilal Khan,Depot - Lahore,Cancelled,5.0
ORD102491,2024-02-13,CUST1936,Chiniot,Punjab,Marble,Black Galaxy,Honed,20,88.2,164.9,0.0,14544.18,Bank Transfer,Fahad Malik,Depot - Karachi,In Transit,3.0
ORD101555,2024-04-04,CUST1667,Lahore,Punjab,Tile,Teri White,Flamed,18,175.7,111.48,0.0,19587.04,Bank Transfer,Saad Iqbal,Depot - Karachi,Delivered,2.0
ORD100082,2025-05-23,CUST1133,Karachi,Sindh,Marble,Ziarat White,Polished,16,20.0,163.19,0.0,3263.8,Bank Transfer,Usman Tariq,Depot - Lahore,Delivered,10.0
ORD100611,2025-11-17,CUST1827,Sialkot,Punjab,Granite,Multi Red,Polished,18,102.9,304.32,0.0,31314.53,Cash,Usman Tariq,Main Yard - Chiniot,Delivered,6.0
ORD102715,2024-03-20,CUST2395,Rawalpindi,Punjab,Tile,Emperador Brown,Honed,18,252.7,79.3,0.0,20039.11,Credit (30 days),Zain Abbas,Depot - Multan,In Transit,10.0
ORD101734,2024-07-16,CUST2294,Sialkot,Punjab,Granite,Rangeela Marble,Polished,18,81.1,284.67,0.0,23086.74,Credit (30 days),Fahad Malik,Main Yard - Chiniot,Cancelled,7.0
ORD102269,2025-11-24,CUST2046,Mianwali,Punjab,Granite,Rangeela Marble,Honed,18,170.4,291.65,0.0,49697.16,Cash,Ahmed Raza,Depot - Multan,Cancelled,7.0
ORD103883,2025-11-11,CUST1943,Gujranwala,Punjab,Tile,Sunny Grey,Polished,18,353.3,89.07,5.0,29895.01,Credit (30 days),Usman Tariq,Main Yard - Chiniot,Delivered,5.0
ORD101407,2024-09-17,CUST1013,Multan,Punjab,Marble,Emperador Brown,Polished,20,116.0,153.12,0.0,17761.92,Cash,Tariq Mehmood,Depot - Karachi,In Transit,5.0
ORD103159,2025-01-03,CUST2785,Sialkot,Punjab,Marble,Multi Red,Polished,22,66.5,199.5,0.0,13266.75,Bank Transfer,Hamza Sheikh,Depot - Multan,Delivered,5.0
ORD102996,2025-10-24,CUST2409,Karachi,Sindh,Marble,Multi Red,Polished,22,243.3,165.53,0.0,40273.45,Cash,Ahmed Raza,Depot - Lahore,Delivered,8.0
ORD104438,2025-09-02,CUST1386,Mianwali,Punjab,Onyx,Chiniot Black,Polished,30,99.0,405.85,0.0,40179.15,Cheque,Saad Iqbal,Depot - Multan,Delivered,8.0
ORD103923,2024-08-16,CUST1232,Karachi,Sindh,Tile,Buff Marble,Polished,20,89.5,96.47,0.0,8634.06,Credit (30 days),Saad Iqbal,Depot - Karachi,Delivered,5.0
ORD104646,2024-05-26,CUST3284,Rawalpindi,Punjab,Marble,Chaghi Golden,Polished,30,480.0,214.11,0.0,102772.8,Cheque,Bilal Khan,Depot - Multan,Delivered,10.0
ORD104831,2025-05-12,CUST2399,Faisalabad,Punjab,Tile,Chiniot Black,Honed,18,205.3,93.3,0.0,19154.49,Bank Transfer,Zain Abbas,Depot - Lahore,Pending,5.0
ORD100531,2025-12-12,CUST3292,Karachi,Sindh,Marble,Buff Marble,Polished,16,20.0,111.49,10.0,2006.82,Bank Transfer,Usman Tariq,Main Yard - Chiniot,Pending,6.0
ORD101553,2024-03-13,CUST1070,Mianwali,Punjab,Marble,Chiniot Black,Polished,18,262.9,214.81,0.0,56473.55,Cash,Fahad Malik,Depot - Karachi,Delivered,12.0
ORD104682,2024-11-01,CUST3496,Islamabad,Federal,Marble,Rangeela Marble,Polished,22,303.3,182.29,5.0,52524.13,Bank Transfer,Bilal Khan,Depot - Karachi,Cancelled,5.0
ORD103487,2025-10-27,CUST2098,Mianwali,Punjab,Tile,Ziarat White,Honed,22,42.9,105.52,0.0,4526.81,Bank Transfer,Hamza Sheikh,Depot - Karachi,Delivered,8.0
ORD104319,2024-10-10,CUST1094,Islamabad,Federal,Onyx,Chaghi Golden,Polished,18,329.1,376.06,0.0,123761.35,Bank Transfer,Fahad Malik,Depot - Karachi,Delivered,6.0
ORD103558,2025-11-01,CUST1116,Islamabad,Federal,Granite,Chaghi Golden,Polished,16,98.7,322.11,10.0,28613.03,Cash,Ahmed Raza,Depot - Karachi,Cancelled,8.0
ORD102244,2025-09-04,CUST1743,Peshawar,KPK,Marble,Black Galaxy,Honed,22,61.5,181.18,0.0,11142.57,Credit (30 days),Tariq Mehmood,Depot - Multan,Delivered,8.0
ORD104144,2024-04-18,CUST1790,Peshawar,KPK,Marble,Chaghi Golden,Polished,22,141.8,246.33,10.0,31436.63,Bank Transfer,Zain Abbas,Depot - Lahore,Cancelled,6.0
ORD102739,2025-11-02,CUST3343,Lahore,Punjab,Onyx,Botticino Beige,Honed,22,375.4,405.75,10.0,137086.7,Cash,Ahmed Raza,Depot - Lahore,Pending,9.0
ORD102171,2024-12-20,CUST2979,Islamabad,Federal,Tile,Teri White,Polished,18,54.7,80.49,0.0,4402.8,Bank Transfer,Bilal Khan,Depot - Lahore,In Transit,7.0
ORD101227,2024-07-25,CUST2781,Rawalpindi,Punjab,Granite,Multi Red,Polished,22,47.4,241.85,0.0,11463.69,Cheque,Usman Tariq,Depot - Karachi,In Transit,10.0
ORD104312,2025-09-22,CUST1097,Chiniot,Punjab,Granite,Buff Marble,Polished,20,290.7,241.5,0.0,70204.05,Cheque,Fahad Malik,Depot - Multan,Cancelled,8.0
ORD104065,2024-02-25,CUST1063,Mianwali,Punjab,Marble,Rangeela Marble,Polished,20,108.1,151.35,10.0,14724.84,Cash,Ahmed Raza,Depot - Lahore,Delivered,7.0
ORD103902,2025-05-04,CUST2071,Sialkot,Punjab,Marble,Indus Green,Bush Hammered,20,228.8,185.81,0.0,42513.33,Bank Transfer,Hamza Sheikh,Main Yard - Chiniot,Pending,3.0
ORD103219,2024-05-11,CUST1960,Rawalpindi,Punjab,Marble,Indus Green,Polished,22,128.0,193.0,0.0,24704.0,Cash,Tariq Mehmood,Main Yard - Chiniot,In Transit,8.0
ORD104952,2024-11-15,CUST3464,Rawalpindi,Punjab,Marble,Ziarat White,Flamed,18,37.7,164.14,5.0,5878.67,Cash,Hamza Sheikh,Depot - Multan,Delivered,10.0
ORD100850,2024-05-05,CUST3077,Sialkot,Punjab,Marble,Chaghi Golden,Honed,22,373.8,205.59,0.0,76849.54,Bank Transfer,Usman Tariq,Main Yard - Chiniot,Pending,8.0
ORD104944,2025-08-05,CUST1795,Islamabad,Federal,Tile,Chiniot Black,Polished,22,38.1,85.16,5.0,3082.37,Cash,Hamza Sheikh,Depot - Multan,Delivered,11.0
ORD104554,2024-09-07,CUST2985,Faisalabad,Punjab,Marble,Indus Green,Honed,18,349.5,134.36,5.0,44610.88,Cash,Usman Tariq,Depot - Karachi,Delivered,6.0
ORD102932,2024-07-15,CUST3458,Rawalpindi,Punjab,Granite,Chiniot Black,Flamed,30,101.2,303.68,0.0,30732.42,Cash,Tariq Mehmood,Main Yard - Chiniot,Pending,8.0
ORD103568,2025-07-26,CUST1407,Sialkot,Punjab,Marble,Teri White,Polished,20,50.2,204.86,5.0,9769.77,Cash,Usman Tariq,Depot - Multan,Delivered,4.0
ORD102231,2024-03-23,CUST1520,Islamabad,Federal,Tile,Chaghi Golden,Polished,20,58.4,91.02,15.0,4518.23,Cheque,Bilal Khan,Depot - Lahore,Delivered,3.0
ORD104589,2024-08-04,CUST2976,Sialkot,Punjab,Granite,Indus Green,Polished,16,110.6,229.61,0.0,25394.87,Credit (30 days),Usman Tariq,Depot - Karachi,In Transit,7.0
ORD102918,2025-12-22,CUST1543,Sialkot,Punjab,Marble,Botticino Beige,Polished,22,66.0,166.32,10.0,9879.41,Bank Transfer,Usman Tariq,Depot - Karachi,Cancelled,5.0
ORD102430,2025-02-05,CUST1693,Lahore,Punjab,Marble,Multi Red,Flamed,18,107.0,203.39,0.0,21762.73,Cheque,Ahmed Raza,Depot - Lahore,Delivered,4.0
ORD100388,2025-09-23,CUST2292,Sialkot,Punjab,Tile,Chiniot Black,Honed,22,56.0,129.28,0.0,7239.68,Cash,Ahmed Raza,Depot - Multan,Pending,7.0
ORD100389,2025-09-22,CUST2709,Karachi,Sindh,Tile,Multi Red,Bush Hammered,20,150.3,106.45,0.0,15999.44,Cash,Ahmed Raza,Main Yard - Chiniot,Delivered,10.0
ORD102059,2024-01-21,CUST1347,Quetta,Balochistan,Granite,Chaghi Golden,Flamed,16,61.7,264.86,0.0,16341.86,Bank Transfer,Hamza Sheikh,Depot - Lahore,Pending,8.0
ORD100911,2025-07-07,CUST2998,Peshawar,KPK,Granite,Emperador Brown,Polished,30,114.4,260.23,0.0,29770.31,Cash,Saad Iqbal,Depot - Karachi,Delivered,8.0
ORD104585,2025-10-24,CUST2382,Sialkot,Punjab,Marble,Indus Green,Honed,16,326.5,199.26,0.0,65058.39,Cash,Zain Abbas,Depot - Lahore,Delivered,10.0
ORD101274,2025-06-14,CUST2740,Mianwali,Punjab,Marble,Botticino Beige,Polished,30,139.4,160.99,0.0,22442.01,Cash,Bilal Khan,Depot - Multan,Delivered,9.0
ORD101694,2025-09-12,CUST1918,Sialkot,Punjab,Granite,Rangeela Marble,Polished,30,304.9,221.66,15.0,57446.51,Bank Transfer,Hamza Sheikh,Depot - Lahore,Delivered,10.0
ORD103245,2025-09-13,CUST2308,Sialkot,Punjab,Granite,Ziarat White,Flamed,30,68.2,290.65,0.0,19822.33,Credit (30 days),Tariq Mehmood,Depot - Multan,Delivered,8.0
ORD102592,2024-03-22,CUST2706,Lahore,Punjab,Granite,Sunny Grey,Polished,20,134.6,368.43,0.0,49590.68,Cheque,Hamza Sheikh,Depot - Multan,Cancelled,8.0
ORD101124,2025-09-30,CUST1957,Mianwali,Punjab,Granite,Teri White,Honed,22,226.0,216.12,0.0,48843.12,Credit (30 days),Fahad Malik,Main Yard - Chiniot,Delivered,8.0
ORD101578,2024-05-15,CUST2509,Islamabad,Federal,Marble,Emperador Brown,Polished,30,468.4,216.71,0.0,101506.96,Cash,Usman Tariq,Depot - Multan,Delivered,8.0
ORD101710,2025-04-20,CUST3250,Islamabad,Federal,Marble,Emperador Brown,Polished,30,84.8,187.22,0.0,15876.26,Bank Transfer,Usman Tariq,Depot - Lahore,Cancelled,5.0
ORD100226,2024-03-19,CUST2097,Faisalabad,Punjab,Granite,Chiniot Black,Flamed,18,62.8,196.02,0.0,12310.06,Cash,Zain Abbas,Depot - Lahore,In Transit,6.0
ORD103820,2024-09-27,CUST1274,Faisalabad,Punjab,Tile,Chiniot Black,Polished,18,227.9,95.26,0.0,21709.75,Credit (30 days),Usman Tariq,Main Yard - Chiniot,Cancelled,4.0
ORD100071,2024-01-20,CUST3474,Peshawar,KPK,Marble,Ziarat White,Polished,30,60.2,155.86,0.0,9382.77,Credit (30 days),Bilal Khan,Depot - Multan,Delivered,5.0
ORD104279,2024-05-19,CUST2586,Mianwali,Punjab,Granite,Emperador Brown,Polished,22,125.6,253.79,5.0,30282.22,Bank Transfer,Ahmed Raza,Depot - Multan,In Transit,9.0
ORD100023,2024-08-07,CUST2172,Sialkot,Punjab,Granite,Botticino Beige,Polished,16,102.8,212.6,0.0,21855.28,Bank Transfer,Ahmed Raza,Depot - Multan,Cancelled,4.0
ORD103618,2024-07-12,CUST1172,Mianwali,Punjab,Marble,Botticino Beige,Polished,18,82.6,129.85,0.0,10725.61,Cash,Zain Abbas,Depot - Karachi,Delivered,4.0
ORD101966,2025-01-16,CUST2913,Quetta,Balochistan,Granite,Multi Red,Polished,30,121.9,298.09,15.0,30886.6,Cash,Hamza Sheikh,Depot - Karachi,Cancelled,10.0
ORD103671,2025-08-31,CUST1618,Mianwali,Punjab,Tile,Teri White,Polished,22,33.4,76.25,10.0,2292.08,Cash,Bilal Khan,Depot - Multan,Cancelled,8.0
ORD104937,2025-09-14,CUST3468,Rawalpindi,Punjab,Onyx,Indus Green,Polished,16,75.8,296.4,10.0,20220.41,Credit (30 days),Tariq Mehmood,Depot - Lahore,Cancelled,8.0
ORD100297,2024-06-14,CUST3349,Islamabad,Federal,Tile,Indus Green,Polished,18,258.0,96.89,0.0,24997.62,Bank Transfer,Bilal Khan,Depot - Lahore,Cancelled,12.0
ORD104720,2025-02-13,CUST2500,Karachi,Sindh,Granite,Chaghi Golden,Honed,30,132.9,294.34,15.0,33250.12,Cash,Usman Tariq,Depot - Karachi,Delivered,5.0
ORD102602,2024-06-28,CUST1934,Multan,Punjab,Marble,Emperador Brown,Polished,18,40.4,138.84,5.0,5328.68,Cheque,Saad Iqbal,Depot - Lahore,Delivered,8.0
ORD103118,2024-02-04,CUST2935,Sialkot,Punjab,Marble,Multi Red,Leather,20,36.1,221.38,0.0,7991.82,Credit (30 days),Saad Iqbal,Depot - Multan,Cancelled,8.0
ORD102084,2025-07-02,CUST2126,Gujranwala,Punjab,Onyx,Botticino Beige,Polished,20,29.3,410.57,0.0,12029.7,Credit (30 days),Bilal Khan,Depot - Multan,In Transit,6.0
ORD100180,2025-07-20,CUST3154,Sialkot,Punjab,Granite,Sunny Grey,Honed,22,101.3,310.91,0.0,31495.18,Bank Transfer,Ahmed Raza,Main Yard - Chiniot,In Transit,11.0
ORD100759,2025-11-01,CUST3428,Sialkot,Punjab,Marble,Botticino Beige,Polished,30,149.7,256.12,10.0,34507.05,Credit (30 days),Usman Tariq,Depot - Karachi,Delivered,6.0
ORD104109,2025-03-09,CUST1734,Gujranwala,Punjab,Marble,Botticino Beige,Polished,22,102.9,187.26,0.0,19269.05,Bank Transfer,Fahad Malik,Depot - Lahore,Pending,8.0
ORD103748,2025-04-02,CUST2585,Sialkot,Punjab,Onyx,Ziarat White,Polished,16,113.7,411.34,5.0,44430.89,Cash,Saad Iqbal,Depot - Multan,Cancelled,10.0
ORD104036,2024-07-24,CUST1011,Faisalabad,Punjab,Tile,Buff Marble,Polished,22,65.5,94.99,10.0,5599.66,Cash,Hamza Sheikh,Main Yard - Chiniot,Delivered,9.0
ORD101984,2025-08-30,CUST2684,Lahore,Punjab,Marble,Buff Marble,Bush Hammered,30,65.8,168.59,0.0,11093.22,Cash,Tariq Mehmood,Main Yard - Chiniot,Cancelled,6.0
ORD102406,2024-04-13,CUST2800,Lahore,Punjab,Marble,Multi Red,Polished,16,59.4,167.61,0.0,9956.03,Cash,Ahmed Raza,Main Yard - Chiniot,Delivered,4.0
ORD103720,2025-03-14,CUST1109,Mianwali,Punjab,Marble,Emperador Brown,Flamed,30,248.1,238.21,0.0,59099.9,Cheque,Saad Iqbal,Depot - Lahore,In Transit,14.0
ORD102092,2024-05-02,CUST3071,Rawalpindi,Punjab,Marble,Ziarat White,Honed,18,138.7,142.79,0.0,19804.97,Cash,Ahmed Raza,Depot - Karachi,Pending,15.0
ORD102791,2024-07-09,CUST2798,Sialkot,Punjab,Granite,Multi Red,Polished,18,51.2,265.64,5.0,12920.73,Credit (30 days),Zain Abbas,Main Yard - Chiniot,Delivered,8.0
ORD100649,2025-12-14,CUST1268,Islamabad,Federal,Marble,Black Galaxy,Polished,16,122.5,156.07,10.0,17206.72,Cash,Hamza Sheikh,Depot - Lahore,Delivered,10.0
ORD103746,2024-10-01,CUST3221,Faisalabad,Punjab,Marble,Buff Marble,Polished,22,523.4,170.67,0.0,89328.68,Credit (30 days),Zain Abbas,Main Yard - Chiniot,Delivered,5.0
ORD103277,2024-04-05,CUST1335,Rawalpindi,Punjab,Marble,Teri White,Flamed,30,21.9,270.89,0.0,5932.49,Bank Transfer,Hamza Sheikh,Depot - Lahore,Pending,4.0
ORD104843,2025-12-12,CUST2415,Islamabad,Federal,Tile,Chaghi Golden,Polished,30,98.3,68.51,0.0,6734.53,Cash,Fahad Malik,Depot - Multan,Delivered,11.0
ORD103389,2024-07-15,CUST1196,Karachi,Sindh,Marble,Buff Marble,Honed,16,66.9,175.42,0.0,11735.6,Bank Transfer,Fahad Malik,Depot - Multan,Cancelled,5.0
ORD103343,2025-09-06,CUST1867,Multan,Punjab,Granite,Emperador Brown,Polished,20,269.5,239.54,0.0,64556.03,Credit (30 days),Usman Tariq,Depot - Lahore,Pending,4.0
ORD104570,2024-07-07,CUST3480,Mianwali,Punjab,Tile,Teri White,Polished,30,247.5,97.88,0.0,24225.3,Cash,Ahmed Raza,Depot - Lahore,Delivered,5.0
ORD100791,2025-11-21,CUST1812,Faisalabad,Punjab,Tile,Indus Green,Polished,22,38.8,68.63,0.0,2662.84,Bank Transfer,Saad Iqbal,Depot - Lahore,Delivered,2.0
ORD101579,2024-08-06,CUST2493,Peshawar,KPK,Marble,Ziarat White,Polished,22,21.2,205.84,0.0,4363.81,Bank Transfer,Bilal Khan,Depot - Multan,Pending,8.0
ORD103280,2024-07-27,CUST1049,Gujranwala,Punjab,Granite,Indus Green,Polished,22,137.9,228.98,15.0,26839.89,Cash,Saad Iqbal,Depot - Karachi,Delivered,9.0
ORD100102,2024-05-23,CUST3105,Rawalpindi,Punjab,Marble,Rangeela Marble,Polished,22,137.4,188.93,0.0,25958.98,Credit (30 days),Tariq Mehmood,Depot - Karachi,Delivered,9.0
ORD100781,2025-04-01,CUST1109,Lahore,Punjab,Marble,Botticino Beige,Flamed,30,237.6,176.31,0.0,41891.26,Bank Transfer,Usman Tariq,Depot - Multan,Delivered,10.0
ORD101630,2024-07-11,CUST3365,Quetta,Balochistan,Granite,Ziarat White,Honed,30,35.8,324.7,5.0,11043.05,Cash,Ahmed Raza,Depot - Karachi,Cancelled,9.0
ORD100936,2025-11-12,CUST2355,Lahore,Punjab,Marble,Teri White,Polished,22,154.0,186.34,5.0,27261.54,Credit (30 days),Ahmed Raza,Depot - Multan,Delivered,4.0
ORD102617,2024-04-20,CUST1448,Mianwali,Punjab,Granite,Chaghi Golden,Polished,20,76.8,316.78,0.0,24328.7,Bank Transfer,Hamza Sheikh,Main Yard - Chiniot,Delivered,9.0
ORD100779,2025-05-15,CUST1809,Gujranwala,Punjab,Onyx,Botticino Beige,Honed,30,126.9,428.29,10.0,48915.0,Bank Transfer,Fahad Malik,Main Yard - Chiniot,Cancelled,4.0
ORD103655,2025-05-10,CUST3041,Chiniot,Punjab,Marble,Ziarat White,Flamed,20,94.0,160.06,5.0,14293.36,Cheque,Fahad Malik,Depot - Multan,Delivered,6.0
ORD101258,2025-08-28,CUST1196,Sialkot,Punjab,Marble,Chaghi Golden,Polished,22,70.4,176.19,0.0,12403.78,Cash,Ahmed Raza,Depot - Lahore,Delivered,7.0
ORD100984,2024-01-23,CUST1804,Multan,Punjab,Granite,Buff Marble,Polished,22,55.4,154.55,0.0,8562.07,Cash,Ahmed Raza,Depot - Karachi,In Transit,7.0
ORD102190,2024-06-18,CUST1188,Gujranwala,Punjab,Marble,Multi Red,Leather,22,113.7,166.25,0.0,18902.62,Cash,Ahmed Raza,Main Yard - Chiniot,In Transit,8.0
ORD100966,2024-04-29,CUST1401,Mianwali,Punjab,Marble,Ziarat White,Polished,30,219.5,184.74,0.0,40550.43,Cash,Ahmed Raza,Depot - Multan,Pending,8.0
ORD101808,2025-08-14,CUST3183,Gujranwala,Punjab,Tile,Sunny Grey,Polished,30,71.1,108.11,15.0,6533.63,Credit (30 days),Usman Tariq,Depot - Multan,Pending,7.0
ORD101259,2024-03-23,CUST2288,Chiniot,Punjab,Marble,Black Galaxy,Honed,18,106.7,227.67,0.0,24292.39,Bank Transfer,Usman Tariq,Depot - Multan,Cancelled,9.0
ORD104892,2025-06-25,CUST2968,Quetta,Balochistan,Onyx,Black Galaxy,Polished,22,78.5,498.4,0.0,39124.4,Cash,Saad Iqbal,Depot - Lahore,Pending,4.0
ORD100945,2024-02-01,CUST1627,Chiniot,Punjab,Tile,Botticino Beige,Honed,18,127.0,94.21,10.0,10768.2,Credit (30 days),Zain Abbas,Depot - Karachi,Delivered,9.0
ORD103305,2024-03-12,CUST3041,Quetta,Balochistan,Marble,Chaghi Golden,Polished,20,157.1,144.17,0.0,22649.11,Credit (30 days),Usman Tariq,Main Yard - Chiniot,Cancelled,8.0
ORD103521,2025-12-28,CUST1106,Gujranwala,Punjab,Granite,Multi Red,Polished,20,147.1,235.87,5.0,32961.65,Credit (30 days),Usman Tariq,Depot - Karachi,Delivered,9.0
ORD104659,2025-05-18,CUST1921,Sialkot,Punjab,Granite,Sunny Grey,Honed,20,324.5,360.49,0.0,116979.0,Bank Transfer,Saad Iqbal,Depot - Lahore,Pending,6.0
ORD101530,2025-02-04,CUST3095,Sialkot,Punjab,Onyx,Black Galaxy,Polished,16,103.2,490.11,0.0,50579.35,Credit (30 days),Tariq Mehmood,Depot - Karachi,In Transit,4.0
ORD104836,2025-08-05,CUST1991,Karachi,Sindh,Granite,Buff Marble,Honed,20,50.4,326.73,0.0,16467.19,Cash,Zain Abbas,Depot - Lahore,Delivered,6.0
ORD102504,2024-03-10,CUST2248,Islamabad,Federal,Marble,Sunny Grey,Polished,22,49.9,163.8,0.0,8173.62,Cheque,Fahad Malik,Main Yard - Chiniot,Delivered,7.0
ORD104394,2025-07-30,CUST3227,Multan,Punjab,Marble,Rangeela Marble,Polished,30,36.2,172.59,0.0,6247.76,Cheque,Usman Tariq,Main Yard - Chiniot,Delivered,7.0
ORD102790,2025-05-04,CUST2774,Faisalabad,Punjab,Granite,Indus Green,Flamed,20,60.8,377.82,5.0,21822.88,Bank Transfer,Ahmed Raza,Depot - Lahore,Pending,8.0
ORD100532,2025-12-18,CUST3389,Gujranwala,Punjab,Marble,Teri White,Polished,16,31.2,143.0,0.0,4461.6,Cash,Ahmed Raza,Depot - Multan,Pending,8.0
ORD102344,2024-03-09,CUST3057,Rawalpindi,Punjab,Granite,Sunny Grey,Polished,18,20.0,283.35,0.0,5667.0,Cheque,Ahmed Raza,Main Yard - Chiniot,Delivered,7.0
ORD100304,2025-10-26,CUST3320,Peshawar,KPK,Marble,Chaghi Golden,Honed,20,130.2,132.95,10.0,15579.08,Bank Transfer,Hamza Sheikh,Depot - Lahore,Cancelled,8.0
ORD103944,2025-03-23,CUST2051,Sialkot,Punjab,Marble,Sunny Grey,Flamed,22,155.6,171.69,5.0,25379.22,Bank Transfer,Ahmed Raza,Depot - Lahore,In Transit,5.0
ORD102143,2024-11-16,CUST2769,Faisalabad,Punjab,Marble,Black Galaxy,Polished,18,101.9,159.48,15.0,13813.36,Bank Transfer,Bilal Khan,Depot - Karachi,Delivered,9.0
ORD103559,2025-11-06,CUST2462,Islamabad,Federal,Marble,Chaghi Golden,Polished,30,278.7,167.91,0.0,46796.52,Bank Transfer,Bilal Khan,Main Yard - Chiniot,Pending,5.0
ORD103632,2025-04-11,CUST1203,Peshawar,KPK,Marble,Emperador Brown,Polished,16,100.9,159.2,0.0,16063.28,Bank Transfer,Ahmed Raza,Main Yard - Chiniot,In Transit,10.0
ORD100332,2025-07-15,CUST3443,Sialkot,Punjab,Marble,Chiniot Black,Polished,18,20.0,167.4,0.0,3348.0,Cash,Bilal Khan,Main Yard - Chiniot,Delivered,6.0
ORD100475,2024-10-27,CUST1011,Gujranwala,Punjab,Granite,Sunny Grey,Polished,16,142.5,291.76,0.0,41575.8,Bank Transfer,Fahad Malik,Depot - Multan,Cancelled,6.0
ORD101212,2025-07-23,CUST3077,Islamabad,Federal,Marble,Multi Red,Leather,18,134.8,173.66,0.0,23409.37,Cheque,Bilal Khan,Main Yard - Chiniot,Delivered,8.0
ORD102894,2025-09-04,CUST1177,Islamabad,Federal,Marble,Indus Green,Polished,16,192.6,176.36,0.0,33966.94,Cheque,Hamza Sheikh,Depot - Multan,Cancelled,11.0
ORD104464,2024-05-26,CUST1023,Rawalpindi,Punjab,Tile,Indus Green,Polished,30,25.1,118.58,5.0,2827.54,Cash,Fahad Malik,Depot - Lahore,Cancelled,9.0
ORD101438,2025-01-18,CUST1688,Lahore,Punjab,Marble,Buff Marble,Polished,16,105.2,141.1,5.0,14101.53,Credit (30 days),Saad Iqbal,Main Yard - Chiniot,Cancelled,7.0
ORD103372,2024-11-15,CUST1879,Chiniot,Punjab,Marble,Chaghi Golden,Leather,30,33.5,147.18,0.0,4930.53,Cash,Fahad Malik,Depot - Multan,In Transit,5.0
ORD102302,2025-02-10,CUST1363,Sialkot,Punjab,Tile,Chaghi Golden,Polished,16,110.3,64.15,0.0,7075.75,Credit (30 days),Fahad Malik,Main Yard - Chiniot,Delivered,2.0
ORD100184,2024-09-06,CUST2601,Gujranwala,Punjab,Marble,Black Galaxy,Honed,22,168.8,174.1,5.0,27918.68,Cash,Bilal Khan,Depot - Karachi,Delivered,10.0
ORD102623,2025-11-27,CUST1919,Lahore,Punjab,Granite,Indus Green,Flamed,30,438.3,251.74,10.0,99303.88,Credit (30 days),Hamza Sheikh,Main Yard - Chiniot,Delivered,7.0
ORD103322,2025-11-10,CUST1862,Quetta,Balochistan,Marble,Rangeela Marble,Honed,22,319.4,223.66,0.0,71437.0,Cash,Saad Iqbal,Depot - Multan,Pending,5.0
ORD102765,2024-05-02,CUST2132,Mianwali,Punjab,Marble,Multi Red,Polished,20,417.4,143.5,0.0,59896.9,Bank Transfer,Fahad Malik,Depot - Karachi,In Transit,7.0
ORD100440,2025-08-07,CUST1631,Faisalabad,Punjab,Marble,Chaghi Golden,Polished,22,124.6,174.11,0.0,21694.11,Cheque,Hamza Sheikh,Depot - Lahore,Cancelled,7.0
ORD101893,2025-01-16,CUST1366,Faisalabad,Punjab,Tile,Botticino Beige,Polished,18,44.1,96.88,5.0,4058.79,Bank Transfer,Ahmed Raza,Main Yard - Chiniot,Delivered,3.0
ORD100364,2024-06-06,CUST2979,Rawalpindi,Punjab,Tile,Indus Green,Leather,16,101.7,92.02,0.0,9358.43,Bank Transfer,Ahmed Raza,Depot - Multan,Delivered,5.0
ORD104966,2025-05-06,CUST2639,Mianwali,Punjab,Marble,Buff Marble,Polished,30,120.1,217.53,0.0,26125.35,Bank Transfer,Usman Tariq,Depot - Lahore,Delivered,6.0
ORD101596,2024-02-29,CUST2910,Faisalabad,Punjab,Tile,Ziarat White,Polished,20,20.0,81.43,5.0,1547.17,Credit (30 days),Usman Tariq,Depot - Karachi,Delivered,7.0
ORD104897,2024-03-31,CUST2438,Gujranwala,Punjab,Tile,Chiniot Black,Honed,20,232.1,81.33,0.0,18876.69,Cash,Zain Abbas,Depot - Karachi,In Transit,11.0
ORD101244,2025-08-08,CUST2425,Sialkot,Punjab,Marble,Teri White,Polished,16,96.5,218.4,0.0,21075.6,Cash,Tariq Mehmood,Depot - Karachi,Delivered,4.0
ORD104419,2025-09-13,CUST2310,Multan,Punjab,Marble,Rangeela Marble,Polished,30,66.8,236.87,0.0,15822.92,Cash,Fahad Malik,Depot - Multan,Delivered,4.0
ORD101786,2024-10-14,CUST3167,Mianwali,Punjab,Tile,Sunny Grey,Polished,18,44.5,91.33,0.0,4064.18,Cash,Fahad Malik,Depot - Lahore,In Transit,3.0
ORD103478,2024-01-27,CUST2976,Chiniot,Punjab,Marble,Sunny Grey,Leather,20,185.2,205.87,0.0,38127.12,Credit (30 days),Zain Abbas,Depot - Lahore,Delivered,9.0
ORD101676,2024-07-30,CUST3380,Multan,Punjab,Onyx,Emperador Brown,Leather,16,93.3,392.86,10.0,32988.45,Cash,Usman Tariq,Depot - Lahore,Delivered,7.0
ORD101750,2025-04-28,CUST3129,Mianwali,Punjab,Marble,Black Galaxy,Polished,16,514.6,157.68,10.0,73027.92,Cash,Fahad Malik,Main Yard - Chiniot,Delivered,3.0
ORD101576,2024-07-25,CUST1872,Islamabad,Federal,Marble,Chaghi Golden,Polished,16,107.6,128.06,0.0,13779.26,Cheque,Hamza Sheikh,Depot - Karachi,Delivered,9.0
ORD104123,2024-06-04,CUST3349,Quetta,Balochistan,Tile,Buff Marble,Leather,18,85.3,90.57,0.0,7725.62,Cash,Fahad Malik,Depot - Karachi,In Transit,6.0
ORD101361,2024-12-18,CUST1214,Islamabad,Federal,Marble,Multi Red,Polished,18,136.9,189.33,0.0,25919.28,Bank Transfer,Ahmed Raza,Main Yard - Chiniot,Delivered,4.0
ORD101689,2024-04-02,CUST3104,Chiniot,Punjab,Granite,Black Galaxy,Polished,16,144.1,153.77,0.0,22158.26,Cash,Hamza Sheikh,Depot - Multan,Cancelled,9.0
ORD102458,2024-07-22,CUST3379,Sialkot,Punjab,Granite,Chiniot Black,Honed,16,27.7,220.09,0.0,6096.49,Bank Transfer,Bilal Khan,Depot - Lahore,Pending,9.0
ORD102781,2025-07-23,CUST3038,Gujranwala,Punjab,Onyx,Chaghi Golden,Honed,30,20.0,485.07,0.0,9701.4,Cheque,Hamza Sheikh,Main Yard - Chiniot,Pending,4.0
ORD102386,2025-11-23,CUST1529,Sialkot,Punjab,Onyx,Multi Red,Leather,30,108.5,461.71,0.0,50095.54,Cash,Zain Abbas,Main Yard - Chiniot,Cancelled,7.0
ORD104208,2024-02-28,CUST3466,Mianwali,Punjab,Granite,Indus Green,Honed,22,236.3,304.63,0.0,71984.07,Bank Transfer,Bilal Khan,Depot - Karachi,Delivered,7.0
ORD100485,2025-02-07,CUST1627,Faisalabad,Punjab,Marble,Rangeela Marble,Honed,16,77.3,182.93,0.0,14140.49,Cash,Ahmed Raza,Depot - Lahore,Delivered,10.0
ORD100083,2024-03-07,CUST2676,Multan,Punjab,Onyx,Botticino Beige,Flamed,20,191.9,461.04,15.0,75202.54,Credit (30 days),Tariq Mehmood,Depot - Lahore,Delivered,9.0
ORD103090,2024-02-14,CUST1394,Peshawar,KPK,Marble,Botticino Beige,Polished,30,70.2,213.61,0.0,14995.42,Credit (30 days),Hamza Sheikh,Depot - Multan,Delivered,5.0
ORD102716,2025-01-19,CUST2065,Lahore,Punjab,Granite,Indus Green,Flamed,18,33.0,231.63,0.0,7643.79,Cash,Zain Abbas,Depot - Lahore,Delivered,12.0
ORD101784,2024-05-08,CUST1636,Rawalpindi,Punjab,Tile,Chaghi Golden,Leather,30,121.0,116.45,0.0,14090.45,Cash,Tariq Mehmood,Depot - Karachi,Delivered,5.0
ORD101001,2025-03-04,CUST1946,Lahore,Punjab,Tile,Black Galaxy,Polished,18,59.9,75.73,0.0,4536.23,Cheque,Zain Abbas,Main Yard - Chiniot,Pending,9.0
ORD103225,2024-02-25,CUST2722,Mianwali,Punjab,Marble,Botticino Beige,Flamed,22,143.5,157.34,0.0,22578.29,Cash,Saad Iqbal,Depot - Karachi,Delivered,10.0
ORD101402,2025-01-22,CUST2801,Peshawar,KPK,Onyx,Teri White,Polished,22,20.0,438.66,0.0,8773.2,Bank Transfer,Bilal Khan,Depot - Karachi,Pending,10.0
ORD101015,2025-02-18,CUST1109,Chiniot,Punjab,Tile,Sunny Grey,Flamed,18,183.7,96.34,0.0,17697.66,Credit (30 days),Ahmed Raza,Depot - Lahore,Delivered,6.0
ORD102255,2024-02-18,CUST3367,Rawalpindi,Punjab,Tile,Teri White,Honed,30,147.9,107.04,0.0,15831.22,Bank Transfer,Ahmed Raza,Depot - Multan,Delivered,10.0
ORD103109,2024-09-07,CUST1868,Chiniot,Punjab,Marble,Botticino Beige,Leather,16,149.3,167.91,5.0,23815.51,Cash,Hamza Sheikh,Depot - Karachi,Delivered,7.0
ORD104467,2024-07-12,CUST1223,Multan,Punjab,Tile,Black Galaxy,Polished,20,20.0,93.01,15.0,1581.17,Bank Transfer,Fahad Malik,Depot - Karachi,In Transit,7.0
ORD100166,2025-03-12,CUST3103,Quetta,Balochistan,Onyx,Botticino Beige,Polished,22,219.6,536.34,0.0,117780.26,Cash,Hamza Sheikh,Depot - Karachi,Cancelled,6.0
ORD103683,2025-02-10,CUST1051,Quetta,Balochistan,Marble,Emperador Brown,Polished,20,82.8,191.57,0.0,15862.0,Cash,Ahmed Raza,Depot - Multan,Delivered,9.0
ORD104858,2024-09-01,CUST3402,Mianwali,Punjab,Marble,Indus Green,Bush Hammered,20,69.9,225.8,0.0,15783.42,Cash,Bilal Khan,Main Yard - Chiniot,Delivered,8.0
ORD104181,2025-07-14,CUST1069,Quetta,Balochistan,Marble,Ziarat White,Polished,22,124.9,216.19,0.0,27002.13,Credit (30 days),Bilal Khan,Depot - Multan,In Transit,11.0
ORD102118,2024-08-23,CUST3007,Chiniot,Punjab,Onyx,Chiniot Black,Honed,22,164.9,487.46,10.0,72343.94,Bank Transfer,Ahmed Raza,Depot - Multan,Delivered,10.0
ORD104389,2025-01-31,CUST3392,Karachi,Sindh,Marble,Black Galaxy,Polished,18,20.0,198.73,0.0,3974.6,Bank Transfer,Usman Tariq,Depot - Lahore,In Transit,7.0
ORD103761,2024-08-07,CUST1113,Mianwali,Punjab,Granite,Sunny Grey,Honed,22,169.7,320.68,0.0,54419.4,Cheque,Ahmed Raza,Main Yard - Chiniot,In Transit,5.0
ORD104031,2025-07-14,CUST1003,Multan,Punjab,Onyx,Indus Green,Polished,22,116.0,402.0,15.0,39637.2,Credit (30 days),Zain Abbas,Main Yard - Chiniot,Cancelled,8.0
ORD104967,2024-08-24,CUST2661,Faisalabad,Punjab,Marble,Black Galaxy,Leather,18,64.5,174.36,0.0,11246.22,Bank Transfer,Zain Abbas,Depot - Multan,Pending,12.0
ORD101117,2025-11-10,CUST3272,Chiniot,Punjab,Marble,Emperador Brown,Polished,22,112.2,241.25,5.0,25714.84,Credit (30 days),Tariq Mehmood,Main Yard - Chiniot,Delivered,7.0
ORD103806,2024-03-05,CUST2912,Islamabad,Federal,Tile,Indus Green,Polished,16,203.0,103.29,0.0,20967.87,Credit (30 days),Hamza Sheikh,Depot - Karachi,In Transit,8.0
ORD102274,2025-08-22,CUST2718,Rawalpindi,Punjab,Tile,Chiniot Black,Leather,22,179.2,90.75,10.0,14636.16,Bank Transfer,Usman Tariq,Depot - Multan,Delivered,7.0
ORD103032,2024-03-12,CUST1945,Rawalpindi,Punjab,Granite,Black Galaxy,Polished,30,228.2,329.54,0.0,75201.03,Cash,Zain Abbas,Depot - Lahore,Delivered,8.0
ORD101741,2025-08-27,CUST1610,Quetta,Balochistan,Marble,Sunny Grey,Polished,20,92.6,220.12,0.0,20383.11,Credit (30 days),Saad Iqbal,Depot - Multan,Delivered,6.0
ORD100816,2025-03-19,CUST1948,Karachi,Sindh,Marble,Chaghi Golden,Polished,20,45.7,227.84,0.0,10412.29,Bank Transfer,Usman Tariq,Main Yard - Chiniot,Delivered,5.0
ORD101567,2024-10-05,CUST1702,Karachi,Sindh,Onyx,Botticino Beige,Polished,16,182.5,433.66,15.0,67271.51,Bank Transfer,Tariq Mehmood,Main Yard - Chiniot,Delivered,11.0
ORD101956,2025-12-06,CUST3319,Chiniot,Punjab,Onyx,Indus Green,Bush Hammered,22,28.8,314.74,0.0,9064.51,Cash,Zain Abbas,Depot - Multan,Delivered,4.0
ORD103750,2024-02-29,CUST2937,Peshawar,KPK,Granite,Rangeela Marble,Polished,30,175.7,308.13,0.0,54138.44,Credit (30 days),Zain Abbas,Main Yard - Chiniot,Delivered,9.0
ORD102351,2025-10-20,CUST2374,Rawalpindi,Punjab,Granite,Teri White,Polished,30,64.1,319.54,0.0,20482.51,Cash,Hamza Sheikh,Main Yard - Chiniot,Pending,6.0
ORD103454,2024-05-10,CUST1514,Islamabad,Federal,Marble,Sunny Grey,Polished,16,89.6,183.88,0.0,16475.65,Bank Transfer,Usman Tariq,Depot - Lahore,Delivered,5.0
ORD103379,2025-02-12,CUST1600,Rawalpindi,Punjab,Tile,Multi Red,Polished,18,189.5,83.51,0.0,15825.14,Bank Transfer,Fahad Malik,Depot - Multan,Delivered,7.0
ORD100513,2024-04-14,CUST2438,Mianwali,Punjab,Marble,Chaghi Golden,Polished,20,182.4,179.54,10.0,29473.29,Bank Transfer,Bilal Khan,Depot - Karachi,Delivered,13.0
ORD101536,2024-12-31,CUST3329,Multan,Punjab,Marble,Indus Green,Polished,20,25.0,229.5,0.0,5737.5,Cash,Ahmed Raza,Main Yard - Chiniot,Delivered,6.0
ORD101328,2024-01-02,CUST2371,Islamabad,Federal,Marble,Buff Marble,Polished,20,60.7,198.95,15.0,10264.83,Credit (30 days),Tariq Mehmood,Depot - Karachi,Delivered,6.0
ORD101309,2025-01-30,CUST3481,Quetta,Balochistan,Granite,Black Galaxy,Polished,20,197.5,251.82,0.0,49734.45,Credit (30 days),Tariq Mehmood,Main Yard - Chiniot,Pending,6.0
ORD100580,2025-01-13,CUST3467,Multan,Punjab,Onyx,Botticino Beige,Flamed,20,123.5,556.56,0.0,68735.16,Cash,Ahmed Raza,Depot - Multan,In Transit,5.0
ORD101836,2024-05-12,CUST2177,Rawalpindi,Punjab,Onyx,Sunny Grey,Polished,22,217.2,387.65,0.0,84197.58,Cheque,Usman Tariq,Depot - Karachi,Delivered,5.0
ORD102282,2024-02-18,CUST2520,Sialkot,Punjab,Granite,Ziarat White,Polished,30,113.2,370.86,0.0,41981.35,Cheque,Zain Abbas,Depot - Multan,Delivered,5.0
ORD104158,2025-06-08,CUST1315,Islamabad,Federal,Onyx,Ziarat White,Honed,18,152.7,423.92,5.0,61495.95,Credit (30 days),Tariq Mehmood,Depot - Karachi,Delivered,10.0
ORD102007,2024-09-14,CUST1779,Gujranwala,Punjab,Granite,Chiniot Black,Polished,16,137.7,272.52,0.0,37526.0,Cash,Hamza Sheikh,Depot - Multan,Delivered,8.0
ORD104125,2025-04-02,CUST1592,Karachi,Sindh,Marble,Chaghi Golden,Leather,22,46.1,212.05,0.0,9775.51,Cheque,Saad Iqbal,Depot - Lahore,Pending,8.0
ORD100495,2025-01-30,CUST2679,Karachi,Sindh,Marble,Chiniot Black,Flamed,22,87.1,175.55,5.0,14525.88,Cash,Hamza Sheikh,Main Yard - Chiniot,In Transit,6.0
ORD102456,2024-03-20,CUST2985,Gujranwala,Punjab,Marble,Botticino Beige,Polished,18,72.8,197.43,0.0,14372.9,Cheque,Usman Tariq,Depot - Karachi,Delivered,5.0
ORD101329,2025-12-15,CUST1977,Peshawar,KPK,Onyx,Multi Red,Polished,20,20.7,467.06,5.0,9184.73,Cheque,Usman Tariq,Depot - Multan,Cancelled,5.0
ORD101051,2025-11-27,CUST1910,Rawalpindi,Punjab,Marble,Black Galaxy,Polished,16,134.0,182.81,10.0,22046.89,Bank Transfer,Bilal Khan,Depot - Multan,Delivered,4.0
ORD103769,2025-08-22,CUST1715,Quetta,Balochistan,Granite,Buff Marble,Polished,16,34.3,323.48,10.0,9985.83,Cheque,Ahmed Raza,Depot - Multan,Delivered,13.0
ORD101358,2024-03-25,CUST1874,Gujranwala,Punjab,Marble,Multi Red,Polished,30,146.4,192.72,0.0,28214.21,Cash,Fahad Malik,Depot - Karachi,Pending,8.0
ORD102119,2025-03-01,CUST2243,Rawalpindi,Punjab,Marble,Teri White,Polished,30,345.0,230.43,0.0,79498.35,Credit (30 days),Usman Tariq,Depot - Karachi,Delivered,7.0
ORD101191,2024-12-16,CUST1546,Quetta,Balochistan,Marble,Emperador Brown,Polished,30,203.1,217.45,0.0,44164.09,Cash,Saad Iqbal,Depot - Multan,Pending,7.0
ORD102705,2025-06-01,CUST1198,Chiniot,Punjab,Granite,Botticino Beige,Leather,20,20.0,204.04,0.0,4080.8,Cash,Usman Tariq,Depot - Karachi,In Transit,3.0
ORD103597,2025-04-19,CUST1694,Chiniot,Punjab,Marble,Indus Green,Leather,16,66.0,154.05,0.0,10167.3,Bank Transfer,Saad Iqbal,Depot - Multan,Delivered,8.0
ORD102518,2024-10-13,CUST3100,Peshawar,KPK,Marble,Sunny Grey,Polished,22,192.5,142.88,0.0,27504.4,Credit (30 days),Tariq Mehmood,Main Yard - Chiniot,Delivered,7.0
ORD100328,2025-04-29,CUST1376,Faisalabad,Punjab,Marble,Buff Marble,Honed,16,97.0,182.19,0.0,17672.43,Bank Transfer,Usman Tariq,Depot - Multan,Delivered,9.0
ORD103375,2025-12-21,CUST1708,Karachi,Sindh,Marble,Buff Marble,Polished,30,20.0,217.24,0.0,4344.8,Credit (30 days),Usman Tariq,Main Yard - Chiniot,Delivered,5.0
ORD104370,2024-10-02,CUST1144,Karachi,Sindh,Granite,Ziarat White,Bush Hammered,18,323.9,289.32,10.0,84339.67,Bank Transfer,Bilal Khan,Depot - Multan,Delivered,8.0
ORD103934,2025-09-30,CUST2399,Quetta,Balochistan,Marble,Chaghi Golden,Polished,22,161.6,216.71,0.0,35020.34,Cash,Bilal Khan,Depot - Lahore,Delivered,5.0
ORD103588,2024-08-18,CUST1740,Islamabad,Federal,Granite,Black Galaxy,Honed,16,72.5,237.15,0.0,17193.38,Cash,Zain Abbas,Depot - Multan,Delivered,4.0
ORD104429,2025-07-24,CUST2505,Karachi,Sindh,Onyx,Rangeela Marble,Polished,30,84.4,429.92,0.0,36285.25,Bank Transfer,Ahmed Raza,Depot - Multan,Delivered,10.0
ORD103739,2024-01-20,CUST2338,Peshawar,KPK,Marble,Chaghi Golden,Honed,22,150.5,129.62,10.0,17557.03,Cheque,Fahad Malik,Depot - Lahore,Cancelled,4.0
ORD100593,2025-01-01,CUST1609,Karachi,Sindh,Tile,Buff Marble,Leather,30,175.8,114.67,0.0,20158.99,Credit (30 days),Ahmed Raza,Main Yard - Chiniot,Delivered,6.0
ORD104294,2025-07-18,CUST2890,Karachi,Sindh,Marble,Rangeela Marble,Polished,16,80.7,166.85,15.0,11445.08,Cash,Bilal Khan,Depot - Lahore,Delivered,5.0
ORD103945,2025-07-23,CUST1913,Faisalabad,Punjab,Granite,Rangeela Marble,Honed,16,20.0,247.16,0.0,4943.2,Credit (30 days),Bilal Khan,Depot - Karachi,Delivered,7.0
ORD101501,2024-11-16,CUST3463,Lahore,Punjab,Tile,Teri White,Polished,20,130.5,84.72,0.0,11055.96,Bank Transfer,Saad Iqbal,Depot - Lahore,In Transit,4.0
ORD104993,2024-08-24,CUST3382,Karachi,Sindh,Marble,Emperador Brown,Honed,16,153.3,202.71,0.0,31075.44,Cheque,Fahad Malik,Depot - Lahore,Delivered,10.0
ORD100112,2024-11-19,CUST2429,Lahore,Punjab,Tile,Chiniot Black,Leather,30,84.5,112.82,0.0,9533.29,Cash,Zain Abbas,Main Yard - Chiniot,Pending,8.0
ORD104190,2025-05-08,CUST1383,Gujranwala,Punjab,Onyx,Indus Green,Polished,18,210.3,287.01,0.0,60358.2,Credit (30 days),Bilal Khan,Depot - Multan,In Transit,3.0
ORD100339,2024-11-12,CUST2833,Mianwali,Punjab,Marble,Rangeela Marble,Leather,16,150.9,210.14,0.0,31710.13,Bank Transfer,Ahmed Raza,Main Yard - Chiniot,Delivered,5.0
ORD100552,2024-12-17,CUST2176,Gujranwala,Punjab,Granite,Chiniot Black,Polished,18,20.0,280.12,0.0,5602.4,Cash,Ahmed Raza,Depot - Karachi,Pending,4.0
ORD102904,2024-06-24,CUST2780,Sialkot,Punjab,Marble,Chaghi Golden,Polished,20,108.3,170.85,0.0,18503.06,Cheque,Fahad Malik,Depot - Karachi,Cancelled,10.0
ORD102428,2025-11-30,CUST2565,Sialkot,Punjab,Onyx,Botticino Beige,Polished,22,57.5,334.44,0.0,19230.3,Cash,Fahad Malik,Depot - Lahore,Cancelled,2.0
ORD104503,2025-01-08,CUST1206,Rawalpindi,Punjab,Onyx,Buff Marble,Polished,20,141.0,459.27,0.0,64757.07,Cash,Tariq Mehmood,Depot - Karachi,Pending,9.0
ORD104147,2025-01-31,CUST3215,Peshawar,KPK,Marble,Chaghi Golden,Leather,16,81.2,176.92,0.0,14365.9,Credit (30 days),Hamza Sheikh,Depot - Lahore,In Transit,5.0
ORD100610,2025-12-16,CUST1121,Multan,Punjab,Tile,Indus Green,Flamed,30,27.3,92.47,0.0,2524.43,Cash,Usman Tariq,Main Yard - Chiniot,Cancelled,10.0
ORD103105,2024-06-24,CUST2813,Faisalabad,Punjab,Marble,Teri White,Leather,16,135.2,153.43,0.0,20743.74,Credit (30 days),Ahmed Raza,Depot - Multan,Cancelled,7.0
ORD102264,2025-08-23,CUST3424,Quetta,Balochistan,Marble,Black Galaxy,Bush Hammered,22,20.0,206.78,10.0,3722.04,Cash,Usman Tariq,Depot - Lahore,Delivered,4.0
ORD104326,2024-07-31,CUST1460,Gujranwala,Punjab,Marble,Teri White,Polished,22,82.0,174.54,15.0,12165.44,Cash,Fahad Malik,Depot - Karachi,Delivered,6.0
ORD103667,2024-10-21,CUST1495,Lahore,Punjab,Tile,Sunny Grey,Honed,18,88.4,75.07,0.0,6636.19,Cash,Usman Tariq,Depot - Karachi,In Transit,5.0
ORD101864,2024-12-24,CUST3057,Peshawar,KPK,Marble,Rangeela Marble,Leather,22,20.0,182.48,0.0,3649.6,Bank Transfer,Saad Iqbal,Depot - Lahore,Delivered,9.0
ORD102661,2024-03-20,CUST1877,Rawalpindi,Punjab,Marble,Rangeela Marble,Polished,30,293.7,191.95,0.0,56375.72,Cheque,Ahmed Raza,Depot - Multan,In Transit,6.0
ORD104941,2025-05-23,CUST2595,Islamabad,Federal,Marble,Teri White,Polished,18,20.0,167.98,0.0,3359.6,Cheque,Tariq Mehmood,Depot - Lahore,Delivered,9.0
ORD100607,2024-02-07,CUST1757,Lahore,Punjab,Marble,Chaghi Golden,Honed,18,100.7,172.84,0.0,17404.99,Bank Transfer,Hamza Sheikh,Main Yard - Chiniot,Cancelled,8.0
ORD104617,2024-06-26,CUST3331,Rawalpindi,Punjab,Granite,Ziarat White,Polished,30,237.1,318.84,0.0,75596.96,Bank Transfer,Fahad Malik,Depot - Lahore,Delivered,8.0
ORD103148,2024-07-31,CUST2620,Peshawar,KPK,Onyx,Botticino Beige,Honed,16,60.8,419.03,0.0,25477.02,Cash,Tariq Mehmood,Main Yard - Chiniot,In Transit,6.0
ORD100437,2024-10-12,CUST1724,Lahore,Punjab,Tile,Chaghi Golden,Honed,22,219.8,104.25,0.0,22914.15,Bank Transfer,Bilal Khan,Depot - Multan,Pending,5.0
ORD104392,2025-10-25,CUST1525,Quetta,Balochistan,Onyx,Sunny Grey,Honed,20,292.6,476.97,0.0,139561.42,Cash,Hamza Sheikh,Depot - Karachi,Delivered,5.0
ORD104977,2025-07-09,CUST1184,Faisalabad,Punjab,Granite,Multi Red,Polished,22,54.5,194.41,0.0,10595.34,Bank Transfer,Bilal Khan,Main Yard - Chiniot,Cancelled,8.0
ORD104343,2025-06-30,CUST1677,Quetta,Balochistan,Marble,Indus Green,Polished,30,159.0,219.93,0.0,34968.87,Cash,Usman Tariq,Depot - Multan,Delivered,6.0
ORD101952,2024-02-16,CUST2256,Rawalpindi,Punjab,Granite,Chiniot Black,Polished,22,89.6,341.78,10.0,27561.14,Bank Transfer,Zain Abbas,Depot - Multan,Delivered,7.0
ORD103481,2025-09-28,CUST3146,Islamabad,Federal,Marble,Multi Red,Polished,22,111.6,182.78,0.0,20398.25,Cash,Tariq Mehmood,Main Yard - Chiniot,Pending,5.0
ORD101511,2024-12-29,CUST1113,Gujranwala,Punjab,Marble,Ziarat White,Bush Hammered,22,86.0,221.14,0.0,19018.04,Bank Transfer,Saad Iqbal,Depot - Multan,Cancelled,10.0
ORD104555,2024-09-11,CUST2198,Mianwali,Punjab,Marble,Chaghi Golden,Polished,20,39.4,200.99,0.0,7919.01,Credit (30 days),Bilal Khan,Depot - Multan,Delivered,6.0
ORD100890,2025-11-26,CUST1530,Sialkot,Punjab,Marble,Chaghi Golden,Honed,16,209.8,189.16,0.0,39685.77,Cash,Bilal Khan,Main Yard - Chiniot,In Transit,8.0
ORD103567,2025-10-18,CUST1860,Islamabad,Federal,Marble,Chaghi Golden,Polished,20,107.4,193.63,0.0,20795.86,Bank Transfer,Usman Tariq,Depot - Multan,Delivered,6.0
ORD103320,2025-07-07,CUST2653,Quetta,Balochistan,Tile,Black Galaxy,Honed,16,111.2,90.51,5.0,9561.48,Cheque,Saad Iqbal,Main Yard - Chiniot,Cancelled,10.0
ORD103991,2025-02-22,CUST2934,Multan,Punjab,Tile,Chiniot Black,Polished,16,197.8,87.75,0.0,17356.95,Cheque,Zain Abbas,Depot - Karachi,Cancelled,9.0
ORD101867,2025-06-10,CUST2350,Karachi,Sindh,Granite,Teri White,Leather,22,171.8,234.47,10.0,36253.75,Bank Transfer,Fahad Malik,Depot - Lahore,In Transit,3.0
ORD103807,2025-10-06,CUST1590,Rawalpindi,Punjab,Marble,Buff Marble,Polished,16,187.3,92.35,10.0,15567.44,Bank Transfer,Fahad Malik,Depot - Multan,Pending,6.0
ORD100004,2024-05-08,CUST3146,Islamabad,Federal,Marble,Indus Green,Polished,16,210.9,201.02,10.0,38155.61,Credit (30 days),Bilal Khan,Main Yard - Chiniot,Delivered,5.0
ORD103998,2025-05-03,CUST1071,Islamabad,Federal,Marble,Indus Green,Flamed,30,180.9,232.22,0.0,42008.6,Bank Transfer,Zain Abbas,Depot - Karachi,In Transit,5.0
ORD103731,2024-06-21,CUST2194,Peshawar,KPK,Tile,Multi Red,Polished,16,105.5,77.97,0.0,8225.83,Cash,Saad Iqbal,Main Yard - Chiniot,Delivered,6.0
ORD104569,2025-06-30,CUST1197,Peshawar,KPK,Tile,Sunny Grey,Polished,18,134.4,67.27,5.0,8589.03,Bank Transfer,Bilal Khan,Depot - Multan,In Transit,7.0
ORD101679,2024-12-30,CUST2139,Gujranwala,Punjab,Tile,Buff Marble,Polished,30,104.0,94.14,0.0,9790.56,Bank Transfer,Hamza Sheikh,Depot - Multan,Delivered,6.0
ORD102861,2025-10-05,CUST2270,Lahore,Punjab,Onyx,Emperador Brown,Polished,30,281.7,516.98,0.0,145633.27,Credit (30 days),Usman Tariq,Depot - Multan,Delivered,13.0
ORD102852,2024-11-08,CUST1329,Faisalabad,Punjab,Marble,Black Galaxy,Polished,30,158.6,193.78,0.0,30733.51,Cash,Tariq Mehmood,Depot - Karachi,Pending,2.0
ORD104567,2025-12-07,CUST2834,Rawalpindi,Punjab,Marble,Buff Marble,Polished,18,115.4,199.69,10.0,20739.8,Cash,Zain Abbas,Depot - Karachi,Delivered,4.0
ORD104832,2025-09-01,CUST2018,Mianwali,Punjab,Granite,Buff Marble,Leather,30,160.1,324.16,10.0,46708.21,Cash,Usman Tariq,Main Yard - Chiniot,In Transit,10.0
ORD101277,2025-06-04,CUST1601,Islamabad,Federal,Tile,Multi Red,Polished,18,149.3,98.31,0.0,14677.68,Cash,Hamza Sheikh,Depot - Karachi,Cancelled,8.0
ORD102600,2025-10-14,CUST2509,Gujranwala,Punjab,Tile,Chiniot Black,Polished,18,93.7,90.88,15.0,7238.14,Cash,Zain Abbas,Main Yard - Chiniot,Delivered,10.0
ORD104410,2025-08-11,CUST3303,Karachi,Sindh,Marble,Rangeela Marble,Polished,20,20.0,244.64,0.0,4892.8,Credit (30 days),Fahad Malik,Main Yard - Chiniot,Cancelled,5.0
ORD101382,2025-08-21,CUST1515,Karachi,Sindh,Onyx,Multi Red,Honed,18,151.7,507.12,0.0,76930.1,Cash,Zain Abbas,Depot - Karachi,Cancelled,5.0
ORD102989,2024-10-06,CUST2109,Islamabad,Federal,Onyx,Multi Red,Polished,18,185.6,440.96,0.0,81842.18,Cash,Hamza Sheikh,Depot - Karachi,Cancelled,7.0
ORD100967,2024-03-04,CUST2680,Mianwali,Punjab,Tile,Multi Red,Honed,18,92.8,101.16,10.0,8448.88,Credit (30 days),Zain Abbas,Depot - Lahore,Delivered,11.0
ORD104042,2024-05-18,CUST3294,Multan,Punjab,Onyx,Buff Marble,Honed,18,22.0,284.02,0.0,6248.44,Credit (30 days),Ahmed Raza,Depot - Karachi,In Transit,7.0
ORD103787,2025-01-26,CUST3228,Quetta,Balochistan,Marble,Sunny Grey,Polished,20,44.7,227.8,0.0,10182.66,Credit (30 days),Usman Tariq,Depot - Karachi,Pending,10.0
ORD101827,2024-02-14,CUST2600,Lahore,Punjab,Marble,Multi Red,Polished,18,29.9,190.99,0.0,5710.6,Bank Transfer,Saad Iqbal,Depot - Lahore,Delivered,7.0
ORD102681,2025-11-20,CUST3059,Multan,Punjab,Marble,Multi Red,Polished,16,155.8,173.94,0.0,27099.85,Bank Transfer,Tariq Mehmood,Depot - Lahore,Cancelled,7.0
ORD103203,2024-04-20,CUST1236,Peshawar,KPK,Onyx,Emperador Brown,Honed,30,105.4,500.25,0.0,52726.35,Cash,Fahad Malik,Depot - Multan,Cancelled,7.0
ORD103476,2024-12-23,CUST2713,Lahore,Punjab,Marble,Black Galaxy,Flamed,16,20.0,163.77,0.0,3275.4,Cash,Zain Abbas,Depot - Lahore,Pending,7.0
ORD100315,2024-08-22,CUST1064,Multan,Punjab,Granite,Black Galaxy,Honed,20,75.9,308.44,0.0,23410.6,Cash,Fahad Malik,Depot - Multan,Delivered,7.0
ORD102459,2024-02-21,CUST1735,Peshawar,KPK,Marble,Multi Red,Polished,22,86.3,194.61,0.0,16794.84,Cash,Saad Iqbal,Main Yard - Chiniot,Delivered,8.0
ORD104973,2025-10-01,CUST3478,Karachi,Sindh,Marble,Rangeela Marble,Polished,20,96.1,205.06,0.0,19706.27,Cheque,Fahad Malik,Depot - Multan,Cancelled,9.0
ORD102357,2024-03-13,CUST1164,Karachi,Sindh,Marble,Sunny Grey,Polished,18,268.0,176.9,0.0,47409.2,Bank Transfer,Fahad Malik,Depot - Karachi,In Transit,7.0
ORD102720,2024-05-12,CUST2310,Mianwali,Punjab,Marble,Sunny Grey,Polished,30,180.4,181.43,0.0,32729.97,Bank Transfer,Bilal Khan,Depot - Multan,Pending,9.0
ORD100310,2024-09-17,CUST2765,Quetta,Balochistan,Marble,Chiniot Black,Polished,18,83.2,190.29,0.0,15832.13,Cash,Fahad Malik,Depot - Karachi,In Transit,5.0
ORD103786,2025-06-08,CUST2321,Faisalabad,Punjab,Onyx,Multi Red,Polished,18,129.0,399.8,10.0,46416.78,Cash,Ahmed Raza,Depot - Karachi,Cancelled,5.0
ORD101072,2024-01-29,CUST3187,Karachi,Sindh,Marble,Multi Red,Polished,20,36.0,166.87,0.0,6007.32,Cash,Fahad Malik,Depot - Karachi,Delivered,9.0
ORD103906,2025-06-09,CUST1028,Rawalpindi,Punjab,Onyx,Chaghi Golden,Polished,22,30.0,376.48,5.0,10729.68,Cash,Bilal Khan,Depot - Lahore,Delivered,11.0
ORD102629,2024-10-29,CUST1209,Multan,Punjab,Granite,Chiniot Black,Polished,18,160.2,270.79,0.0,43380.56,Bank Transfer,Fahad Malik,Depot - Lahore,Delivered,5.0
ORD100227,2025-05-22,CUST1731,Peshawar,KPK,Onyx,Botticino Beige,Polished,22,194.9,480.99,5.0,89057.7,Cheque,Zain Abbas,Depot - Karachi,Delivered,5.0
ORD101744,2024-06-08,CUST1118,Rawalpindi,Punjab,Marble,Sunny Grey,Polished,20,137.9,237.96,0.0,32814.68,Cash,Saad Iqbal,Depot - Karachi,Delivered,3.0
ORD101301,2024-04-29,CUST1675,Faisalabad,Punjab,Marble,Chiniot Black,Polished,20,353.8,167.11,5.0,56167.34,Cash,Tariq Mehmood,Main Yard - Chiniot,In Transit,6.0
ORD104608,2024-05-01,CUST1662,Multan,Punjab,Onyx,Buff Marble,Honed,18,27.6,441.24,0.0,12178.22,Cash,Bilal Khan,Depot - Lahore,Delivered,5.0
ORD101680,2025-01-05,CUST2755,Peshawar,KPK,Marble,Black Galaxy,Honed,18,175.8,206.46,0.0,36295.67,Cash,Fahad Malik,Depot - Lahore,Delivered,5.0
ORD104367,2024-11-29,CUST3302,Quetta,Balochistan,Marble,Chiniot Black,Polished,22,34.8,198.35,0.0,6557.45,Cash,Bilal Khan,Depot - Karachi,Delivered,6.0
ORD101803,2024-02-02,CUST3030,Quetta,Balochistan,Marble,Botticino Beige,Polished,20,139.2,190.45,0.0,26510.64,Cash,Saad Iqbal,Depot - Karachi,Delivered,3.0
ORD103795,2024-06-06,CUST1473,Quetta,Balochistan,Marble,Teri White,Polished,16,88.3,219.4,0.0,19373.02,Cash,Fahad Malik,Depot - Multan,Cancelled,12.0
ORD102145,2024-03-11,CUST2082,Gujranwala,Punjab,Onyx,Black Galaxy,Polished,16,351.7,423.57,0.0,148969.57,Cash,Usman Tariq,Depot - Lahore,In Transit,7.0
ORD100498,2024-07-20,CUST1058,Islamabad,Federal,Onyx,Emperador Brown,Flamed,30,113.0,513.25,0.0,57997.25,Cheque,Usman Tariq,Depot - Multan,Delivered,4.0
ORD103285,2025-01-12,CUST1068,Gujranwala,Punjab,Tile,Emperador Brown,Polished,30,127.7,75.3,0.0,9615.81,Credit (30 days),Tariq Mehmood,Depot - Multan,Cancelled,11.0
ORD102778,2024-05-20,CUST2116,Faisalabad,Punjab,Marble,Black Galaxy,Bush Hammered,20,142.4,227.92,5.0,30833.02,Cash,Usman Tariq,Depot - Karachi,In Transit,8.0
ORD103651,2024-01-12,CUST1060,Multan,Punjab,Marble,Buff Marble,Honed,16,24.4,184.11,0.0,4492.28,Bank Transfer,Ahmed Raza,Main Yard - Chiniot,Delivered,5.0
ORD103641,2024-11-13,CUST1440,Quetta,Balochistan,Marble,Botticino Beige,Bush Hammered,16,332.4,168.86,0.0,56129.06,Credit (30 days),Fahad Malik,Depot - Lahore,Delivered,6.0
ORD101609,2025-05-30,CUST2574,Rawalpindi,Punjab,Granite,Indus Green,Polished,16,183.7,258.23,0.0,47436.85,Cash,Ahmed Raza,Depot - Lahore,Pending,6.0
ORD101084,2024-12-18,CUST1428,Sialkot,Punjab,Marble,Botticino Beige,Polished,16,20.0,153.09,5.0,2908.71,Cheque,Tariq Mehmood,Depot - Karachi,In Transit,9.0
ORD101340,2024-11-12,CUST1846,Rawalpindi,Punjab,Tile,Teri White,Polished,22,110.2,87.49,0.0,9641.4,Cheque,Tariq Mehmood,Depot - Lahore,In Transit,8.0
ORD100535,2024-07-11,CUST2725,Chiniot,Punjab,Marble,Botticino Beige,Leather,18,102.0,239.66,15.0,20778.52,Cash,Zain Abbas,Main Yard - Chiniot,Delivered,8.0
ORD101166,2024-07-18,CUST2891,Faisalabad,Punjab,Marble,Indus Green,Polished,16,26.1,179.42,0.0,4682.86,Credit (30 days),Fahad Malik,Main Yard - Chiniot,Pending,6.0
ORD101132,2025-05-05,CUST2747,Lahore,Punjab,Marble,Multi Red,Polished,30,67.8,169.67,0.0,11503.63,Credit (30 days),Saad Iqbal,Depot - Lahore,Delivered,6.0
ORD104119,2024-03-28,CUST2726,Faisalabad,Punjab,Marble,Sunny Grey,Polished,22,30.5,229.48,10.0,6299.23,Cash,Tariq Mehmood,Depot - Karachi,Delivered,10.0
ORD102999,2024-01-19,CUST1629,Sialkot,Punjab,Granite,Botticino Beige,Polished,30,87.2,284.04,0.0,24768.29,Cash,Saad Iqbal,Depot - Karachi,In Transit,5.0
ORD101009,2025-06-02,CUST1406,Karachi,Sindh,Marble,Rangeela Marble,Polished,18,48.4,204.84,10.0,8922.83,Credit (30 days),Fahad Malik,Depot - Lahore,Pending,7.0
ORD103038,2025-05-22,CUST2321,Mianwali,Punjab,Granite,Sunny Grey,Honed,18,137.2,301.91,0.0,41422.05,Credit (30 days),Zain Abbas,Main Yard - Chiniot,In Transit,8.0
ORD104965,2025-12-27,CUST1839,Sialkot,Punjab,Marble,Chaghi Golden,Polished,16,67.3,211.97,0.0,14265.58,Bank Transfer,Zain Abbas,Depot - Multan,Cancelled,9.0
ORD102065,2024-12-27,CUST1780,Chiniot,Punjab,Marble,Chaghi Golden,Honed,22,160.1,236.57,5.0,35981.11,Bank Transfer,Bilal Khan,Main Yard - Chiniot,Cancelled,4.0
ORD100276,2024-05-07,CUST3068,Multan,Punjab,Marble,Emperador Brown,Polished,22,170.9,218.71,0.0,37377.54,Cash,Ahmed Raza,Depot - Multan,Cancelled,8.0
ORD103809,2025-05-24,CUST2828,Lahore,Punjab,Marble,Black Galaxy,Polished,16,71.8,159.36,0.0,11442.05,Cash,Tariq Mehmood,Depot - Multan,Delivered,6.0
ORD101854,2025-09-14,CUST2473,Gujranwala,Punjab,Marble,Botticino Beige,Polished,18,446.9,184.59,0.0,82493.27,Credit (30 days),Bilal Khan,Depot - Multan,In Transit,5.0
ORD102856,2024-02-16,CUST3109,Faisalabad,Punjab,Marble,Botticino Beige,Honed,20,57.0,216.68,5.0,11733.22,Credit (30 days),Bilal Khan,Main Yard - Chiniot,In Transit,5.0
ORD103931,2025-08-23,CUST1685,Quetta,Balochistan,Tile,Multi Red,Polished,20,98.8,74.7,0.0,7380.36,Cheque,Tariq Mehmood,Depot - Karachi,Cancelled,11.0
ORD102775,2024-02-13,CUST1329,Mianwali,Punjab,Tile,Ziarat White,Polished,16,32.3,89.9,10.0,2613.39,Bank Transfer,Fahad Malik,Depot - Lahore,Delivered,10.0
ORD102899,2024-07-22,CUST1792,Quetta,Balochistan,Marble,Multi Red,Leather,20,99.0,172.46,5.0,16219.86,Cheque,Fahad Malik,Depot - Karachi,In Transit,12.0
ORD103452,2025-05-01,CUST2644,Faisalabad,Punjab,Tile,Emperador Brown,Polished,30,125.0,121.8,0.0,15225.0,Credit (30 days),Tariq Mehmood,Depot - Multan,Delivered,3.0
ORD103855,2025-07-15,CUST3005,Sialkot,Punjab,Onyx,Chaghi Golden,Leather,30,20.0,497.88,0.0,9957.6,Credit (30 days),Tariq Mehmood,Depot - Lahore,Delivered,6.0
ORD102925,2024-05-30,CUST1168,Lahore,Punjab,Marble,Sunny Grey,Honed,18,276.8,182.92,0.0,50632.26,Bank Transfer,Ahmed Raza,Depot - Multan,Cancelled,9.0
ORD103308,2025-12-21,CUST1802,Lahore,Punjab,Marble,Buff Marble,Polished,18,188.7,206.58,0.0,38981.65,Bank Transfer,Ahmed Raza,Main Yard - Chiniot,Delivered,9.0
ORD104735,2025-01-13,CUST2401,Lahore,Punjab,Marble,Indus Green,Flamed,20,27.7,185.05,0.0,5125.88,Cash,Ahmed Raza,Depot - Karachi,Pending,9.0
ORD104904,2025-08-11,CUST1402,Lahore,Punjab,Marble,Chiniot Black,Polished,22,61.2,218.04,0.0,13344.05,Credit (30 days),Tariq Mehmood,Main Yard - Chiniot,Pending,5.0
ORD102559,2025-08-29,CUST3282,Faisalabad,Punjab,Granite,Black Galaxy,Polished,18,185.2,317.78,0.0,58852.86,Cheque,Fahad Malik,Main Yard - Chiniot,Delivered,6.0
ORD101583,2024-07-02,CUST1761,Chiniot,Punjab,Marble,Sunny Grey,Leather,22,35.9,203.22,0.0,7295.6,Credit (30 days),Bilal Khan,Main Yard - Chiniot,Delivered,10.0
ORD102597,2025-12-06,CUST3368,Gujranwala,Punjab,Granite,Ziarat White,Honed,20,125.1,256.47,0.0,32084.4,Cash,Tariq Mehmood,Depot - Multan,Delivered,8.0
ORD100916,2024-01-31,CUST1421,Sialkot,Punjab,Marble,Multi Red,Honed,30,47.5,210.92,0.0,10018.7,Bank Transfer,Zain Abbas,Depot - Multan,Delivered,9.0
ORD103211,2025-02-26,CUST1836,Gujranwala,Punjab,Tile,Botticino Beige,Polished,22,26.4,66.72,0.0,1761.41,Cash,Zain Abbas,Main Yard - Chiniot,Delivered,6.0
ORD104169,2024-03-17,CUST1246,Karachi,Sindh,Tile,Indus Green,Honed,20,142.3,98.62,0.0,14033.63,Cheque,Usman Tariq,Depot - Lahore,Cancelled,8.0
ORD103772,2024-09-30,CUST2319,Gujranwala,Punjab,Marble,Multi Red,Polished,20,43.9,226.88,15.0,8466.03,Cheque,Saad Iqbal,Depot - Multan,Delivered,13.0
ORD104099,2025-05-27,CUST3389,Lahore,Punjab,Marble,Indus Green,Leather,20,141.1,146.31,5.0,19612.12,Cash,Zain Abbas,Depot - Lahore,Pending,7.0
ORD104444,2025-08-08,CUST1420,Multan,Punjab,Onyx,Rangeela Marble,Polished,30,66.1,509.98,0.0,33709.68,Cash,Fahad Malik,Depot - Karachi,Delivered,11.0
ORD102803,2024-11-23,CUST1643,Peshawar,KPK,Granite,Chiniot Black,Polished,22,195.8,246.66,0.0,48296.03,Cheque,Zain Abbas,Depot - Multan,Delivered,3.0
ORD104775,2024-09-23,CUST1569,Rawalpindi,Punjab,Onyx,Buff Marble,Polished,22,189.1,496.97,5.0,89278.18,Credit (30 days),Usman Tariq,Main Yard - Chiniot,Delivered,7.0
ORD100930,2024-09-16,CUST1684,Islamabad,Federal,Onyx,Sunny Grey,Bush Hammered,18,20.0,463.91,0.0,9278.2,Credit (30 days),Tariq Mehmood,Depot - Lahore,Delivered,9.0
ORD104778,2024-06-26,CUST3147,Chiniot,Punjab,Tile,Indus Green,Honed,20,198.2,96.15,0.0,19056.93,Cash,Tariq Mehmood,Depot - Karachi,Delivered,6.0
ORD103801,2024-07-08,CUST1622,Peshawar,KPK,Granite,Multi Red,Polished,22,73.4,284.43,0.0,20877.16,Cash,Hamza Sheikh,Main Yard - Chiniot,Cancelled,3.0
ORD100316,2024-10-02,CUST2438,Lahore,Punjab,Marble,Indus Green,Polished,16,20.0,153.18,0.0,3063.6,Bank Transfer,Saad Iqbal,Depot - Lahore,Cancelled,6.0
ORD104877,2025-02-07,CUST1397,Quetta,Balochistan,Onyx,Chiniot Black,Polished,20,38.5,433.79,0.0,16700.92,Credit (30 days),Ahmed Raza,Main Yard - Chiniot,In Transit,7.0
ORD100265,2024-07-16,CUST1203,Lahore,Punjab,Marble,Ziarat White,Leather,30,104.8,202.98,0.0,21272.3,Cheque,Zain Abbas,Depot - Lahore,Delivered,7.0
ORD100416,2025-09-09,CUST2510,Mianwali,Punjab,Marble,Black Galaxy,Polished,16,77.2,197.75,0.0,15266.3,Bank Transfer,Saad Iqbal,Depot - Karachi,Delivered,8.0
ORD103959,2025-05-03,CUST2906,Islamabad,Federal,Marble,Indus Green,Polished,20,117.7,152.05,0.0,17896.29,Bank Transfer,Bilal Khan,Depot - Multan,Delivered,7.0
ORD103306,2024-12-19,CUST1531,Karachi,Sindh,Granite,Black Galaxy,Polished,18,71.2,273.71,0.0,19488.15,Bank Transfer,Fahad Malik,Depot - Karachi,Delivered,4.0
ORD104037,2025-01-13,CUST3020,Faisalabad,Punjab,Marble,Ziarat White,Polished,30,38.1,150.93,5.0,5462.91,Credit (30 days),Ahmed Raza,Depot - Lahore,Pending,6.0
ORD103121,2024-01-22,CUST2163,Sialkot,Punjab,Granite,Emperador Brown,Polished,22,103.1,298.36,5.0,29222.87,Bank Transfer,Zain Abbas,Depot - Multan,Delivered,7.0
ORD104253,2024-05-25,CUST2440,Peshawar,KPK,Marble,Multi Red,Leather,18,120.5,191.47,0.0,23072.14,Bank Transfer,Saad Iqbal,Main Yard - Chiniot,Delivered,3.0
ORD102864,2025-02-09,CUST3368,Karachi,Sindh,Granite,Chiniot Black,Leather,18,50.2,322.0,5.0,15356.18,Credit (30 days),Zain Abbas,Depot - Lahore,Pending,5.0
ORD101267,2025-07-09,CUST1215,Lahore,Punjab,Marble,Indus Green,Honed,20,65.2,168.87,0.0,11010.32,Bank Transfer,Ahmed Raza,Depot - Multan,In Transit,10.0
ORD104264,2025-01-13,CUST3024,Peshawar,KPK,Marble,Teri White,Polished,20,21.5,172.34,0.0,3705.31,Cash,Ahmed Raza,Depot - Lahore,Pending,6.0
ORD103745,2024-11-14,CUST2241,Karachi,Sindh,Granite,Sunny Grey,Polished,20,122.8,256.49,5.0,29922.12,Cheque,Hamza Sheikh,Depot - Karachi,Pending,5.0
ORD102954,2024-09-26,CUST3398,Peshawar,KPK,Granite,Botticino Beige,Flamed,20,112.8,293.07,0.0,33058.3,Credit (30 days),Fahad Malik,Depot - Karachi,Pending,5.0
ORD102341,2025-07-06,CUST2379,Mianwali,Punjab,Marble,Rangeela Marble,Polished,20,79.4,166.95,5.0,12593.04,Bank Transfer,Zain Abbas,Main Yard - Chiniot,In Transit,2.0
ORD104510,2025-01-16,CUST2377,Multan,Punjab,Tile,Ziarat White,Polished,22,23.8,101.12,10.0,2165.99,Credit (30 days),Hamza Sheikh,Depot - Multan,Delivered,8.0
ORD100081,2025-07-01,CUST2523,Gujranwala,Punjab,Tile,Multi Red,Polished,16,20.0,80.24,15.0,1364.08,Cheque,Fahad Malik,Main Yard - Chiniot,Pending,7.0
ORD103382,2025-02-13,CUST2777,Gujranwala,Punjab,Marble,Botticino Beige,Flamed,18,183.0,178.34,0.0,32636.22,Cash,Hamza Sheikh,Depot - Lahore,Pending,5.0
ORD102877,2024-11-18,CUST1645,Peshawar,KPK,Marble,Multi Red,Honed,16,106.1,186.0,5.0,18747.87,Bank Transfer,Usman Tariq,Depot - Multan,Pending,4.0
ORD103921,2025-02-13,CUST1790,Multan,Punjab,Marble,Ziarat White,Polished,18,280.2,134.39,5.0,35773.27,Bank Transfer,Hamza Sheikh,Depot - Multan,Delivered,8.0
ORD101804,2025-12-17,CUST1069,Lahore,Punjab,Marble,Chiniot Black,Bush Hammered,18,20.0,161.08,0.0,3221.6,Credit (30 days),Usman Tariq,Depot - Karachi,In Transit,7.0
ORD103640,2024-04-22,CUST2577,Gujranwala,Punjab,Marble,Rangeela Marble,Polished,18,119.0,166.19,0.0,19776.61,Cash,Usman Tariq,Depot - Lahore,Delivered,6.0
ORD100620,2025-08-03,CUST2017,Mianwali,Punjab,Granite,Rangeela Marble,Bush Hammered,20,48.4,280.36,0.0,13569.42,Cash,Saad Iqbal,Depot - Multan,Delivered,9.0
ORD101884,2024-10-01,CUST2739,Rawalpindi,Punjab,Onyx,Rangeela Marble,Honed,30,133.3,435.99,10.0,52305.72,Cash,Saad Iqbal,Main Yard - Chiniot,Delivered,5.0
ORD102193,2025-09-26,CUST3088,Islamabad,Federal,Tile,Chiniot Black,Flamed,20,50.5,100.34,0.0,5067.17,Bank Transfer,Usman Tariq,Main Yard - Chiniot,Delivered,10.0
ORD100600,2024-05-04,CUST2230,Quetta,Balochistan,Onyx,Chiniot Black,Polished,18,113.3,404.18,0.0,45793.59,Cheque,Hamza Sheikh,Main Yard - Chiniot,Delivered,6.0
ORD100549,2024-09-21,CUST1150,Rawalpindi,Punjab,Marble,Multi Red,Leather,20,46.1,145.06,0.0,6687.27,Bank Transfer,Usman Tariq,Main Yard - Chiniot,Delivered,14.0
ORD104043,2025-03-25,CUST1024,Islamabad,Federal,Marble,Indus Green,Polished,22,162.5,158.04,10.0,23113.35,Bank Transfer,Tariq Mehmood,Depot - Karachi,In Transit,8.0
ORD100015,2025-03-19,CUST2810,Mianwali,Punjab,Marble,Indus Green,Flamed,22,153.0,166.69,0.0,25503.57,Bank Transfer,Zain Abbas,Depot - Karachi,Pending,5.0
ORD101886,2024-05-24,CUST1769,Gujranwala,Punjab,Marble,Emperador Brown,Flamed,18,68.4,186.08,15.0,10818.69,Cash,Usman Tariq,Main Yard - Chiniot,Pending,8.0
ORD103575,2024-07-25,CUST2408,Peshawar,KPK,Marble,Emperador Brown,Polished,16,74.3,179.86,10.0,12027.24,Bank Transfer,Hamza Sheikh,Main Yard - Chiniot,In Transit,7.0
ORD102891,2024-03-24,CUST3058,Rawalpindi,Punjab,Onyx,Sunny Grey,Honed,18,333.3,361.13,10.0,108328.17,Cash,Zain Abbas,Main Yard - Chiniot,Cancelled,8.0
ORD100505,2024-03-21,CUST1947,Rawalpindi,Punjab,Marble,Sunny Grey,Polished,22,111.9,169.23,15.0,16096.31,Cash,Zain Abbas,Depot - Lahore,Delivered,8.0
ORD104399,2024-02-25,CUST2247,Faisalabad,Punjab,Onyx,Botticino Beige,Honed,22,89.9,497.1,0.0,44689.29,Credit (30 days),Usman Tariq,Main Yard - Chiniot,Pending,5.0
ORD104081,2025-03-29,CUST1416,Islamabad,Federal,Marble,Botticino Beige,Leather,30,33.0,192.45,0.0,6350.85,Cash,Fahad Malik,Depot - Multan,Cancelled,5.0
ORD103586,2025-03-02,CUST3299,Rawalpindi,Punjab,Onyx,Multi Red,Polished,16,51.3,352.83,0.0,18100.18,Cash,Bilal Khan,Depot - Karachi,Delivered,9.0
ORD100673,2025-05-05,CUST1791,Quetta,Balochistan,Marble,Chiniot Black,Flamed,20,47.2,170.23,0.0,8034.86,Bank Transfer,Ahmed Raza,Depot - Lahore,Pending,5.0
ORD100603,2024-12-18,CUST1662,Gujranwala,Punjab,Marble,Teri White,Honed,30,59.7,195.37,0.0,11663.59,Bank Transfer,Saad Iqbal,Depot - Multan,In Transit,6.0
ORD103629,2025-02-08,CUST2239,Rawalpindi,Punjab,Tile,Chaghi Golden,Polished,20,161.6,86.14,0.0,13920.22,Bank Transfer,Saad Iqbal,Depot - Karachi,Cancelled,10.0
ORD103743,2024-07-12,CUST2595,Islamabad,Federal,Granite,Sunny Grey,Honed,30,137.6,188.45,0.0,25930.72,Bank Transfer,Hamza Sheikh,Depot - Karachi,Delivered,5.0
ORD100223,2025-05-12,CUST1507,Peshawar,KPK,Marble,Teri White,Polished,30,72.9,169.02,0.0,12321.56,Cash,Ahmed Raza,Depot - Multan,Delivered,5.0
ORD101099,2025-12-05,CUST1452,Quetta,Balochistan,Marble,Chaghi Golden,Honed,30,98.1,222.92,0.0,21868.45,Cash,Tariq Mehmood,Depot - Lahore,In Transit,5.0
ORD101853,2025-01-13,CUST1423,Chiniot,Punjab,Marble,Chaghi Golden,Leather,22,35.3,179.56,10.0,5704.62,Cheque,Tariq Mehmood,Depot - Lahore,Cancelled,7.0
ORD101252,2025-01-25,CUST1223,Faisalabad,Punjab,Marble,Indus Green,Leather,18,135.1,157.9,0.0,21332.29,Cash,Hamza Sheikh,Depot - Karachi,Pending,4.0
ORD103057,2024-02-11,CUST2371,Mianwali,Punjab,Marble,Rangeela Marble,Polished,18,48.1,174.76,0.0,8405.96,Credit (30 days),Fahad Malik,Depot - Karachi,In Transit,7.0
ORD101521,2024-02-03,CUST1050,Peshawar,KPK,Granite,Emperador Brown,Polished,16,136.2,256.77,0.0,34972.07,Bank Transfer,Fahad Malik,Depot - Lahore,In Transit,6.0
ORD104416,2024-01-04,CUST2831,Chiniot,Punjab,Marble,Emperador Brown,Polished,20,20.0,211.28,0.0,4225.6,Credit (30 days),Hamza Sheikh,Depot - Lahore,Pending,4.0
ORD102163,2025-12-15,CUST1127,Mianwali,Punjab,Marble,Multi Red,Polished,22,104.5,216.48,0.0,22622.16,Cash,Bilal Khan,Depot - Multan,Delivered,9.0
ORD100134,2024-06-23,CUST1643,Quetta,Balochistan,Onyx,Chiniot Black,Polished,30,53.7,558.18,0.0,29974.27,Bank Transfer,Usman Tariq,Depot - Multan,Cancelled,9.0
ORD104683,2025-11-24,CUST2111,Islamabad,Federal,Granite,Rangeela Marble,Honed,30,102.4,265.46,5.0,25823.95,Cheque,Saad Iqbal,Main Yard - Chiniot,In Transit,6.0
ORD100767,2024-04-26,CUST1201,Islamabad,Federal,Marble,Multi Red,Polished,30,296.7,163.58,0.0,48534.19,Credit (30 days),Ahmed Raza,Depot - Karachi,Delivered,7.0
ORD104697,2025-03-31,CUST2620,Islamabad,Federal,Marble,Botticino Beige,Polished,20,146.5,201.34,0.0,29496.31,Bank Transfer,Usman Tariq,Main Yard - Chiniot,Cancelled,3.0
ORD103066,2024-02-04,CUST1381,Rawalpindi,Punjab,Marble,Botticino Beige,Honed,20,81.5,141.28,0.0,11514.32,Cheque,Saad Iqbal,Main Yard - Chiniot,In Transit,8.0
ORD100606,2024-02-08,CUST2658,Gujranwala,Punjab,Granite,Black Galaxy,Bush Hammered,20,178.3,252.22,0.0,44970.83,Cash,Hamza Sheikh,Depot - Lahore,Delivered,9.0
ORD102972,2024-04-07,CUST2412,Rawalpindi,Punjab,Marble,Emperador Brown,Honed,18,20.0,158.87,0.0,3177.4,Bank Transfer,Hamza Sheikh,Depot - Lahore,Delivered,10.0
ORD102689,2024-08-13,CUST1141,Rawalpindi,Punjab,Granite,Black Galaxy,Leather,18,118.8,217.29,0.0,25814.05,Cheque,Bilal Khan,Depot - Lahore,In Transit,3.0
ORD104165,2025-05-21,CUST2197,Quetta,Balochistan,Tile,Indus Green,Flamed,20,302.6,112.87,0.0,34154.46,Cash,Ahmed Raza,Depot - Lahore,Pending,6.0
ORD100216,2024-12-13,CUST2451,Peshawar,KPK,Marble,Sunny Grey,Polished,30,38.8,218.36,0.0,8472.37,Bank Transfer,Saad Iqbal,Main Yard - Chiniot,Cancelled,9.0
ORD104948,2025-09-22,CUST3211,Multan,Punjab,Tile,Ziarat White,Polished,18,109.9,91.83,0.0,10092.12,Bank Transfer,Usman Tariq,Depot - Multan,In Transit,11.0
ORD101648,2025-09-30,CUST1800,Sialkot,Punjab,Granite,Botticino Beige,Honed,16,140.4,201.25,5.0,26842.72,Cheque,Ahmed Raza,Depot - Multan,Delivered,3.0
ORD101896,2025-01-31,CUST1035,Quetta,Balochistan,Granite,Rangeela Marble,Polished,16,72.1,282.92,0.0,20398.53,Cash,Fahad Malik,Depot - Karachi,Delivered,9.0
ORD101504,2025-07-19,CUST2783,Islamabad,Federal,Marble,Teri White,Leather,18,28.6,195.53,0.0,5592.16,Cash,Bilal Khan,Depot - Multan,Pending,9.0
ORD101702,2025-04-04,CUST1403,Faisalabad,Punjab,Marble,Rangeela Marble,Polished,18,97.8,147.53,0.0,14428.43,Credit (30 days),Saad Iqbal,Depot - Lahore,Delivered,9.0
ORD104907,2025-02-04,CUST2592,Multan,Punjab,Granite,Chiniot Black,Polished,18,126.6,277.74,0.0,35161.88,Bank Transfer,Ahmed Raza,Depot - Karachi,Pending,9.0
ORD101180,2025-03-11,CUST2898,Multan,Punjab,Onyx,Multi Red,Polished,20,82.9,390.18,0.0,32345.92,Cheque,Fahad Malik,Depot - Karachi,Cancelled,8.0
ORD103869,2025-11-27,CUST1476,Quetta,Balochistan,Granite,Rangeela Marble,Polished,22,139.8,303.41,0.0,42416.72,Cash,Fahad Malik,Main Yard - Chiniot,Pending,6.0
ORD104767,2024-12-14,CUST2893,Chiniot,Punjab,Granite,Rangeela Marble,Polished,20,156.7,264.43,0.0,41436.18,Bank Transfer,Usman Tariq,Depot - Multan,In Transit,8.0
ORD104856,2024-08-14,CUST2642,Mianwali,Punjab,Marble,Chaghi Golden,Flamed,30,29.3,201.61,0.0,5907.17,Bank Transfer,Tariq Mehmood,Depot - Karachi,Pending,10.0
ORD104613,2024-06-01,CUST1538,Rawalpindi,Punjab,Marble,Ziarat White,Honed,22,117.0,204.36,15.0,20323.6,Bank Transfer,Saad Iqbal,Main Yard - Chiniot,Delivered,8.0
ORD103188,2025-04-22,CUST2766,Rawalpindi,Punjab,Granite,Sunny Grey,Leather,16,20.0,204.7,0.0,4094.0,Bank Transfer,Fahad Malik,Depot - Karachi,In Transit,7.0
ORD104728,2025-09-19,CUST2376,Rawalpindi,Punjab,Marble,Botticino Beige,Polished,30,101.3,171.16,5.0,16471.58,Bank Transfer,Ahmed Raza,Depot - Lahore,Delivered,5.0
ORD100897,2024-12-28,CUST2942,Gujranwala,Punjab,Marble,Sunny Grey,Polished,18,205.7,200.69,0.0,41281.93,Credit (30 days),Zain Abbas,Depot - Multan,Cancelled,2.0
ORD103447,2025-05-11,CUST1565,Rawalpindi,Punjab,Granite,Ziarat White,Polished,20,361.7,293.91,0.0,106307.25,Cash,Hamza Sheikh,Depot - Multan,Cancelled,5.0
ORD103142,2025-09-29,CUST1680,Gujranwala,Punjab,Marble,Teri White,Polished,30,80.8,221.83,10.0,16131.48,Bank Transfer,Zain Abbas,Depot - Lahore,In Transit,9.0
ORD100636,2025-07-25,CUST1216,Multan,Punjab,Granite,Indus Green,Bush Hammered,20,189.5,237.91,0.0,45083.94,Cash,Fahad Malik,Depot - Multan,In Transit,2.0
ORD100246,2024-05-13,CUST2959,Chiniot,Punjab,Granite,Rangeela Marble,Honed,18,74.6,277.58,0.0,20707.47,Credit (30 days),Zain Abbas,Depot - Karachi,Cancelled,11.0
ORD103194,2024-08-23,CUST1918,Faisalabad,Punjab,Marble,Ziarat White,Polished,30,63.8,202.6,0.0,12925.88,Cash,Tariq Mehmood,Depot - Karachi,Delivered,6.0
ORD104132,2025-06-11,CUST2840,Lahore,Punjab,Marble,Indus Green,Polished,20,125.2,159.73,0.0,19998.2,Bank Transfer,Tariq Mehmood,Depot - Lahore,In Transit,4.0
ORD103861,2025-04-28,CUST1972,Multan,Punjab,Marble,Botticino Beige,Leather,20,148.3,187.31,0.0,27778.07,Cash,Saad Iqbal,Main Yard - Chiniot,Delivered,12.0
ORD102394,2025-07-09,CUST2254,Islamabad,Federal,Marble,Multi Red,Polished,22,44.6,202.72,0.0,9041.31,Cheque,Saad Iqbal,Depot - Multan,Delivered,7.0
ORD103939,2025-02-15,CUST2197,Quetta,Balochistan,Tile,Black Galaxy,Honed,22,20.0,111.67,0.0,2233.4,Cash,Fahad Malik,Depot - Karachi,Delivered,8.0
ORD100190,2024-01-13,CUST2151,Islamabad,Federal,Marble,Chaghi Golden,Polished,20,60.7,185.7,0.0,11271.99,Credit (30 days),Saad Iqbal,Depot - Multan,Pending,6.0
ORD103303,2025-04-16,CUST2906,Lahore,Punjab,Marble,Botticino Beige,Flamed,16,176.4,133.61,0.0,23568.8,Bank Transfer,Ahmed Raza,Depot - Lahore,In Transit,5.0
ORD103546,2024-07-26,CUST2291,Rawalpindi,Punjab,Marble,Sunny Grey,Polished,30,178.3,168.76,0.0,30089.91,Cash,Ahmed Raza,Depot - Lahore,Pending,10.0
ORD103482,2025-12-19,CUST1785,Lahore,Punjab,Tile,Chaghi Golden,Polished,22,20.0,95.63,0.0,1912.6,Cheque,Fahad Malik,Depot - Karachi,Cancelled,3.0
ORD102789,2025-03-31,CUST2387,Sialkot,Punjab,Onyx,Ziarat White,Polished,18,45.8,438.56,0.0,20086.05,Credit (30 days),Bilal Khan,Depot - Karachi,Delivered,3.0
ORD104290,2024-06-19,CUST2545,Islamabad,Federal,Marble,Rangeela Marble,Leather,16,152.3,146.07,0.0,22246.46,Bank Transfer,Fahad Malik,Depot - Lahore,Cancelled,9.0
ORD103510,2025-10-08,CUST1930,Rawalpindi,Punjab,Marble,Teri White,Polished,30,66.6,240.07,0.0,15988.66,Cash,Ahmed Raza,Depot - Karachi,Delivered,10.0
ORD102937,2024-05-05,CUST2001,Lahore,Punjab,Marble,Ziarat White,Polished,18,345.5,173.08,0.0,59799.14,Cheque,Tariq Mehmood,Depot - Lahore,Cancelled,8.0
ORD104963,2025-12-06,CUST2023,Chiniot,Punjab,Onyx,Emperador Brown,Polished,18,81.7,466.25,10.0,34283.36,Cheque,Tariq Mehmood,Depot - Lahore,In Transit,10.0
ORD104251,2025-02-01,CUST2200,Islamabad,Federal,Tile,Botticino Beige,Honed,22,57.9,87.81,15.0,4321.57,Cash,Bilal Khan,Depot - Multan,In Transit,7.0
ORD102666,2024-02-01,CUST1432,Chiniot,Punjab,Tile,Emperador Brown,Polished,22,47.3,117.47,0.0,5556.33,Bank Transfer,Saad Iqbal,Depot - Karachi,Delivered,6.0
ORD104484,2025-10-03,CUST1045,Sialkot,Punjab,Onyx,Rangeela Marble,Polished,20,49.9,347.28,0.0,17329.27,Bank Transfer,Bilal Khan,Main Yard - Chiniot,Delivered,5.0
ORD104938,2025-08-20,CUST2781,Islamabad,Federal,Granite,Emperador Brown,Polished,20,28.2,187.01,0.0,5273.68,Bank Transfer,Tariq Mehmood,Depot - Lahore,In Transit,11.0
ORD104426,2025-11-07,CUST3337,Sialkot,Punjab,Tile,Black Galaxy,Bush Hammered,22,305.3,91.59,0.0,27962.43,Cheque,Fahad Malik,Depot - Karachi,Cancelled,6.0
ORD104664,2025-03-01,CUST3070,Mianwali,Punjab,Onyx,Black Galaxy,Honed,30,179.5,564.35,0.0,101300.82,Bank Transfer,Tariq Mehmood,Depot - Lahore,Pending,11.0
ORD100177,2024-08-07,CUST3334,Peshawar,KPK,Marble,Sunny Grey,Polished,18,70.5,170.1,0.0,11992.05,Cheque,Fahad Malik,Main Yard - Chiniot,Delivered,8.0
ORD104689,2024-11-09,CUST2960,Rawalpindi,Punjab,Granite,Emperador Brown,Polished,30,201.7,224.11,0.0,45202.99,Credit (30 days),Bilal Khan,Depot - Multan,Pending,6.0
ORD102412,2024-03-10,CUST1137,Mianwali,Punjab,Marble,Multi Red,Polished,20,20.0,206.37,0.0,4127.4,Cash,Tariq Mehmood,Depot - Multan,Delivered,7.0
ORD104460,2025-07-18,CUST2332,Rawalpindi,Punjab,Marble,Emperador Brown,Flamed,18,96.5,201.28,10.0,17481.17,Bank Transfer,Fahad Malik,Depot - Lahore,Pending,6.0
ORD104495,2024-05-19,CUST1691,Peshawar,KPK,Marble,Botticino Beige,Bush Hammered,18,216.3,193.27,0.0,41804.3,Credit (30 days),Zain Abbas,Main Yard - Chiniot,Pending,5.0
ORD102964,2025-03-24,CUST1135,Multan,Punjab,Marble,Ziarat White,Honed,16,115.9,158.94,0.0,18421.15,Cheque,Bilal Khan,Depot - Lahore,Delivered,7.0
ORD101197,2025-06-23,CUST2849,Chiniot,Punjab,Marble,Teri White,Flamed,18,20.0,157.62,0.0,3152.4,Cheque,Hamza Sheikh,Depot - Lahore,In Transit,7.0
ORD102391,2024-06-28,CUST3103,Islamabad,Federal,Tile,Rangeela Marble,Bush Hammered,30,139.1,100.76,0.0,14015.72,Credit (30 days),Usman Tariq,Main Yard - Chiniot,Cancelled,3.0
ORD100702,2025-05-20,CUST1679,Islamabad,Federal,Granite,Teri White,Flamed,22,359.3,222.66,0.0,80001.74,Credit (30 days),Zain Abbas,Depot - Lahore,Cancelled,13.0
ORD103663,2025-09-23,CUST2304,Peshawar,KPK,Marble,Emperador Brown,Polished,20,191.4,207.84,0.0,39780.58,Cash,Zain Abbas,Depot - Lahore,Delivered,6.0
ORD104758,2025-11-30,CUST1309,Multan,Punjab,Marble,Emperador Brown,Polished,16,349.2,155.11,0.0,54164.41,Cheque,Ahmed Raza,Depot - Karachi,Cancelled,6.0
ORD101566,2024-05-13,CUST1631,Peshawar,KPK,Granite,Black Galaxy,Polished,22,100.3,314.81,0.0,31575.44,Credit (30 days),Zain Abbas,Depot - Multan,Delivered,10.0
ORD101213,2024-09-22,CUST2727,Chiniot,Punjab,Granite,Rangeela Marble,Polished,30,33.5,279.68,0.0,9369.28,Bank Transfer,Fahad Malik,Depot - Multan,Delivered,4.0
ORD104681,2025-04-05,CUST2910,Gujranwala,Punjab,Marble,Black Galaxy,Polished,16,34.7,185.78,10.0,5801.91,Bank Transfer,Usman Tariq,Depot - Karachi,In Transit,7.0
ORD103138,2024-02-05,CUST1478,Islamabad,Federal,Marble,Emperador Brown,Honed,20,55.5,201.15,5.0,10605.63,Bank Transfer,Ahmed Raza,Depot - Karachi,Delivered,8.0
ORD100646,2024-01-24,CUST1204,Karachi,Sindh,Granite,Rangeela Marble,Polished,20,164.4,265.05,0.0,43574.22,Cash,Bilal Khan,Depot - Multan,Pending,9.0
ORD101372,2024-12-01,CUST1405,Lahore,Punjab,Marble,Chaghi Golden,Polished,20,203.9,187.35,0.0,38200.66,Cash,Hamza Sheikh,Depot - Lahore,Cancelled,6.0
ORD104983,2024-10-10,CUST1094,Faisalabad,Punjab,Marble,Sunny Grey,Leather,22,20.0,174.31,5.0,3311.89,Credit (30 days),Zain Abbas,Depot - Lahore,In Transit,8.0
ORD103637,2024-01-29,CUST2702,Rawalpindi,Punjab,Tile,Chaghi Golden,Flamed,30,22.6,105.42,0.0,2382.49,Bank Transfer,Tariq Mehmood,Depot - Multan,In Transit,7.0
ORD101967,2025-01-27,CUST3313,Peshawar,KPK,Tile,Emperador Brown,Honed,20,112.6,109.09,0.0,12283.53,Cash,Usman Tariq,Depot - Lahore,In Transit,5.0
ORD104816,2024-12-20,CUST2196,Multan,Punjab,Marble,Sunny Grey,Polished,16,166.6,217.7,0.0,36268.82,Cash,Zain Abbas,Depot - Lahore,Cancelled,7.0
ORD103160,2024-09-21,CUST3157,Faisalabad,Punjab,Marble,Buff Marble,Flamed,20,61.6,195.5,0.0,12042.8,Cash,Ahmed Raza,Depot - Karachi,Delivered,8.0
ORD101280,2024-02-13,CUST1873,Rawalpindi,Punjab,Granite,Teri White,Polished,20,137.6,271.36,5.0,35472.18,Cash,Usman Tariq,Depot - Lahore,In Transit,6.0
ORD101426,2024-12-08,CUST3100,Mianwali,Punjab,Marble,Rangeela Marble,Honed,18,42.6,186.65,0.0,7951.29,Bank Transfer,Hamza Sheikh,Depot - Lahore,Delivered,6.0
ORD103009,2024-05-30,CUST3285,Peshawar,KPK,Onyx,Emperador Brown,Polished,30,131.7,455.68,0.0,60013.06,Cash,Bilal Khan,Depot - Multan,Cancelled,5.0
ORD102462,2025-03-13,CUST1016,Karachi,Sindh,Marble,Chiniot Black,Polished,30,374.6,244.1,0.0,91439.86,Bank Transfer,Fahad Malik,Main Yard - Chiniot,Delivered,7.0
ORD100234,2025-04-26,CUST3172,Multan,Punjab,Granite,Ziarat White,Bush Hammered,30,116.7,286.56,0.0,33441.55,Cash,Hamza Sheikh,Depot - Lahore,Delivered,11.0
ORD101961,2024-01-05,CUST2283,Islamabad,Federal,Granite,Sunny Grey,Polished,20,116.7,228.96,0.0,26719.63,Cash,Usman Tariq,Main Yard - Chiniot,In Transit,8.0
ORD100051,2025-12-11,CUST3235,Gujranwala,Punjab,Tile,Buff Marble,Honed,30,39.2,110.15,0.0,4317.88,Cheque,Hamza Sheikh,Depot - Lahore,Pending,6.0
ORD101720,2024-10-04,CUST2331,Mianwali,Punjab,Marble,Emperador Brown,Honed,20,157.6,141.68,10.0,20095.89,Cash,Usman Tariq,Depot - Multan,Delivered,4.0
ORD104257,2024-03-29,CUST3073,Karachi,Sindh,Marble,Rangeela Marble,Bush Hammered,22,81.6,160.68,0.0,13111.49,Cash,Fahad Malik,Depot - Multan,In Transit,8.0
ORD104360,2025-07-22,CUST1665,Lahore,Punjab,Marble,Chiniot Black,Polished,20,30.5,159.6,0.0,4867.8,Credit (30 days),Zain Abbas,Depot - Karachi,Delivered,14.0
ORD102331,2024-09-15,CUST1562,Peshawar,KPK,Marble,Teri White,Polished,20,62.4,198.36,0.0,12377.66,Bank Transfer,Fahad Malik,Depot - Karachi,Delivered,2.0
ORD100353,2025-02-02,CUST1010,Gujranwala,Punjab,Marble,Chiniot Black,Polished,20,80.9,174.7,15.0,12013.25,Credit (30 days),Hamza Sheikh,Depot - Lahore,Pending,10.0
ORD100962,2025-07-18,CUST1144,Chiniot,Punjab,Marble,Chiniot Black,Polished,22,96.3,189.8,0.0,18277.74,Bank Transfer,Ahmed Raza,Depot - Karachi,Delivered,8.0
ORD103579,2024-08-07,CUST1933,Sialkot,Punjab,Tile,Botticino Beige,Leather,30,73.0,101.31,0.0,7395.63,Credit (30 days),Saad Iqbal,Main Yard - Chiniot,Pending,5.0
ORD102008,2024-08-02,CUST2410,Sialkot,Punjab,Marble,Emperador Brown,Bush Hammered,16,135.8,186.64,15.0,21543.86,Cash,Ahmed Raza,Main Yard - Chiniot,Delivered,8.0
ORD100090,2025-01-02,CUST1780,Sialkot,Punjab,Tile,Indus Green,Flamed,16,21.7,105.38,0.0,2286.75,Bank Transfer,Fahad Malik,Main Yard - Chiniot,Delivered,6.0
ORD101775,2025-08-03,CUST3438,Sialkot,Punjab,Marble,Black Galaxy,Flamed,20,334.2,178.67,0.0,59711.51,Credit (30 days),Fahad Malik,Depot - Lahore,Delivered,8.0
ORD103370,2025-06-29,CUST2760,Faisalabad,Punjab,Granite,Sunny Grey,Polished,16,93.9,244.21,0.0,22931.32,Bank Transfer,Fahad Malik,Main Yard - Chiniot,Delivered,8.0
ORD103442,2025-10-12,CUST1303,Multan,Punjab,Marble,Chiniot Black,Polished,18,185.3,162.71,0.0,30150.16,Cash,Hamza Sheikh,Depot - Multan,Delivered,4.0
ORD104861,2025-08-31,CUST2485,Rawalpindi,Punjab,Granite,Sunny Grey,Honed,18,138.2,292.72,15.0,34385.82,Bank Transfer,Bilal Khan,Depot - Karachi,Delivered,6.0
ORD103506,2024-03-19,CUST1298,Lahore,Punjab,Marble,Indus Green,Polished,30,79.2,212.18,0.0,16804.66,Cash,Bilal Khan,Depot - Lahore,Pending,6.0
ORD103535,2024-01-10,CUST3476,Gujranwala,Punjab,Onyx,Chaghi Golden,Polished,16,42.6,554.87,0.0,23637.46,Cash,Saad Iqbal,Depot - Multan,Delivered,7.0
ORD101143,2024-09-12,CUST1189,Gujranwala,Punjab,Granite,Emperador Brown,Polished,30,614.2,269.36,0.0,165440.91,Cash,Bilal Khan,Depot - Lahore,Delivered,7.0
ORD101168,2025-05-29,CUST2762,Faisalabad,Punjab,Marble,Black Galaxy,Polished,16,29.3,176.88,0.0,5182.58,Cash,Fahad Malik,Depot - Lahore,Delivered,7.0
ORD100478,2024-08-08,CUST3206,Mianwali,Punjab,Marble,Rangeela Marble,Polished,18,54.8,179.2,0.0,9820.16,Cash,Usman Tariq,Depot - Multan,Delivered,11.0
ORD102628,2025-07-01,CUST1242,Faisalabad,Punjab,Tile,Botticino Beige,Polished,16,33.7,77.32,0.0,2605.68,Cheque,Ahmed Raza,Depot - Karachi,Pending,5.0
ORD104710,2024-12-09,CUST2457,Multan,Punjab,Granite,Multi Red,Honed,20,20.0,262.24,0.0,5244.8,Cheque,Hamza Sheikh,Main Yard - Chiniot,Delivered,6.0
ORD103123,2025-04-28,CUST2067,Islamabad,Federal,Onyx,Botticino Beige,Flamed,18,226.5,431.05,0.0,97632.82,Cash,Usman Tariq,Depot - Karachi,Delivered,8.0
ORD100684,2025-09-15,CUST1157,Lahore,Punjab,Marble,Buff Marble,Leather,22,549.8,159.56,5.0,83339.78,Bank Transfer,Hamza Sheikh,Depot - Karachi,Pending,9.0
ORD103762,2024-08-05,CUST2944,Karachi,Sindh,Tile,Multi Red,Honed,16,53.1,91.4,0.0,4853.34,Cash,Usman Tariq,Depot - Karachi,Delivered,5.0
ORD104931,2025-07-16,CUST1688,Faisalabad,Punjab,Granite,Botticino Beige,Bush Hammered,16,41.7,250.14,0.0,10430.84,Cash,Ahmed Raza,Depot - Multan,Delivered,6.0
ORD100133,2024-04-20,CUST2722,Rawalpindi,Punjab,Marble,Chaghi Golden,Honed,30,135.5,217.87,0.0,29521.38,Cheque,Usman Tariq,Depot - Karachi,Delivered,4.0
ORD100511,2025-09-17,CUST2304,Rawalpindi,Punjab,Marble,Buff Marble,Honed,30,379.2,225.46,0.0,85494.43,Bank Transfer,Usman Tariq,Depot - Multan,Cancelled,7.0
ORD102779,2024-08-08,CUST3060,Rawalpindi,Punjab,Marble,Sunny Grey,Polished,16,35.1,147.33,5.0,4912.72,Bank Transfer,Hamza Sheikh,Depot - Lahore,Pending,4.0
ORD101608,2024-08-21,CUST2113,Faisalabad,Punjab,Marble,Chiniot Black,Honed,20,63.8,173.58,0.0,11074.4,Cash,Bilal Khan,Depot - Lahore,Delivered,6.0
ORD104557,2025-02-10,CUST2033,Lahore,Punjab,Marble,Botticino Beige,Polished,16,58.4,172.89,0.0,10096.78,Cheque,Bilal Khan,Depot - Karachi,Delivered,8.0
ORD101590,2025-03-12,CUST1851,Multan,Punjab,Marble,Multi Red,Polished,16,267.7,155.29,0.0,41571.13,Credit (30 days),Bilal Khan,Depot - Multan,Delivered,2.0
ORD100458,2024-06-02,CUST3264,Mianwali,Punjab,Marble,Teri White,Honed,18,117.4,226.97,0.0,26646.28,Bank Transfer,Ahmed Raza,Main Yard - Chiniot,Delivered,8.0
ORD104089,2024-08-23,CUST2395,Sialkot,Punjab,Tile,Black Galaxy,Polished,22,20.0,108.23,5.0,2056.37,Cash,Bilal Khan,Depot - Karachi,Pending,10.0
ORD101386,2025-03-07,CUST2332,Islamabad,Federal,Marble,Rangeela Marble,Polished,16,127.0,174.18,0.0,22120.86,Bank Transfer,Zain Abbas,Depot - Karachi,Pending,12.0
ORD104217,2024-10-23,CUST1411,Lahore,Punjab,Marble,Chiniot Black,Polished,16,20.0,149.91,15.0,2548.47,Credit (30 days),Zain Abbas,Depot - Karachi,In Transit,8.0
ORD104869,2025-01-22,CUST1938,Multan,Punjab,Marble,Chaghi Golden,Polished,18,78.6,172.16,0.0,13531.78,Bank Transfer,Saad Iqbal,Depot - Karachi,Delivered,10.0
ORD100317,2024-08-22,CUST2979,Peshawar,KPK,Onyx,Botticino Beige,Polished,30,74.2,474.43,0.0,35202.71,Cash,Usman Tariq,Depot - Karachi,Delivered,11.0
ORD104718,2025-07-05,CUST1002,Gujranwala,Punjab,Marble,Ziarat White,Leather,20,120.1,213.04,0.0,25586.1,Bank Transfer,Tariq Mehmood,Depot - Multan,Pending,4.0
ORD100587,2025-11-23,CUST1532,Peshawar,KPK,Marble,Teri White,Polished,20,56.9,179.01,0.0,10185.67,Cheque,Hamza Sheikh,Depot - Karachi,Delivered,9.0
ORD101765,2025-10-10,CUST2115,Multan,Punjab,Tile,Multi Red,Polished,18,270.0,72.83,0.0,19664.1,Cash,Saad Iqbal,Depot - Multan,In Transit,4.0
ORD100553,2024-02-22,CUST2230,Lahore,Punjab,Marble,Black Galaxy,Polished,30,66.4,158.73,0.0,10539.67,Bank Transfer,Usman Tariq,Depot - Lahore,Delivered,4.0
ORD101103,2024-03-19,CUST1124,Karachi,Sindh,Marble,Chaghi Golden,Polished,20,397.3,216.17,0.0,85884.34,Cash,Saad Iqbal,Main Yard - Chiniot,In Transit,2.0
ORD104038,2024-07-06,CUST1908,Karachi,Sindh,Onyx,Rangeela Marble,Polished,18,56.3,484.02,0.0,27250.33,Cash,Saad Iqbal,Main Yard - Chiniot,Delivered,6.0
ORD100139,2024-09-01,CUST1871,Gujranwala,Punjab,Tile,Chiniot Black,Flamed,22,35.5,103.71,0.0,3681.7,Cheque,Tariq Mehmood,Depot - Lahore,In Transit,8.0
ORD104662,2025-11-29,CUST2872,Quetta,Balochistan,Granite,Emperador Brown,Honed,16,43.2,211.45,0.0,9134.64,Credit (30 days),Bilal Khan,Main Yard - Chiniot,Cancelled,10.0
ORD104212,2024-05-03,CUST1351,Sialkot,Punjab,Marble,Teri White,Polished,30,35.4,208.88,0.0,7394.35,Credit (30 days),Fahad Malik,Main Yard - Chiniot,Cancelled,7.0
ORD101845,2025-04-09,CUST3267,Faisalabad,Punjab,Onyx,Ziarat White,Polished,22,104.7,416.94,0.0,43653.62,Cash,Hamza Sheikh,Depot - Karachi,Delivered,4.0
ORD104295,2025-08-06,CUST2396,Rawalpindi,Punjab,Marble,Teri White,Polished,18,42.6,221.15,0.0,9420.99,Credit (30 days),Bilal Khan,Depot - Multan,Delivered,5.0
ORD101954,2025-02-16,CUST3136,Multan,Punjab,Tile,Chaghi Golden,Flamed,16,92.9,96.45,0.0,8960.2,Bank Transfer,Fahad Malik,Depot - Lahore,Pending,8.0
ORD102248,2025-07-29,CUST1666,Multan,Punjab,Marble,Indus Green,Polished,18,20.0,196.72,5.0,3737.68,Bank Transfer,Zain Abbas,Main Yard - Chiniot,Delivered,6.0
ORD100101,2024-06-26,CUST1097,Peshawar,KPK,Granite,Buff Marble,Polished,16,44.2,231.71,0.0,10241.58,Cheque,Ahmed Raza,Depot - Karachi,Delivered,7.0
ORD100995,2025-11-10,CUST1431,Multan,Punjab,Granite,Botticino Beige,Polished,30,63.4,330.84,0.0,20975.26,Cash,Bilal Khan,Depot - Lahore,In Transit,7.0
ORD104213,2025-05-07,CUST2888,Faisalabad,Punjab,Granite,Multi Red,Honed,16,44.1,219.25,0.0,9668.93,Cheque,Bilal Khan,Main Yard - Chiniot,Cancelled,2.0
ORD102832,2024-08-17,CUST3317,Multan,Punjab,Tile,Buff Marble,Polished,18,62.0,101.26,0.0,6278.12,Cash,Hamza Sheikh,Depot - Lahore,Pending,5.0
ORD100869,2025-12-20,CUST3424,Rawalpindi,Punjab,Marble,Black Galaxy,Polished,30,67.5,201.98,5.0,12951.97,Credit (30 days),Tariq Mehmood,Depot - Lahore,Delivered,4.0
ORD103050,2024-08-02,CUST2190,Chiniot,Punjab,Granite,Multi Red,Leather,30,94.4,379.73,0.0,35846.51,Cash,Tariq Mehmood,Main Yard - Chiniot,In Transit,5.0
ORD101551,2024-03-24,CUST1806,Chiniot,Punjab,Marble,Multi Red,Leather,20,112.5,192.11,0.0,21612.38,Cheque,Usman Tariq,Main Yard - Chiniot,Pending,9.0
ORD102267,2024-08-10,CUST1738,Multan,Punjab,Marble,Buff Marble,Polished,16,26.8,174.47,0.0,4675.8,Bank Transfer,Bilal Khan,Depot - Lahore,Cancelled,8.0
ORD104161,2025-12-22,CUST1381,Lahore,Punjab,Tile,Chaghi Golden,Honed,16,47.6,90.51,15.0,3662.03,Bank Transfer,Ahmed Raza,Main Yard - Chiniot,Pending,5.0
ORD104350,2025-12-12,CUST1935,Rawalpindi,Punjab,Marble,Chiniot Black,Honed,22,143.1,158.24,5.0,21511.94,Cheque,Bilal Khan,Main Yard - Chiniot,In Transit,6.0
ORD104178,2025-08-08,CUST3137,Lahore,Punjab,Marble,Buff Marble,Polished,30,41.0,198.26,0.0,8128.66,Credit (30 days),Usman Tariq,Depot - Multan,Pending,5.0
ORD101724,2025-07-31,CUST1737,Karachi,Sindh,Marble,Chaghi Golden,Bush Hammered,22,110.1,168.49,0.0,18550.75,Bank Transfer,Zain Abbas,Main Yard - Chiniot,Cancelled,8.0
ORD104026,2025-04-04,CUST2491,Faisalabad,Punjab,Marble,Chaghi Golden,Polished,22,185.2,278.17,0.0,51517.08,Cheque,Saad Iqbal,Depot - Karachi,In Transit,5.0
ORD100497,2024-05-30,CUST2610,Sialkot,Punjab,Tile,Rangeela Marble,Polished,30,51.3,99.34,5.0,4841.33,Cash,Hamza Sheikh,Depot - Multan,Cancelled,9.0
ORD100981,2024-05-31,CUST1807,Mianwali,Punjab,Marble,Buff Marble,Leather,30,24.7,243.75,0.0,6020.62,Cash,Usman Tariq,Depot - Lahore,In Transit,5.0
ORD101726,2025-06-27,CUST1047,Faisalabad,Punjab,Tile,Chaghi Golden,Polished,20,77.5,103.55,0.0,8025.12,Cheque,Ahmed Raza,Main Yard - Chiniot,Pending,7.0
ORD103041,2025-10-11,CUST1947,Quetta,Balochistan,Marble,Multi Red,Honed,18,20.0,181.19,0.0,3623.8,Bank Transfer,Bilal Khan,Depot - Karachi,Cancelled,8.0
ORD104306,2024-03-27,CUST3101,Rawalpindi,Punjab,Marble,Botticino Beige,Polished,30,128.4,246.13,0.0,31603.09,Cash,Saad Iqbal,Depot - Lahore,Delivered,8.0
ORD100597,2024-02-11,CUST3157,Peshawar,KPK,Granite,Buff Marble,Polished,22,59.7,284.92,10.0,15308.75,Cash,Zain Abbas,Main Yard - Chiniot,Cancelled,5.0
ORD104780,2025-01-15,CUST2917,Sialkot,Punjab,Marble,Multi Red,Honed,16,36.5,191.38,10.0,6286.83,Cheque,Zain Abbas,Depot - Karachi,Cancelled,5.0
ORD104039,2024-07-18,CUST1938,Chiniot,Punjab,Tile,Chaghi Golden,Polished,16,62.9,85.04,10.0,4814.11,Cash,Ahmed Raza,Main Yard - Chiniot,In Transit,2.0
ORD104227,2024-03-01,CUST3286,Quetta,Balochistan,Marble,Ziarat White,Polished,22,44.9,192.86,0.0,8659.41,Bank Transfer,Zain Abbas,Depot - Karachi,Cancelled,5.0
ORD102470,2025-07-08,CUST1755,Chiniot,Punjab,Marble,Chiniot Black,Polished,22,23.2,166.02,0.0,3851.66,Cash,Ahmed Raza,Depot - Lahore,In Transit,9.0
ORD104798,2024-04-03,CUST3195,Peshawar,KPK,Marble,Multi Red,Polished,30,108.0,212.42,5.0,21794.29,Credit (30 days),Fahad Malik,Depot - Lahore,Delivered,9.0
ORD101205,2025-09-06,CUST1042,Chiniot,Punjab,Marble,Black Galaxy,Honed,18,37.5,175.41,10.0,5920.09,Bank Transfer,Zain Abbas,Depot - Lahore,Delivered,7.0
ORD103832,2025-03-02,CUST3354,Sialkot,Punjab,Granite,Rangeela Marble,Polished,18,128.9,286.73,0.0,36959.5,Bank Transfer,Fahad Malik,Depot - Karachi,Cancelled,7.0
ORD104976,2025-04-01,CUST1511,Chiniot,Punjab,Onyx,Chiniot Black,Polished,20,132.4,499.15,5.0,62783.09,Cash,Saad Iqbal,Depot - Lahore,Cancelled,6.0
ORD103153,2025-01-06,CUST3430,Rawalpindi,Punjab,Marble,Chaghi Golden,Bush Hammered,18,20.0,204.97,10.0,3689.46,Bank Transfer,Zain Abbas,Depot - Karachi,In Transit,5.0
ORD101092,2024-06-15,CUST1881,Multan,Punjab,Marble,Emperador Brown,Polished,20,204.0,141.13,10.0,25911.47,Cheque,Saad Iqbal,Depot - Karachi,Delivered,3.0
ORD102582,2025-11-22,CUST1575,Rawalpindi,Punjab,Marble,Sunny Grey,Flamed,22,31.2,195.63,0.0,6103.66,Credit (30 days),Zain Abbas,Depot - Karachi,Cancelled,8.0
ORD104783,2024-10-18,CUST2537,Karachi,Sindh,Marble,Chiniot Black,Polished,18,237.9,174.91,0.0,41611.09,Cash,Tariq Mehmood,Main Yard - Chiniot,Delivered,5.0
ORD101080,2025-06-23,CUST1956,Quetta,Balochistan,Granite,Chaghi Golden,Polished,30,224.9,246.75,0.0,55494.08,Credit (30 days),Usman Tariq,Depot - Karachi,In Transit,7.0
ORD102105,2025-10-14,CUST2328,Chiniot,Punjab,Marble,Chaghi Golden,Honed,16,114.0,171.43,0.0,19543.02,Cash,Fahad Malik,Depot - Lahore,Cancelled,5.0
ORD104988,2025-05-16,CUST2862,Lahore,Punjab,Granite,Emperador Brown,Leather,16,172.4,229.15,0.0,39505.46,Cash,Saad Iqbal,Depot - Lahore,Delivered,7.0
ORD103942,2025-06-08,CUST2338,Chiniot,Punjab,Marble,Chaghi Golden,Leather,16,52.4,156.46,0.0,8198.5,Cash,Hamza Sheikh,Depot - Lahore,Delivered,3.0
ORD100820,2024-07-20,CUST1359,Mianwali,Punjab,Tile,Emperador Brown,Polished,22,55.2,109.26,0.0,6031.15,Cash,Usman Tariq,Main Yard - Chiniot,Delivered,6.0
ORD102970,2025-06-16,CUST1994,Peshawar,KPK,Granite,Buff Marble,Polished,22,428.6,282.71,15.0,102994.08,Cash,Hamza Sheikh,Depot - Karachi,Delivered,7.0
ORD101108,2025-09-06,CUST2236,Gujranwala,Punjab,Marble,Emperador Brown,Polished,20,97.7,177.48,0.0,17339.8,Credit (30 days),Saad Iqbal,Depot - Multan,Delivered,5.0
ORD100566,2025-09-01,CUST3059,Lahore,Punjab,Marble,Rangeela Marble,Polished,20,221.4,188.47,0.0,41727.26,Bank Transfer,Usman Tariq,Depot - Lahore,Delivered,6.0
ORD102758,2024-07-22,CUST1061,Rawalpindi,Punjab,Marble,Indus Green,Polished,18,59.4,184.08,0.0,10934.35,Cash,Ahmed Raza,Main Yard - Chiniot,Cancelled,8.0
ORD102395,2025-12-06,CUST3497,Peshawar,KPK,Granite,Chiniot Black,Polished,18,202.6,258.62,0.0,52396.41,Cheque,Bilal Khan,Main Yard - Chiniot,Pending,8.0
ORD100997,2025-02-22,CUST2232,Mianwali,Punjab,Granite,Emperador Brown,Polished,22,32.6,213.35,0.0,6955.21,Bank Transfer,Hamza Sheikh,Depot - Karachi,Pending,3.0
ORD100853,2024-09-08,CUST3069,Multan,Punjab,Marble,Teri White,Polished,16,98.0,173.82,0.0,17034.36,Credit (30 days),Fahad Malik,Depot - Karachi,In Transit,8.0
ORD104122,2024-08-28,CUST2593,Islamabad,Federal,Tile,Ziarat White,Polished,22,20.0,94.72,0.0,1894.4,Cash,Fahad Malik,Depot - Lahore,In Transit,6.0
ORD103932,2024-10-08,CUST1713,Mianwali,Punjab,Marble,Buff Marble,Flamed,22,280.4,179.49,0.0,50329.0,Bank Transfer,Usman Tariq,Depot - Lahore,In Transit,7.0
ORD100326,2025-06-21,CUST1091,Chiniot,Punjab,Marble,Rangeela Marble,Leather,30,88.1,205.69,15.0,15403.1,Cash,Ahmed Raza,Main Yard - Chiniot,In Transit,5.0
ORD104346,2024-01-23,CUST2596,Mianwali,Punjab,Granite,Black Galaxy,Leather,22,42.9,309.12,0.0,13261.25,Cash,Fahad Malik,Depot - Karachi,Pending,12.0
ORD101290,2025-07-20,CUST2766,Faisalabad,Punjab,Marble,Emperador Brown,Flamed,30,54.6,304.66,0.0,16634.44,Credit (30 days),Ahmed Raza,Depot - Multan,Pending,6.0
ORD102961,2024-01-05,CUST2403,Gujranwala,Punjab,Granite,Ziarat White,Polished,16,64.4,307.61,0.0,19810.08,Cheque,Bilal Khan,Main Yard - Chiniot,In Transit,10.0
ORD100533,2025-09-01,CUST1035,Rawalpindi,Punjab,Marble,Ziarat White,Flamed,22,95.2,120.91,0.0,11510.63,Credit (30 days),Zain Abbas,Main Yard - Chiniot,Pending,4.0
ORD103082,2024-01-18,CUST2709,Lahore,Punjab,Marble,Chiniot Black,Flamed,22,20.0,179.88,0.0,3597.6,Bank Transfer,Zain Abbas,Main Yard - Chiniot,Delivered,4.0
ORD104216,2025-09-18,CUST2861,Chiniot,Punjab,Granite,Botticino Beige,Flamed,30,150.0,281.3,0.0,42195.0,Bank Transfer,Bilal Khan,Depot - Lahore,Delivered,9.0
ORD101584,2025-03-14,CUST3455,Gujranwala,Punjab,Onyx,Teri White,Leather,30,87.6,497.18,0.0,43552.97,Cheque,Fahad Malik,Depot - Karachi,Cancelled,8.0
ORD100163,2024-05-01,CUST2288,Karachi,Sindh,Marble,Teri White,Polished,16,336.8,176.61,0.0,59482.25,Bank Transfer,Tariq Mehmood,Main Yard - Chiniot,Delivered,10.0
ORD103094,2025-06-16,CUST1095,Quetta,Balochistan,Marble,Black Galaxy,Flamed,18,105.6,179.8,0.0,18986.88,Bank Transfer,Fahad Malik,Depot - Multan,Cancelled,8.0
ORD102426,2024-07-21,CUST2707,Quetta,Balochistan,Granite,Buff Marble,Polished,22,122.0,291.23,0.0,35530.06,Credit (30 days),Tariq Mehmood,Depot - Lahore,Delivered,7.0
ORD102546,2024-06-14,CUST3271,Multan,Punjab,Marble,Rangeela Marble,Polished,22,125.9,185.95,5.0,22240.55,Cash,Saad Iqbal,Depot - Multan,In Transit,11.0
ORD100958,2024-07-23,CUST1847,Faisalabad,Punjab,Marble,Botticino Beige,Honed,30,50.1,247.19,15.0,10526.59,Credit (30 days),Zain Abbas,Depot - Multan,In Transit,7.0
ORD102780,2024-03-03,CUST1964,Islamabad,Federal,Granite,Ziarat White,Polished,30,244.0,252.98,0.0,61727.12,Cheque,Ahmed Raza,Depot - Multan,Cancelled,7.0
ORD102955,2025-03-20,CUST3003,Lahore,Punjab,Onyx,Chaghi Golden,Honed,22,52.5,474.45,0.0,24908.62,Cash,Saad Iqbal,Depot - Karachi,Delivered,7.0
ORD102421,2025-03-11,CUST2790,Peshawar,KPK,Tile,Chaghi Golden,Polished,20,42.0,68.26,0.0,2866.92,Bank Transfer,Fahad Malik,Main Yard - Chiniot,Pending,3.0
ORD103697,2025-10-16,CUST2656,Lahore,Punjab,Marble,Buff Marble,Bush Hammered,30,247.9,127.16,10.0,28370.67,Bank Transfer,Ahmed Raza,Depot - Multan,Delivered,4.0
ORD103029,2024-11-03,CUST2835,Faisalabad,Punjab,Tile,Emperador Brown,Polished,22,157.9,104.12,0.0,16440.55,Cash,Bilal Khan,Depot - Multan,In Transit,9.0
ORD103623,2024-10-02,CUST1444,Islamabad,Federal,Onyx,Teri White,Polished,16,234.4,394.04,0.0,92362.98,Cheque,Zain Abbas,Main Yard - Chiniot,In Transit,8.0
ORD104049,2024-08-15,CUST1402,Karachi,Sindh,Marble,Botticino Beige,Polished,18,21.1,175.12,0.0,3695.03,Cheque,Usman Tariq,Main Yard - Chiniot,Pending,8.0
ORD102675,2024-02-03,CUST3403,Mianwali,Punjab,Granite,Indus Green,Flamed,16,54.5,271.72,0.0,14808.74,Credit (30 days),Hamza Sheikh,Main Yard - Chiniot,Delivered,7.0
ORD101315,2025-04-28,CUST2897,Multan,Punjab,Tile,Rangeela Marble,Polished,18,29.8,91.58,0.0,2729.08,Bank Transfer,Bilal Khan,Depot - Multan,Delivered,4.0
ORD101872,2025-03-30,CUST1716,Karachi,Sindh,Granite,Teri White,Leather,16,76.0,235.2,10.0,16087.68,Cash,Usman Tariq,Depot - Karachi,In Transit,10.0
ORD102125,2024-05-26,CUST2263,Mianwali,Punjab,Marble,Emperador Brown,Honed,20,105.1,171.3,15.0,15303.09,Cheque,Usman Tariq,Main Yard - Chiniot,Delivered,3.0
ORD103243,2024-01-30,CUST2948,Faisalabad,Punjab,Tile,Emperador Brown,Honed,20,20.0,95.02,5.0,1805.38,Bank Transfer,Bilal Khan,Depot - Lahore,Cancelled,6.0
ORD100697,2025-07-15,CUST1378,Islamabad,Federal,Marble,Ziarat White,Leather,20,36.8,178.8,0.0,6579.84,Bank Transfer,Zain Abbas,Depot - Karachi,Delivered,8.0
ORD104153,2025-09-04,CUST1916,Gujranwala,Punjab,Onyx,Teri White,Honed,30,162.7,491.53,0.0,79971.93,Cash,Tariq Mehmood,Depot - Karachi,Cancelled,5.0
ORD101370,2024-08-29,CUST3281,Rawalpindi,Punjab,Marble,Multi Red,Bush Hammered,30,90.1,206.02,0.0,18562.4,Cash,Ahmed Raza,Depot - Lahore,Cancelled,6.0
ORD102633,2024-03-26,CUST1498,Gujranwala,Punjab,Granite,Ziarat White,Polished,20,51.0,273.08,0.0,13927.08,Cheque,Hamza Sheikh,Depot - Multan,Pending,4.0
ORD102542,2025-09-22,CUST1276,Lahore,Punjab,Marble,Botticino Beige,Polished,20,78.9,202.16,0.0,15950.42,Cheque,Usman Tariq,Depot - Lahore,Delivered,5.0
ORD101211,2025-02-15,CUST1145,Karachi,Sindh,Marble,Botticino Beige,Polished,16,51.5,165.05,0.0,8500.08,Cash,Hamza Sheikh,Depot - Lahore,Delivered,9.0
ORD101756,2025-08-23,CUST1170,Peshawar,KPK,Marble,Sunny Grey,Honed,30,63.0,229.57,10.0,13016.62,Cheque,Zain Abbas,Main Yard - Chiniot,Cancelled,12.0
ORD101970,2024-07-25,CUST2622,Gujranwala,Punjab,Granite,Ziarat White,Bush Hammered,20,127.8,270.98,0.0,34631.24,Bank Transfer,Tariq Mehmood,Depot - Karachi,Pending,4.0
ORD103986,2024-07-08,CUST3175,Gujranwala,Punjab,Onyx,Emperador Brown,Flamed,20,32.9,393.31,10.0,11645.91,Bank Transfer,Tariq Mehmood,Depot - Multan,Cancelled,4.0
ORD101857,2025-05-14,CUST1170,Quetta,Balochistan,Marble,Buff Marble,Polished,20,177.8,197.44,0.0,35104.83,Cash,Tariq Mehmood,Depot - Multan,Delivered,7.0
ORD101160,2025-02-12,CUST2044,Islamabad,Federal,Marble,Buff Marble,Flamed,18,47.4,171.89,0.0,8147.59,Cheque,Tariq Mehmood,Main Yard - Chiniot,Delivered,5.0
ORD100087,2025-02-26,CUST3239,Multan,Punjab,Granite,Emperador Brown,Flamed,30,32.9,334.42,0.0,11002.42,Cash,Usman Tariq,Depot - Multan,Delivered,10.0
ORD102182,2025-10-27,CUST2081,Peshawar,KPK,Onyx,Buff Marble,Leather,16,166.2,384.35,0.0,63878.97,Cash,Ahmed Raza,Depot - Multan,In Transit,6.0
ORD104442,2024-03-05,CUST1553,Sialkot,Punjab,Marble,Emperador Brown,Leather,20,110.6,192.4,0.0,21279.44,Credit (30 days),Saad Iqbal,Depot - Karachi,Delivered,9.0
ORD103262,2024-09-22,CUST3071,Quetta,Balochistan,Marble,Ziarat White,Honed,30,62.4,250.23,5.0,14833.63,Cheque,Ahmed Raza,Depot - Multan,Delivered,6.0
ORD101672,2024-04-11,CUST3142,Islamabad,Federal,Marble,Botticino Beige,Polished,22,102.0,112.48,0.0,11472.96,Bank Transfer,Zain Abbas,Main Yard - Chiniot,Delivered,10.0
ORD100183,2024-12-20,CUST2602,Lahore,Punjab,Marble,Indus Green,Polished,18,159.0,206.61,0.0,32850.99,Credit (30 days),Tariq Mehmood,Depot - Lahore,Pending,6.0
ORD103475,2024-07-31,CUST1383,Faisalabad,Punjab,Granite,Teri White,Polished,22,120.9,274.28,0.0,33160.45,Bank Transfer,Fahad Malik,Depot - Lahore,Cancelled,8.0
ORD103353,2025-01-04,CUST1487,Sialkot,Punjab,Marble,Botticino Beige,Polished,30,26.9,205.01,0.0,5514.77,Cash,Bilal Khan,Depot - Karachi,Delivered,7.0
ORD101629,2025-06-24,CUST3471,Peshawar,KPK,Granite,Buff Marble,Polished,20,36.7,296.59,0.0,10884.85,Bank Transfer,Tariq Mehmood,Depot - Karachi,Delivered,7.0
ORD100169,2024-07-26,CUST3236,Faisalabad,Punjab,Marble,Buff Marble,Polished,30,171.3,234.85,0.0,40229.8,Bank Transfer,Ahmed Raza,Depot - Multan,Delivered,11.0
ORD102920,2025-07-16,CUST3486,Islamabad,Federal,Marble,Botticino Beige,Honed,20,59.6,165.22,0.0,9847.11,Credit (30 days),Fahad Malik,Depot - Multan,Cancelled,8.0
ORD101899,2024-11-20,CUST2354,Islamabad,Federal,Marble,Sunny Grey,Honed,16,176.3,174.57,0.0,30776.69,Cash,Fahad Malik,Depot - Lahore,Delivered,7.0
ORD102272,2024-10-29,CUST2860,Chiniot,Punjab,Granite,Botticino Beige,Bush Hammered,16,20.0,285.42,0.0,5708.4,Bank Transfer,Zain Abbas,Main Yard - Chiniot,Cancelled,6.0
ORD103764,2024-03-16,CUST1957,Lahore,Punjab,Marble,Chiniot Black,Polished,22,195.7,188.42,10.0,33186.41,Bank Transfer,Bilal Khan,Depot - Karachi,Delivered,6.0
ORD104732,2025-05-23,CUST1655,Chiniot,Punjab,Granite,Emperador Brown,Polished,20,292.1,270.94,10.0,71227.42,Bank Transfer,Bilal Khan,Depot - Lahore,Delivered,8.0
ORD102474,2025-06-22,CUST3475,Mianwali,Punjab,Marble,Chaghi Golden,Polished,18,39.7,170.46,5.0,6428.9,Credit (30 days),Fahad Malik,Depot - Karachi,Delivered,8.0
ORD102906,2025-03-01,CUST1173,Islamabad,Federal,Granite,Teri White,Leather,20,86.2,273.03,15.0,20004.91,Bank Transfer,Bilal Khan,Depot - Lahore,Pending,7.0
ORD102886,2025-02-25,CUST2221,Multan,Punjab,Marble,Emperador Brown,Bush Hammered,18,112.1,202.57,0.0,22708.1,Credit (30 days),Ahmed Raza,Depot - Lahore,Delivered,9.0
ORD101978,2025-09-08,CUST2168,Peshawar,KPK,Marble,Chiniot Black,Honed,30,208.8,161.86,15.0,28726.91,Bank Transfer,Hamza Sheikh,Depot - Lahore,Delivered,7.0
ORD103779,2025-10-10,CUST1679,Peshawar,KPK,Marble,Buff Marble,Polished,20,186.9,194.83,0.0,36413.73,Bank Transfer,Zain Abbas,Depot - Lahore,In Transit,5.0
ORD100650,2024-08-23,CUST1255,Quetta,Balochistan,Tile,Multi Red,Flamed,22,62.9,91.4,15.0,4886.7,Bank Transfer,Fahad Malik,Depot - Multan,In Transit,6.0
ORD101011,2024-04-01,CUST2513,Faisalabad,Punjab,Marble,Botticino Beige,Polished,16,216.6,150.03,0.0,32496.5,Cheque,Fahad Malik,Depot - Multan,In Transit,5.0
ORD100103,2024-01-26,CUST1475,Islamabad,Federal,Granite,Chiniot Black,Polished,22,60.7,269.52,0.0,16359.86,Bank Transfer,Ahmed Raza,Depot - Karachi,Delivered,4.0
ORD101005,2025-08-06,CUST2505,Gujranwala,Punjab,Granite,Sunny Grey,Polished,30,43.1,347.36,0.0,14971.22,Cheque,Hamza Sheikh,Main Yard - Chiniot,Cancelled,9.0
ORD103997,2025-09-26,CUST1484,Faisalabad,Punjab,Marble,Indus Green,Polished,20,471.5,173.66,0.0,81880.69,Credit (30 days),Bilal Khan,Depot - Multan,Pending,8.0
ORD102927,2025-11-23,CUST1034,Peshawar,KPK,Granite,Chiniot Black,Honed,16,170.1,306.92,5.0,49596.74,Cheque,Tariq Mehmood,Main Yard - Chiniot,Cancelled,6.0
ORD100110,2025-01-09,CUST1987,Rawalpindi,Punjab,Marble,Sunny Grey,Leather,30,31.3,190.19,0.0,5952.95,Cash,Tariq Mehmood,Depot - Multan,Delivered,5.0
ORD103595,2025-04-05,CUST2911,Peshawar,KPK,Granite,Ziarat White,Honed,16,437.6,264.16,5.0,109816.6,Cash,Saad Iqbal,Main Yard - Chiniot,In Transit,6.0
ORD101785,2025-10-07,CUST1575,Islamabad,Federal,Tile,Emperador Brown,Polished,22,245.9,87.45,0.0,21503.96,Bank Transfer,Hamza Sheikh,Depot - Karachi,Cancelled,4.0
ORD102061,2024-06-19,CUST1014,Multan,Punjab,Granite,Emperador Brown,Honed,22,210.6,253.46,0.0,53378.68,Bank Transfer,Saad Iqbal,Depot - Multan,In Transit,4.0
ORD103870,2025-10-29,CUST3221,Islamabad,Federal,Granite,Teri White,Flamed,20,61.9,341.14,0.0,21116.57,Credit (30 days),Saad Iqbal,Main Yard - Chiniot,Delivered,8.0
ORD103794,2024-02-04,CUST2570,Chiniot,Punjab,Granite,Ziarat White,Polished,16,57.1,240.08,0.0,13708.57,Cash,Usman Tariq,Depot - Multan,Delivered,7.0
ORD100575,2025-05-11,CUST1445,Peshawar,KPK,Tile,Chaghi Golden,Polished,18,39.8,82.69,0.0,3291.06,Bank Transfer,Fahad Malik,Depot - Karachi,Pending,11.0
ORD102824,2025-06-20,CUST1734,Chiniot,Punjab,Tile,Ziarat White,Polished,30,59.4,112.91,0.0,6706.85,Cash,Hamza Sheikh,Depot - Lahore,Delivered,5.0
ORD104604,2024-03-26,CUST1548,Quetta,Balochistan,Granite,Buff Marble,Polished,18,79.7,244.78,10.0,17558.07,Bank Transfer,Hamza Sheikh,Depot - Karachi,In Transit,8.0
ORD100919,2025-04-13,CUST2098,Multan,Punjab,Marble,Chaghi Golden,Honed,18,193.3,166.45,0.0,32174.78,Bank Transfer,Zain Abbas,Depot - Karachi,Delivered,8.0
ORD103312,2024-12-09,CUST1062,Lahore,Punjab,Marble,Chiniot Black,Polished,30,37.0,171.73,0.0,6354.01,Credit (30 days),Saad Iqbal,Depot - Multan,Delivered,5.0
ORD101611,2025-02-19,CUST1349,Islamabad,Federal,Tile,Chiniot Black,Polished,20,33.4,97.67,0.0,3262.18,Credit (30 days),Bilal Khan,Depot - Multan,Cancelled,7.0
ORD100512,2025-01-25,CUST1612,Islamabad,Federal,Marble,Chaghi Golden,Polished,16,112.3,186.96,0.0,20995.61,Credit (30 days),Fahad Malik,Depot - Lahore,Delivered,7.0
ORD102538,2024-04-16,CUST1519,Lahore,Punjab,Granite,Chaghi Golden,Honed,16,211.4,259.71,5.0,52157.56,Cash,Usman Tariq,Depot - Karachi,Delivered,5.0
ORD103052,2025-09-10,CUST3426,Quetta,Balochistan,Granite,Multi Red,Flamed,30,86.6,321.31,10.0,25042.9,Credit (30 days),Bilal Khan,Main Yard - Chiniot,Delivered,8.0
ORD101043,2025-07-02,CUST2933,Mianwali,Punjab,Tile,Emperador Brown,Polished,16,20.0,83.16,0.0,1663.2,Credit (30 days),Zain Abbas,Depot - Lahore,Pending,8.0
ORD101980,2025-09-22,CUST2900,Lahore,Punjab,Marble,Buff Marble,Leather,18,70.5,145.52,0.0,10259.16,Cheque,Bilal Khan,Depot - Karachi,Cancelled,7.0
ORD101261,2024-12-08,CUST2926,Karachi,Sindh,Granite,Botticino Beige,Honed,30,134.5,287.65,0.0,38688.92,Bank Transfer,Fahad Malik,Depot - Karachi,Pending,6.0
ORD104057,2024-06-26,CUST1031,Chiniot,Punjab,Marble,Ziarat White,Honed,22,120.9,230.27,0.0,27839.64,Cheque,Zain Abbas,Main Yard - Chiniot,Delivered,6.0
ORD102721,2024-08-05,CUST1089,Karachi,Sindh,Onyx,Multi Red,Leather,22,30.0,531.43,5.0,15145.75,Bank Transfer,Tariq Mehmood,Depot - Karachi,Delivered,6.0
ORD104127,2025-12-20,CUST1819,Rawalpindi,Punjab,Granite,Indus Green,Leather,18,281.5,263.38,0.0,74141.47,Cash,Tariq Mehmood,Depot - Multan,Pending,3.0
ORD103864,2025-11-28,CUST2362,Rawalpindi,Punjab,Marble,Emperador Brown,Polished,22,74.6,171.88,5.0,12181.14,Cash,Tariq Mehmood,Depot - Multan,Cancelled,8.0
ORD101133,2025-05-25,CUST1894,Faisalabad,Punjab,Granite,Sunny Grey,Honed,18,242.2,333.97,0.0,80887.53,Cheque,Tariq Mehmood,Depot - Karachi,Cancelled,8.0
ORD102173,2024-02-20,CUST1661,Karachi,Sindh,Granite,Black Galaxy,Leather,20,135.7,228.95,0.0,31068.51,Credit (30 days),Tariq Mehmood,Depot - Karachi,In Transit,6.0
ORD100516,2025-08-24,CUST1286,Multan,Punjab,Marble,Multi Red,Polished,18,94.2,175.91,0.0,16570.72,Cheque,Zain Abbas,Depot - Multan,Delivered,12.0
ORD100230,2024-03-15,CUST2146,Multan,Punjab,Tile,Sunny Grey,Bush Hammered,20,230.8,101.68,0.0,23467.74,Cheque,Zain Abbas,Depot - Multan,Pending,7.0
ORD104496,2025-08-15,CUST1396,Sialkot,Punjab,Marble,Emperador Brown,Honed,30,27.0,234.18,15.0,5374.43,Cash,Usman Tariq,Depot - Lahore,Cancelled,6.0
ORD102039,2025-11-28,CUST3094,Karachi,Sindh,Marble,Teri White,Polished,30,241.0,217.15,0.0,52333.15,Bank Transfer,Hamza Sheikh,Depot - Multan,Delivered,5.0
ORD104707,2025-01-20,CUST2784,Peshawar,KPK,Marble,Buff Marble,Flamed,30,27.7,181.08,10.0,4514.32,Credit (30 days),Saad Iqbal,Depot - Multan,Delivered,9.0
ORD103639,2025-05-31,CUST1455,Mianwali,Punjab,Marble,Buff Marble,Polished,20,168.0,218.24,0.0,36664.32,Cash,Hamza Sheikh,Depot - Karachi,In Transit,5.0
ORD100400,2025-02-14,CUST2272,Islamabad,Federal,Marble,Botticino Beige,Polished,30,115.6,206.25,0.0,23842.5,Cash,Usman Tariq,Depot - Karachi,Delivered,9.0
ORD101321,2024-07-31,CUST2748,Lahore,Punjab,Tile,Teri White,Polished,30,110.5,99.38,10.0,9883.34,Cheque,Saad Iqbal,Depot - Multan,Cancelled,5.0
ORD101666,2024-12-15,CUST3087,Chiniot,Punjab,Granite,Botticino Beige,Leather,18,105.2,272.34,0.0,28650.17,Cheque,Fahad Malik,Depot - Multan,Delivered,4.0
ORD101279,2024-12-01,CUST2118,Karachi,Sindh,Marble,Rangeela Marble,Leather,22,220.8,197.1,0.0,43519.68,Bank Transfer,Ahmed Raza,Depot - Karachi,In Transit,10.0
ORD102156,2025-07-13,CUST2525,Islamabad,Federal,Tile,Black Galaxy,Flamed,18,20.0,83.01,0.0,1660.2,Credit (30 days),Fahad Malik,Main Yard - Chiniot,Delivered,8.0
ORD102157,2024-03-22,CUST2403,Karachi,Sindh,Marble,Chaghi Golden,Bush Hammered,18,49.2,205.78,5.0,9618.16,Credit (30 days),Zain Abbas,Depot - Multan,Cancelled,8.0
ORD103084,2024-05-28,CUST3029,Multan,Punjab,Tile,Buff Marble,Honed,30,229.1,80.95,0.0,18545.64,Credit (30 days),Fahad Malik,Depot - Multan,Cancelled,7.0
ORD102908,2024-09-28,CUST3332,Gujranwala,Punjab,Onyx,Sunny Grey,Polished,16,124.3,474.3,0.0,58955.49,Cash,Usman Tariq,Depot - Multan,Pending,10.0
ORD100156,2025-10-23,CUST3068,Faisalabad,Punjab,Onyx,Buff Marble,Polished,30,94.7,490.5,0.0,46450.35,Cash,Saad Iqbal,Depot - Lahore,Delivered,4.0
ORD100978,2024-04-19,CUST2333,Chiniot,Punjab,Marble,Rangeela Marble,Honed,22,190.9,238.81,0.0,45588.83,Bank Transfer,Hamza Sheikh,Depot - Karachi,Pending,5.0
ORD101716,2025-06-02,CUST1512,Lahore,Punjab,Marble,Multi Red,Flamed,16,20.0,198.35,0.0,3967.0,Cash,Zain Abbas,Depot - Multan,Delivered,4.0
ORD101753,2024-12-02,CUST3275,Lahore,Punjab,Granite,Black Galaxy,Polished,22,70.1,178.21,0.0,12492.52,Cash,Bilal Khan,Main Yard - Chiniot,Cancelled,10.0
ORD100138,2024-11-28,CUST2834,Sialkot,Punjab,Marble,Chaghi Golden,Honed,22,182.3,142.32,0.0,25944.94,Bank Transfer,Zain Abbas,Depot - Lahore,Delivered,5.0
ORD100734,2025-12-18,CUST3189,Faisalabad,Punjab,Marble,Teri White,Polished,20,29.4,174.06,5.0,4861.5,Cash,Hamza Sheikh,Depot - Multan,Pending,5.0
ORD104863,2024-10-13,CUST1511,Rawalpindi,Punjab,Granite,Black Galaxy,Honed,30,123.6,273.76,0.0,33836.74,Cash,Usman Tariq,Depot - Multan,Delivered,6.0
ORD100476,2024-07-27,CUST2513,Karachi,Sindh,Marble,Black Galaxy,Polished,16,35.0,116.14,0.0,4064.9,Cheque,Zain Abbas,Depot - Lahore,Delivered,5.0
ORD102595,2024-04-22,CUST1026,Lahore,Punjab,Marble,Chiniot Black,Polished,18,38.2,181.62,0.0,6937.88,Cash,Zain Abbas,Depot - Karachi,Delivered,10.0
ORD102960,2025-06-18,CUST1611,Sialkot,Punjab,Tile,Buff Marble,Polished,30,349.4,113.43,5.0,37650.82,Bank Transfer,Tariq Mehmood,Depot - Lahore,Delivered,3.0
ORD100220,2024-03-16,CUST3283,Lahore,Punjab,Granite,Chaghi Golden,Honed,20,67.5,251.01,15.0,14401.7,Cheque,Saad Iqbal,Depot - Lahore,In Transit,7.0
ORD103046,2024-11-28,CUST1775,Mianwali,Punjab,Marble,Ziarat White,Flamed,16,131.6,142.42,5.0,17805.35,Bank Transfer,Tariq Mehmood,Depot - Karachi,Delivered,8.0
ORD102032,2024-06-01,CUST1968,Sialkot,Punjab,Marble,Multi Red,Polished,16,342.1,172.05,0.0,58858.31,Bank Transfer,Hamza Sheikh,Depot - Karachi,In Transit,8.0
ORD100371,2024-11-06,CUST2001,Multan,Punjab,Marble,Ziarat White,Flamed,22,20.0,236.92,0.0,4738.4,Cash,Bilal Khan,Depot - Multan,Cancelled,7.0
ORD104677,2025-11-22,CUST2848,Quetta,Balochistan,Granite,Ziarat White,Polished,18,171.0,251.81,0.0,43059.51,Cheque,Tariq Mehmood,Depot - Karachi,Delivered,5.0
ORD103852,2024-10-22,CUST2388,Mianwali,Punjab,Marble,Emperador Brown,Leather,30,35.2,216.37,10.0,6854.6,Bank Transfer,Bilal Khan,Depot - Multan,Delivered,6.0
ORD104942,2024-12-08,CUST1357,Chiniot,Punjab,Marble,Botticino Beige,Polished,20,89.3,197.8,0.0,17663.54,Cheque,Hamza Sheikh,Depot - Lahore,Delivered,12.0
ORD102419,2025-04-16,CUST2663,Chiniot,Punjab,Granite,Chiniot Black,Honed,18,132.5,314.11,0.0,41619.58,Cash,Zain Abbas,Depot - Lahore,Delivered,7.0
ORD104446,2025-07-27,CUST2464,Multan,Punjab,Onyx,Teri White,Polished,20,68.5,448.79,10.0,27667.9,Bank Transfer,Ahmed Raza,Depot - Lahore,Delivered,7.0
ORD103200,2024-09-14,CUST2356,Karachi,Sindh,Granite,Emperador Brown,Polished,16,159.2,289.7,0.0,46120.24,Cash,Saad Iqbal,Main Yard - Chiniot,Delivered,7.0
ORD104753,2024-01-03,CUST1360,Peshawar,KPK,Tile,Buff Marble,Polished,18,88.5,96.41,0.0,8532.28,Cash,Bilal Khan,Depot - Lahore,Delivered,9.0
ORD104603,2024-11-04,CUST2168,Rawalpindi,Punjab,Tile,Teri White,Polished,18,336.7,90.58,0.0,30498.29,Bank Transfer,Saad Iqbal,Depot - Multan,Delivered,11.0
ORD102897,2024-05-25,CUST2141,Lahore,Punjab,Marble,Ziarat White,Leather,22,158.5,181.43,0.0,28756.66,Credit (30 days),Saad Iqbal,Main Yard - Chiniot,Pending,5.0
ORD103994,2024-04-26,CUST2152,Faisalabad,Punjab,Marble,Sunny Grey,Polished,30,65.6,203.25,0.0,13333.2,Cash,Ahmed Raza,Main Yard - Chiniot,Cancelled,10.0
ORD101953,2024-04-23,CUST1018,Mianwali,Punjab,Tile,Botticino Beige,Polished,18,184.0,82.39,10.0,13643.78,Bank Transfer,Hamza Sheikh,Depot - Lahore,In Transit,6.0
ORD102481,2024-08-27,CUST2940,Faisalabad,Punjab,Marble,Teri White,Polished,20,179.5,209.8,10.0,33893.19,Cash,Saad Iqbal,Depot - Multan,Delivered,11.0
ORD102568,2025-04-04,CUST3178,Islamabad,Federal,Onyx,Botticino Beige,Honed,18,152.1,334.28,0.0,50843.99,Bank Transfer,Hamza Sheikh,Depot - Karachi,Delivered,7.0
ORD100010,2025-02-18,CUST1877,Gujranwala,Punjab,Tile,Sunny Grey,Polished,16,87.6,65.57,15.0,4882.34,Credit (30 days),Hamza Sheikh,Main Yard - Chiniot,Delivered,15.0
ORD102610,2024-10-31,CUST3101,Peshawar,KPK,Marble,Rangeela Marble,Flamed,22,244.8,252.68,0.0,61856.06,Bank Transfer,Zain Abbas,Depot - Lahore,Cancelled,9.0
ORD103360,2024-01-17,CUST1766,Multan,Punjab,Marble,Rangeela Marble,Polished,22,91.5,149.42,0.0,13671.93,Bank Transfer,Zain Abbas,Main Yard - Chiniot,Delivered,6.0
ORD103215,2025-08-26,CUST2632,Multan,Punjab,Marble,Ziarat White,Honed,16,20.0,224.22,0.0,4484.4,Cheque,Hamza Sheikh,Main Yard - Chiniot,Delivered,7.0
ORD100896,2025-09-18,CUST2056,Multan,Punjab,Marble,Ziarat White,Honed,16,35.2,169.76,0.0,5975.55,Cheque,Tariq Mehmood,Depot - Karachi,Delivered,4.0
ORD103056,2024-03-17,CUST1249,Chiniot,Punjab,Granite,Ziarat White,Polished,20,63.3,262.43,10.0,14950.64,Cash,Saad Iqbal,Depot - Multan,In Transit,10.0
ORD104532,2024-06-29,CUST1585,Multan,Punjab,Marble,Indus Green,Leather,16,47.9,197.87,0.0,9477.97,Cash,Zain Abbas,Depot - Multan,Delivered,4.0
ORD103300,2025-07-02,CUST1246,Karachi,Sindh,Marble,Botticino Beige,Polished,20,69.3,197.83,10.0,12338.66,Bank Transfer,Usman Tariq,Main Yard - Chiniot,Delivered,7.0
ORD104196,2025-04-30,CUST1442,Islamabad,Federal,Marble,Sunny Grey,Bush Hammered,30,321.3,203.06,0.0,65243.18,Credit (30 days),Fahad Malik,Depot - Lahore,In Transit,7.0
ORD102305,2024-08-09,CUST3003,Karachi,Sindh,Marble,Chiniot Black,Honed,20,24.3,215.71,0.0,5241.75,Bank Transfer,Zain Abbas,Depot - Karachi,In Transit,7.0
ORD104786,2025-01-11,CUST1543,Sialkot,Punjab,Tile,Teri White,Bush Hammered,16,71.0,94.97,5.0,6405.73,Credit (30 days),Usman Tariq,Depot - Multan,Pending,7.0
ORD103168,2025-02-24,CUST1994,Gujranwala,Punjab,Granite,Emperador Brown,Flamed,18,20.0,296.26,10.0,5332.68,Credit (30 days),Hamza Sheikh,Depot - Karachi,Delivered,5.0
ORD100608,2024-10-09,CUST1473,Quetta,Balochistan,Marble,Chaghi Golden,Polished,18,173.6,208.92,10.0,32641.66,Credit (30 days),Fahad Malik,Depot - Multan,Pending,8.0
ORD103122,2025-10-09,CUST1492,Quetta,Balochistan,Granite,Buff Marble,Polished,30,88.1,247.33,0.0,21789.77,Cash,Ahmed Raza,Depot - Lahore,In Transit,9.0
ORD100351,2024-07-14,CUST3353,Sialkot,Punjab,Marble,Botticino Beige,Polished,18,20.0,200.47,10.0,3608.46,Credit (30 days),Fahad Malik,Depot - Lahore,Cancelled,5.0
ORD104666,2024-10-31,CUST2576,Karachi,Sindh,Onyx,Botticino Beige,Flamed,16,191.5,379.44,5.0,69029.62,Credit (30 days),Zain Abbas,Main Yard - Chiniot,In Transit,4.0
ORD100881,2025-05-10,CUST2737,Peshawar,KPK,Granite,Teri White,Polished,20,20.0,267.51,0.0,5350.2,Bank Transfer,Tariq Mehmood,Depot - Karachi,Pending,6.0
ORD100602,2024-01-12,CUST3491,Karachi,Sindh,Tile,Rangeela Marble,Polished,30,180.4,85.49,0.0,15422.4,Credit (30 days),Saad Iqbal,Depot - Multan,Delivered,8.0
ORD101275,2025-05-14,CUST2455,Faisalabad,Punjab,Granite,Chaghi Golden,Polished,20,87.0,228.17,0.0,19850.79,Cheque,Usman Tariq,Main Yard - Chiniot,In Transit,3.0
ORD103927,2025-06-19,CUST2512,Multan,Punjab,Onyx,Rangeela Marble,Polished,18,175.4,396.43,0.0,69533.82,Bank Transfer,Zain Abbas,Depot - Karachi,Pending,5.0
ORD101078,2024-10-14,CUST2330,Rawalpindi,Punjab,Granite,Black Galaxy,Honed,16,131.6,297.72,0.0,39179.95,Cash,Fahad Malik,Depot - Lahore,Delivered,11.0
ORD102537,2024-07-08,CUST2111,Mianwali,Punjab,Granite,Teri White,Polished,20,133.4,287.82,0.0,38395.19,Cash,Fahad Malik,Depot - Multan,In Transit,8.0
ORD103650,2025-12-25,CUST1002,Multan,Punjab,Granite,Multi Red,Polished,30,194.5,291.09,0.0,56617.0,Credit (30 days),Ahmed Raza,Main Yard - Chiniot,Pending,7.0
ORD103830,2024-01-29,CUST2686,Multan,Punjab,Onyx,Multi Red,Bush Hammered,20,52.1,398.4,15.0,17643.14,Cash,Bilal Khan,Depot - Karachi,Cancelled,6.0
ORD101822,2024-05-02,CUST2043,Multan,Punjab,Granite,Rangeela Marble,Flamed,22,59.3,251.01,0.0,14884.89,Credit (30 days),Saad Iqbal,Depot - Multan,Pending,10.0
ORD103417,2024-03-02,CUST1431,Mianwali,Punjab,Marble,Buff Marble,Flamed,30,327.8,209.04,15.0,58244.82,Cash,Ahmed Raza,Main Yard - Chiniot,Cancelled,13.0
ORD103552,2024-09-13,CUST3333,Mianwali,Punjab,Tile,Multi Red,Bush Hammered,16,172.7,107.11,0.0,18497.9,Bank Transfer,Saad Iqbal,Depot - Multan,In Transit,4.0
ORD104064,2025-05-10,CUST2673,Multan,Punjab,Marble,Buff Marble,Polished,22,54.9,227.92,0.0,12512.81,Cash,Zain Abbas,Depot - Lahore,In Transit,4.0
ORD102830,2025-07-02,CUST2531,Lahore,Punjab,Tile,Indus Green,Honed,30,195.3,118.92,0.0,23225.08,Cash,Fahad Malik,Depot - Multan,Delivered,6.0
ORD101505,2024-12-30,CUST1339,Multan,Punjab,Granite,Botticino Beige,Polished,30,85.8,296.26,5.0,24148.15,Cheque,Bilal Khan,Depot - Multan,Cancelled,9.0
ORD103897,2024-03-13,CUST3056,Faisalabad,Punjab,Tile,Indus Green,Polished,18,474.7,64.88,0.0,30798.54,Cash,Tariq Mehmood,Depot - Multan,Cancelled,7.0
ORD100419,2024-07-31,CUST2068,Mianwali,Punjab,Granite,Chaghi Golden,Polished,16,32.3,236.85,0.0,7650.25,Cheque,Fahad Malik,Main Yard - Chiniot,Delivered,6.0
ORD100349,2025-12-05,CUST1075,Faisalabad,Punjab,Marble,Black Galaxy,Polished,18,20.0,151.6,5.0,2880.4,Cheque,Ahmed Raza,Depot - Karachi,Delivered,6.0
ORD100494,2024-03-23,CUST2084,Quetta,Balochistan,Granite,Black Galaxy,Honed,16,330.9,300.42,0.0,99408.98,Bank Transfer,Tariq Mehmood,Depot - Lahore,In Transit,7.0
ORD103151,2024-12-22,CUST2907,Sialkot,Punjab,Granite,Botticino Beige,Honed,16,67.6,222.08,10.0,13511.35,Credit (30 days),Tariq Mehmood,Depot - Multan,Delivered,6.0
ORD101828,2024-02-21,CUST2067,Faisalabad,Punjab,Marble,Ziarat White,Polished,20,22.8,200.4,0.0,4569.12,Cheque,Zain Abbas,Main Yard - Chiniot,Delivered,7.0
ORD103337,2025-03-03,CUST2817,Peshawar,KPK,Granite,Indus Green,Polished,20,209.7,330.07,0.0,69215.68,Cash,Fahad Malik,Depot - Lahore,Pending,9.0
ORD101492,2025-08-07,CUST1287,Quetta,Balochistan,Marble,Black Galaxy,Polished,22,95.9,173.7,0.0,16657.83,Cash,Zain Abbas,Depot - Karachi,In Transit,3.0
ORD102177,2024-10-20,CUST2327,Islamabad,Federal,Onyx,Teri White,Leather,18,104.0,417.68,0.0,43438.72,Cash,Tariq Mehmood,Depot - Lahore,Pending,4.0
ORD102992,2024-08-29,CUST1960,Faisalabad,Punjab,Onyx,Chaghi Golden,Flamed,18,108.6,501.36,15.0,46280.54,Cash,Hamza Sheikh,Depot - Karachi,Delivered,4.0
ORD104375,2025-05-07,CUST2942,Multan,Punjab,Onyx,Botticino Beige,Polished,22,129.0,393.11,5.0,48175.63,Credit (30 days),Usman Tariq,Depot - Karachi,Delivered,6.0
ORD103970,2025-01-05,CUST3018,Faisalabad,Punjab,Marble,Sunny Grey,Polished,30,42.1,196.06,0.0,8254.13,Cash,Fahad Malik,Depot - Lahore,Cancelled,7.0
ORD100259,2025-02-28,CUST1918,Gujranwala,Punjab,Marble,Chiniot Black,Honed,22,41.6,171.46,0.0,7132.74,Credit (30 days),Ahmed Raza,Depot - Multan,Delivered,4.0
ORD100678,2025-10-29,CUST2153,Multan,Punjab,Marble,Buff Marble,Polished,30,323.2,137.58,0.0,44465.86,Credit (30 days),Tariq Mehmood,Depot - Multan,Delivered,8.0
ORD103603,2024-10-12,CUST2247,Faisalabad,Punjab,Onyx,Multi Red,Honed,16,141.3,436.45,0.0,61670.38,Cheque,Usman Tariq,Main Yard - Chiniot,Cancelled,12.0
ORD101150,2025-01-07,CUST1978,Islamabad,Federal,Onyx,Black Galaxy,Polished,18,77.9,469.13,0.0,36545.23,Cheque,Usman Tariq,Main Yard - Chiniot,Pending,8.0
ORD103173,2024-04-18,CUST1219,Karachi,Sindh,Onyx,Sunny Grey,Polished,16,122.8,396.59,5.0,46266.19,Bank Transfer,Hamza Sheikh,Depot - Multan,In Transit,3.0
ORD100856,2024-06-11,CUST2996,Lahore,Punjab,Marble,Multi Red,Bush Hammered,20,70.3,229.3,0.0,16119.79,Cash,Zain Abbas,Main Yard - Chiniot,Cancelled,5.0
ORD101637,2025-01-23,CUST3171,Rawalpindi,Punjab,Marble,Chiniot Black,Polished,18,138.8,148.13,0.0,20560.44,Cash,Hamza Sheikh,Depot - Karachi,Delivered,4.0
ORD102036,2025-02-14,CUST1724,Multan,Punjab,Granite,Emperador Brown,Flamed,20,78.2,269.5,0.0,21074.9,Credit (30 days),Saad Iqbal,Main Yard - Chiniot,Delivered,8.0
ORD104450,2024-04-21,CUST1122,Multan,Punjab,Marble,Teri White,Bush Hammered,16,133.4,140.84,0.0,18788.06,Cash,Tariq Mehmood,Main Yard - Chiniot,In Transit,9.0
ORD101644,2025-07-27,CUST1278,Karachi,Sindh,Tile,Emperador Brown,Polished,18,168.5,91.04,0.0,15340.24,Cheque,Ahmed Raza,Depot - Multan,Delivered,12.0
ORD100861,2024-12-05,CUST3345,Faisalabad,Punjab,Marble,Black Galaxy,Polished,20,79.8,192.53,0.0,15363.89,Bank Transfer,Bilal Khan,Depot - Lahore,Pending,9.0
ORD100367,2025-11-01,CUST1146,Peshawar,KPK,Marble,Botticino Beige,Polished,16,139.8,130.17,0.0,18197.77,Credit (30 days),Saad Iqbal,Depot - Multan,Cancelled,3.0
ORD100181,2024-08-19,CUST3186,Chiniot,Punjab,Marble,Sunny Grey,Flamed,16,73.9,280.29,5.0,19677.76,Bank Transfer,Tariq Mehmood,Depot - Lahore,In Transit,5.0
ORD101969,2024-06-10,CUST1084,Mianwali,Punjab,Tile,Black Galaxy,Polished,16,130.2,94.47,5.0,11684.99,Bank Transfer,Tariq Mehmood,Depot - Multan,Delivered,9.0
ORD103406,2024-05-17,CUST2003,Sialkot,Punjab,Marble,Botticino Beige,Honed,30,260.1,190.89,0.0,49650.49,Bank Transfer,Saad Iqbal,Depot - Lahore,In Transit,6.0
ORD104052,2025-12-15,CUST2060,Rawalpindi,Punjab,Granite,Chaghi Golden,Bush Hammered,20,144.6,248.53,0.0,35937.44,Bank Transfer,Saad Iqbal,Depot - Multan,In Transit,8.0
ORD101939,2024-10-02,CUST3434,Lahore,Punjab,Marble,Sunny Grey,Polished,20,370.6,181.35,10.0,60487.48,Cheque,Usman Tariq,Main Yard - Chiniot,Pending,9.0
ORD103742,2025-03-20,CUST1950,Mianwali,Punjab,Granite,Chiniot Black,Polished,18,482.0,241.54,15.0,98958.94,Cash,Ahmed Raza,Depot - Karachi,Delivered,6.0
ORD104701,2025-11-28,CUST1889,Sialkot,Punjab,Marble,Chaghi Golden,Polished,20,225.5,178.8,10.0,36287.46,Bank Transfer,Ahmed Raza,Depot - Lahore,In Transit,4.0
ORD101905,2024-05-05,CUST1797,Gujranwala,Punjab,Tile,Indus Green,Leather,22,127.3,93.45,0.0,11896.18,Credit (30 days),Saad Iqbal,Depot - Multan,Delivered,8.0
ORD104970,2024-08-25,CUST3156,Karachi,Sindh,Granite,Sunny Grey,Polished,20,78.4,297.09,0.0,23291.86,Cash,Bilal Khan,Depot - Multan,Delivered,9.0
ORD101416,2025-07-30,CUST1940,Karachi,Sindh,Granite,Emperador Brown,Polished,16,28.5,263.87,0.0,7520.3,Bank Transfer,Fahad Malik,Depot - Multan,Cancelled,8.0
ORD100586,2025-10-18,CUST2204,Sialkot,Punjab,Marble,Chiniot Black,Polished,30,75.0,168.13,0.0,12609.75,Cash,Usman Tariq,Depot - Multan,Cancelled,3.0
ORD102315,2024-11-28,CUST3394,Multan,Punjab,Onyx,Multi Red,Polished,18,82.7,409.9,15.0,28813.92,Cash,Tariq Mehmood,Depot - Karachi,Cancelled,5.0
ORD103283,2025-02-05,CUST1975,Rawalpindi,Punjab,Marble,Sunny Grey,Flamed,20,26.7,140.14,0.0,3741.74,Credit (30 days),Hamza Sheikh,Depot - Karachi,Delivered,6.0
ORD102658,2025-10-08,CUST1710,Multan,Punjab,Marble,Chaghi Golden,Flamed,18,128.1,131.05,0.0,16787.5,Cash,Bilal Khan,Depot - Karachi,Delivered,5.0
ORD104080,2025-10-04,CUST3385,Mianwali,Punjab,Granite,Buff Marble,Polished,22,244.2,222.28,0.0,54280.78,Credit (30 days),Ahmed Raza,Depot - Multan,Delivered,8.0
ORD102148,2025-11-14,CUST3069,Rawalpindi,Punjab,Marble,Buff Marble,Honed,16,76.3,148.01,15.0,9599.19,Bank Transfer,Hamza Sheikh,Depot - Karachi,Cancelled,9.0
ORD104320,2025-12-08,CUST2094,Sialkot,Punjab,Marble,Botticino Beige,Polished,16,80.4,182.74,0.0,14692.3,Cash,Usman Tariq,Depot - Karachi,Delivered,3.0
ORD100664,2025-10-21,CUST1597,Rawalpindi,Punjab,Granite,Indus Green,Leather,20,396.8,250.89,0.0,94575.49,Cash,Zain Abbas,Depot - Lahore,Delivered,7.0
ORD104380,2024-07-14,CUST2198,Chiniot,Punjab,Marble,Chiniot Black,Bush Hammered,30,84.8,253.93,0.0,21533.26,Cash,Fahad Malik,Depot - Karachi,Delivered,9.0
ORD100612,2024-11-19,CUST1913,Karachi,Sindh,Onyx,Black Galaxy,Polished,22,279.1,390.45,0.0,108974.6,Bank Transfer,Tariq Mehmood,Main Yard - Chiniot,In Transit,10.0
ORD100571,2024-08-16,CUST1855,Quetta,Balochistan,Marble,Chaghi Golden,Honed,30,145.5,172.06,0.0,25034.73,Credit (30 days),Bilal Khan,Depot - Multan,Cancelled,5.0
ORD102825,2025-01-07,CUST2440,Lahore,Punjab,Onyx,Botticino Beige,Polished,16,34.5,427.32,5.0,14005.41,Bank Transfer,Bilal Khan,Depot - Multan,Pending,4.0
ORD104369,2024-07-26,CUST1859,Quetta,Balochistan,Marble,Sunny Grey,Honed,18,73.7,182.0,15.0,11401.39,Bank Transfer,Zain Abbas,Depot - Karachi,In Transit,7.0
ORD100417,2025-04-17,CUST2905,Multan,Punjab,Granite,Indus Green,Polished,30,125.4,269.71,10.0,30439.47,Cheque,Zain Abbas,Depot - Karachi,In Transit,6.0
ORD101687,2024-07-07,CUST1556,Chiniot,Punjab,Onyx,Black Galaxy,Polished,16,114.5,378.58,0.0,43347.41,Bank Transfer,Saad Iqbal,Depot - Multan,Delivered,5.0
ORD101293,2024-10-07,CUST3465,Mianwali,Punjab,Onyx,Rangeela Marble,Polished,22,96.2,396.24,5.0,36212.37,Credit (30 days),Usman Tariq,Depot - Karachi,In Transit,5.0
ORD104766,2024-03-27,CUST2750,Faisalabad,Punjab,Marble,Multi Red,Polished,20,65.4,159.09,0.0,10404.49,Cash,Tariq Mehmood,Main Yard - Chiniot,Delivered,4.0
ORD103126,2025-12-20,CUST3092,Karachi,Sindh,Onyx,Sunny Grey,Polished,20,71.6,441.02,15.0,26840.48,Bank Transfer,Bilal Khan,Main Yard - Chiniot,In Transit,5.0
ORD101988,2024-03-10,CUST1805,Karachi,Sindh,Marble,Chiniot Black,Polished,18,98.2,187.28,0.0,18390.9,Cash,Tariq Mehmood,Depot - Multan,Delivered,2.0
ORD101004,2024-08-20,CUST3358,Sialkot,Punjab,Granite,Chiniot Black,Leather,22,59.9,247.41,0.0,14819.86,Cash,Hamza Sheikh,Depot - Multan,Delivered,10.0
ORD102565,2025-03-26,CUST3256,Sialkot,Punjab,Tile,Botticino Beige,Polished,16,138.8,118.64,0.0,16467.23,Cash,Tariq Mehmood,Depot - Multan,Delivered,9.0
ORD102431,2024-04-08,CUST1322,Peshawar,KPK,Marble,Chiniot Black,Polished,18,48.9,189.11,0.0,9247.48,Cash,Usman Tariq,Depot - Lahore,In Transit,6.0
ORD101635,2025-03-30,CUST1499,Lahore,Punjab,Marble,Teri White,Flamed,30,74.6,202.2,10.0,13575.71,Bank Transfer,Bilal Khan,Depot - Lahore,Delivered,12.0
ORD100262,2024-04-26,CUST2168,Quetta,Balochistan,Marble,Chiniot Black,Flamed,18,20.0,188.61,0.0,3772.2,Bank Transfer,Bilal Khan,Depot - Lahore,Delivered,6.0
ORD101643,2025-09-07,CUST3195,Karachi,Sindh,Marble,Indus Green,Leather,18,175.0,222.04,0.0,38857.0,Credit (30 days),Zain Abbas,Depot - Lahore,Delivered,13.0
ORD102160,2025-12-20,CUST1809,Quetta,Balochistan,Marble,Black Galaxy,Flamed,16,93.8,181.72,0.0,17045.34,Cash,Usman Tariq,Depot - Lahore,Pending,7.0
ORD104848,2024-06-30,CUST1881,Peshawar,KPK,Onyx,Sunny Grey,Leather,22,62.1,394.12,0.0,24474.85,Credit (30 days),Usman Tariq,Depot - Multan,Pending,6.0
ORD102525,2025-07-25,CUST3310,Mianwali,Punjab,Marble,Multi Red,Honed,20,55.9,186.17,0.0,10406.9,Cash,Zain Abbas,Depot - Karachi,Delivered,8.0
ORD102735,2025-06-07,CUST1784,Quetta,Balochistan,Granite,Chaghi Golden,Flamed,22,20.0,315.7,0.0,6314.0,Bank Transfer,Fahad Malik,Main Yard - Chiniot,Delivered,3.0
ORD100680,2024-10-20,CUST1959,Lahore,Punjab,Granite,Indus Green,Polished,20,57.1,325.2,0.0,18568.92,Credit (30 days),Tariq Mehmood,Depot - Multan,Delivered,9.0
ORD104471,2024-05-05,CUST2395,Faisalabad,Punjab,Marble,Ziarat White,Polished,16,115.7,150.96,0.0,17466.07,Bank Transfer,Bilal Khan,Depot - Lahore,Delivered,4.0
ORD100114,2024-04-02,CUST2800,Islamabad,Federal,Marble,Sunny Grey,Polished,30,619.2,201.0,10.0,112013.28,Credit (30 days),Ahmed Raza,Depot - Lahore,Pending,7.0
ORD102722,2025-11-28,CUST2911,Karachi,Sindh,Marble,Botticino Beige,Bush Hammered,18,87.6,177.92,0.0,15585.79,Cheque,Usman Tariq,Depot - Lahore,Delivered,2.0
ORD100868,2025-02-05,CUST1447,Rawalpindi,Punjab,Marble,Chiniot Black,Leather,16,20.0,177.73,0.0,3554.6,Cheque,Hamza Sheikh,Depot - Lahore,Delivered,13.0
ORD104920,2024-01-17,CUST3014,Sialkot,Punjab,Tile,Teri White,Polished,22,62.1,77.06,0.0,4785.43,Cheque,Bilal Khan,Depot - Karachi,Cancelled,6.0
ORD103662,2025-09-17,CUST1938,Peshawar,KPK,Onyx,Ziarat White,Polished,22,50.1,504.32,0.0,25266.43,Cash,Hamza Sheikh,Main Yard - Chiniot,In Transit,8.0
ORD104873,2025-03-06,CUST2084,Mianwali,Punjab,Granite,Emperador Brown,Polished,22,102.5,261.11,0.0,26763.78,Cheque,Hamza Sheikh,Depot - Multan,Delivered,5.0
ORD100040,2025-09-14,CUST1935,Faisalabad,Punjab,Granite,Teri White,Leather,22,194.0,319.27,0.0,61938.38,Cash,Saad Iqbal,Main Yard - Chiniot,Delivered,9.0
ORD101048,2024-07-15,CUST2147,Mianwali,Punjab,Marble,Multi Red,Flamed,16,77.2,181.63,5.0,13320.74,Cheque,Tariq Mehmood,Depot - Lahore,Delivered,7.0
ORD100370,2024-05-02,CUST2987,Karachi,Sindh,Marble,Teri White,Polished,16,210.2,207.11,0.0,43534.52,Cheque,Usman Tariq,Depot - Karachi,Delivered,3.0
ORD101401,2024-01-25,CUST1774,Karachi,Sindh,Tile,Multi Red,Leather,30,101.6,101.35,0.0,10297.16,Cash,Tariq Mehmood,Depot - Lahore,Cancelled,6.0
ORD103916,2025-06-27,CUST1549,Faisalabad,Punjab,Onyx,Buff Marble,Polished,30,39.4,495.44,0.0,19520.34,Credit (30 days),Bilal Khan,Main Yard - Chiniot,Delivered,6.0
ORD104076,2025-03-28,CUST2235,Mianwali,Punjab,Marble,Teri White,Leather,20,154.0,147.61,5.0,21595.34,Credit (30 days),Fahad Malik,Depot - Karachi,In Transit,8.0
ORD103729,2025-01-15,CUST2419,Sialkot,Punjab,Marble,Ziarat White,Honed,16,35.0,187.72,0.0,6570.2,Cash,Saad Iqbal,Depot - Karachi,Delivered,5.0
ORD100363,2025-10-01,CUST2832,Karachi,Sindh,Marble,Emperador Brown,Polished,18,120.3,207.62,0.0,24976.69,Bank Transfer,Ahmed Raza,Main Yard - Chiniot,In Transit,4.0
ORD102757,2024-11-02,CUST2156,Chiniot,Punjab,Marble,Chaghi Golden,Polished,22,229.0,233.85,0.0,53551.65,Cash,Tariq Mehmood,Depot - Lahore,Pending,10.0
ORD103164,2024-10-31,CUST1382,Islamabad,Federal,Marble,Emperador Brown,Polished,18,192.9,157.72,0.0,30424.19,Cash,Bilal Khan,Main Yard - Chiniot,Delivered,11.0
ORD101811,2025-06-19,CUST1945,Chiniot,Punjab,Tile,Chiniot Black,Flamed,30,62.8,102.48,15.0,5470.38,Cash,Hamza Sheikh,Depot - Karachi,Cancelled,12.0
ORD102106,2024-03-04,CUST1554,Rawalpindi,Punjab,Marble,Ziarat White,Polished,20,107.7,218.77,0.0,23561.53,Credit (30 days),Tariq Mehmood,Depot - Lahore,In Transit,13.0
ORD104440,2024-01-27,CUST2821,Sialkot,Punjab,Marble,Indus Green,Polished,30,48.4,230.36,0.0,11149.42,Bank Transfer,Ahmed Raza,Depot - Multan,Delivered,4.0
ORD103252,2025-07-07,CUST3128,Lahore,Punjab,Marble,Emperador Brown,Flamed,22,134.6,171.69,0.0,23109.47,Bank Transfer,Fahad Malik,Depot - Multan,Pending,9.0
ORD101446,2024-07-05,CUST3256,Lahore,Punjab,Granite,Chiniot Black,Honed,16,44.8,152.64,0.0,6838.27,Cash,Ahmed Raza,Depot - Multan,Delivered,7.0
ORD100479,2024-09-24,CUST2620,Lahore,Punjab,Marble,Teri White,Polished,18,119.1,166.49,0.0,19828.96,Cash,Saad Iqbal,Depot - Karachi,Pending,6.0
ORD103554,2024-09-01,CUST1933,Islamabad,Federal,Granite,Black Galaxy,Flamed,30,482.4,364.62,0.0,175892.69,Bank Transfer,Usman Tariq,Depot - Karachi,Delivered,4.0
ORD101030,2024-01-23,CUST2864,Multan,Punjab,Tile,Chaghi Golden,Leather,30,80.0,98.04,0.0,7843.2,Cash,Usman Tariq,Depot - Multan,Pending,5.0
ORD104606,2024-07-07,CUST1558,Mianwali,Punjab,Marble,Teri White,Honed,22,82.6,159.21,5.0,12493.21,Cheque,Bilal Khan,Depot - Multan,Delivered,5.0
ORD102594,2024-10-19,CUST1943,Multan,Punjab,Marble,Chiniot Black,Honed,30,116.6,238.29,15.0,23616.92,Bank Transfer,Ahmed Raza,Main Yard - Chiniot,Delivered,7.0
ORD101246,2025-01-18,CUST1474,Rawalpindi,Punjab,Marble,Chaghi Golden,Leather,20,20.0,184.61,0.0,3692.2,Cheque,Bilal Khan,Depot - Karachi,Delivered,12.0
ORD103594,2024-11-24,CUST2186,Chiniot,Punjab,Marble,Teri White,Bush Hammered,16,68.0,236.57,0.0,16086.76,Bank Transfer,Bilal Khan,Depot - Karachi,In Transit,4.0
ORD104255,2024-02-06,CUST1631,Sialkot,Punjab,Marble,Multi Red,Leather,30,35.5,178.56,0.0,6338.88,Bank Transfer,Tariq Mehmood,Depot - Lahore,Delivered,5.0
ORD102366,2024-05-28,CUST2457,Multan,Punjab,Marble,Rangeela Marble,Polished,30,114.6,174.79,0.0,20030.93,Credit (30 days),Saad Iqbal,Depot - Lahore,In Transit,6.0
ORD101466,2025-09-06,CUST2717,Gujranwala,Punjab,Marble,Rangeela Marble,Polished,18,30.3,199.98,0.0,6059.39,Credit (30 days),Saad Iqbal,Main Yard - Chiniot,In Transit,5.0
ORD104292,2024-09-19,CUST1168,Chiniot,Punjab,Tile,Multi Red,Honed,18,250.9,86.31,15.0,18406.9,Cash,Hamza Sheikh,Main Yard - Chiniot,Delivered,5.0
ORD101026,2024-06-02,CUST1363,Chiniot,Punjab,Onyx,Teri White,Polished,16,65.8,378.49,0.0,24904.64,Bank Transfer,Zain Abbas,Depot - Multan,Pending,7.0
ORD103971,2025-08-30,CUST3485,Gujranwala,Punjab,Marble,Buff Marble,Polished,16,57.9,198.94,0.0,11518.63,Bank Transfer,Tariq Mehmood,Depot - Karachi,In Transit,12.0
ORD100324,2024-05-08,CUST2103,Rawalpindi,Punjab,Marble,Emperador Brown,Polished,16,44.4,178.51,0.0,7925.84,Credit (30 days),Zain Abbas,Depot - Lahore,Delivered,7.0
ORD104895,2025-10-13,CUST1913,Mianwali,Punjab,Marble,Rangeela Marble,Honed,16,259.7,179.84,0.0,46704.45,Credit (30 days),Fahad Malik,Depot - Lahore,Delivered,9.0
ORD101766,2024-12-11,CUST2355,Sialkot,Punjab,Marble,Indus Green,Flamed,22,139.6,173.13,0.0,24168.95,Bank Transfer,Fahad Malik,Depot - Lahore,In Transit,6.0
ORD104321,2025-10-05,CUST3216,Mianwali,Punjab,Marble,Black Galaxy,Honed,22,137.8,194.5,0.0,26802.1,Cheque,Zain Abbas,Depot - Multan,In Transit,11.0
ORD102770,2024-12-30,CUST2771,Gujranwala,Punjab,Marble,Multi Red,Polished,30,123.0,205.44,0.0,25269.12,Cash,Bilal Khan,Depot - Lahore,Cancelled,9.0
ORD102701,2024-09-09,CUST1889,Rawalpindi,Punjab,Marble,Indus Green,Polished,30,257.2,212.9,0.0,54757.88,Bank Transfer,Usman Tariq,Main Yard - Chiniot,In Transit,6.0
ORD104407,2024-12-25,CUST1159,Lahore,Punjab,Granite,Sunny Grey,Polished,30,163.0,253.64,0.0,41343.32,Cheque,Tariq Mehmood,Depot - Lahore,Cancelled,8.0
ORD103116,2024-11-23,CUST1051,Gujranwala,Punjab,Tile,Indus Green,Leather,16,295.1,104.36,0.0,30796.64,Cheque,Hamza Sheikh,Depot - Multan,Pending,2.0
ORD103143,2025-07-31,CUST1965,Islamabad,Federal,Marble,Rangeela Marble,Leather,20,121.2,249.39,10.0,27203.46,Cash,Fahad Malik,Depot - Karachi,Delivered,4.0
ORD101733,2025-05-13,CUST2609,Quetta,Balochistan,Marble,Ziarat White,Honed,30,149.8,142.29,0.0,21315.04,Credit (30 days),Usman Tariq,Depot - Multan,In Transit,7.0
ORD104475,2025-09-05,CUST2950,Faisalabad,Punjab,Marble,Teri White,Honed,16,59.8,210.08,0.0,12562.78,Bank Transfer,Usman Tariq,Depot - Karachi,In Transit,8.0
ORD104336,2024-08-22,CUST2702,Sialkot,Punjab,Marble,Multi Red,Flamed,22,34.3,187.09,15.0,5454.61,Cheque,Bilal Khan,Depot - Karachi,Cancelled,11.0
ORD102135,2024-04-29,CUST2738,Gujranwala,Punjab,Granite,Multi Red,Polished,20,105.0,299.59,0.0,31456.95,Bank Transfer,Saad Iqbal,Depot - Lahore,Cancelled,6.0
ORD102393,2024-07-05,CUST1328,Islamabad,Federal,Marble,Emperador Brown,Polished,20,20.0,154.74,10.0,2785.32,Credit (30 days),Saad Iqbal,Depot - Lahore,Delivered,8.0
ORD101222,2024-07-01,CUST3162,Peshawar,KPK,Granite,Botticino Beige,Flamed,20,85.5,294.39,0.0,25170.34,Cheque,Bilal Khan,Depot - Lahore,In Transit,5.0
ORD102726,2025-12-03,CUST2867,Quetta,Balochistan,Marble,Chiniot Black,Polished,22,33.9,133.31,0.0,4519.21,Cash,Tariq Mehmood,Depot - Karachi,Cancelled,6.0
ORD101831,2025-04-09,CUST2980,Mianwali,Punjab,Marble,Emperador Brown,Polished,16,48.9,189.22,0.0,9252.86,Cash,Tariq Mehmood,Depot - Multan,In Transit,6.0
ORD102211,2025-08-24,CUST2220,Quetta,Balochistan,Granite,Multi Red,Polished,16,32.5,231.1,15.0,6384.14,Cash,Usman Tariq,Depot - Lahore,Delivered,5.0
ORD100298,2025-12-26,CUST1940,Chiniot,Punjab,Tile,Emperador Brown,Polished,30,178.1,136.91,0.0,24383.67,Cash,Usman Tariq,Depot - Multan,Delivered,6.0
ORD104377,2025-11-19,CUST1440,Mianwali,Punjab,Marble,Black Galaxy,Polished,22,336.6,158.62,0.0,53391.49,Credit (30 days),Zain Abbas,Depot - Multan,In Transit,6.0
ORD104593,2024-03-05,CUST1151,Islamabad,Federal,Marble,Teri White,Leather,30,298.9,198.48,15.0,50426.82,Bank Transfer,Ahmed Raza,Depot - Multan,Delivered,5.0
ORD102000,2025-02-11,CUST2075,Peshawar,KPK,Granite,Multi Red,Flamed,18,76.8,264.82,0.0,20338.18,Bank Transfer,Ahmed Raza,Depot - Multan,In Transit,6.0
ORD101523,2025-07-23,CUST1785,Islamabad,Federal,Onyx,Chiniot Black,Leather,22,197.1,412.55,0.0,81313.6,Cheque,Hamza Sheikh,Depot - Lahore,Delivered,6.0
ORD100565,2024-07-10,CUST1232,Rawalpindi,Punjab,Marble,Multi Red,Bush Hammered,22,52.0,210.39,0.0,10940.28,Credit (30 days),Tariq Mehmood,Depot - Multan,Delivered,9.0
ORD100740,2024-04-30,CUST2689,Mianwali,Punjab,Marble,Sunny Grey,Leather,18,176.2,154.03,0.0,27140.09,Cash,Fahad Malik,Depot - Lahore,Delivered,12.0
ORD100269,2024-08-04,CUST3042,Gujranwala,Punjab,Marble,Multi Red,Polished,30,168.8,204.17,0.0,34463.9,Cheque,Usman Tariq,Depot - Lahore,In Transit,2.0
ORD102307,2024-05-22,CUST1603,Multan,Punjab,Onyx,Botticino Beige,Polished,20,70.9,504.66,15.0,30413.33,Cheque,Zain Abbas,Depot - Karachi,In Transit,6.0
ORD103951,2025-08-21,CUST2748,Sialkot,Punjab,Marble,Chiniot Black,Flamed,22,20.0,159.37,0.0,3187.4,Cash,Fahad Malik,Depot - Multan,Delivered,6.0
ORD104727,2024-01-29,CUST2132,Sialkot,Punjab,Marble,Botticino Beige,Polished,16,78.8,186.04,0.0,14659.95,Cash,Ahmed Raza,Depot - Karachi,In Transit,10.0
ORD103534,2025-08-25,CUST2154,Sialkot,Punjab,Marble,Sunny Grey,Polished,30,39.0,213.57,0.0,8329.23,Cash,Usman Tariq,Main Yard - Chiniot,In Transit,14.0
ORD104596,2024-11-02,CUST2823,Chiniot,Punjab,Marble,Sunny Grey,Leather,30,53.1,178.29,0.0,9467.2,Bank Transfer,Zain Abbas,Depot - Lahore,Pending,8.0
ORD102045,2024-01-16,CUST1170,Quetta,Balochistan,Marble,Emperador Brown,Leather,20,56.4,229.36,0.0,12935.9,Bank Transfer,Bilal Khan,Depot - Lahore,Delivered,7.0
ORD103346,2025-02-11,CUST1465,Karachi,Sindh,Granite,Emperador Brown,Leather,30,34.1,294.11,0.0,10029.15,Credit (30 days),Usman Tariq,Depot - Lahore,Delivered,4.0
ORD102674,2025-12-16,CUST2688,Rawalpindi,Punjab,Granite,Indus Green,Honed,30,89.6,257.47,0.0,23069.31,Cheque,Tariq Mehmood,Depot - Lahore,Cancelled,10.0
ORD102787,2024-11-08,CUST2061,Sialkot,Punjab,Marble,Chaghi Golden,Polished,16,84.1,239.94,0.0,20178.95,Cheque,Ahmed Raza,Main Yard - Chiniot,Delivered,5.0
ORD100472,2025-06-27,CUST1702,Chiniot,Punjab,Marble,Multi Red,Flamed,30,91.6,210.49,5.0,18316.84,Cheque,Zain Abbas,Depot - Karachi,Delivered,7.0
ORD103096,2025-11-05,CUST1511,Quetta,Balochistan,Tile,Ziarat White,Polished,20,115.6,98.67,15.0,9695.31,Credit (30 days),Fahad Malik,Depot - Karachi,Delivered,5.0
ORD102740,2024-04-11,CUST2938,Gujranwala,Punjab,Granite,Ziarat White,Leather,30,283.4,354.2,10.0,90342.25,Cash,Ahmed Raza,Main Yard - Chiniot,In Transit,8.0
ORD102409,2024-09-17,CUST2901,Multan,Punjab,Marble,Buff Marble,Bush Hammered,18,338.4,203.07,10.0,61847.0,Cash,Bilal Khan,Depot - Multan,Cancelled,5.0
ORD104676,2025-09-25,CUST2000,Gujranwala,Punjab,Onyx,Black Galaxy,Flamed,18,55.6,441.1,0.0,24525.16,Credit (30 days),Zain Abbas,Depot - Lahore,Delivered,5.0
ORD101359,2025-01-20,CUST3151,Quetta,Balochistan,Marble,Teri White,Polished,16,203.0,202.38,10.0,36974.83,Cheque,Usman Tariq,Depot - Lahore,Cancelled,3.0
ORD104712,2025-10-16,CUST2734,Karachi,Sindh,Marble,Emperador Brown,Polished,30,460.6,164.14,0.0,75602.88,Bank Transfer,Fahad Malik,Depot - Karachi,In Transit,5.0
ORD101420,2024-09-03,CUST1700,Rawalpindi,Punjab,Marble,Rangeela Marble,Polished,18,296.4,214.71,0.0,63640.04,Cash,Hamza Sheikh,Depot - Karachi,Pending,9.0
ORD103778,2025-05-14,CUST2532,Karachi,Sindh,Marble,Emperador Brown,Bush Hammered,18,126.8,169.75,0.0,21524.3,Credit (30 days),Tariq Mehmood,Depot - Multan,Delivered,6.0
ORD102560,2025-02-27,CUST3340,Faisalabad,Punjab,Marble,Chiniot Black,Polished,20,32.4,256.72,0.0,8317.73,Bank Transfer,Fahad Malik,Depot - Karachi,Cancelled,3.0
ORD101534,2025-01-24,CUST2262,Lahore,Punjab,Marble,Chiniot Black,Polished,18,185.0,184.58,0.0,34147.3,Bank Transfer,Saad Iqbal,Depot - Lahore,In Transit,4.0
ORD103543,2025-05-01,CUST2889,Faisalabad,Punjab,Granite,Buff Marble,Flamed,22,54.3,224.75,0.0,12203.92,Cheque,Hamza Sheikh,Depot - Lahore,Delivered,7.0
ORD101314,2024-07-25,CUST2812,Faisalabad,Punjab,Marble,Sunny Grey,Leather,16,22.2,199.63,0.0,4431.79,Cash,Usman Tariq,Main Yard - Chiniot,Pending,8.0
ORD103515,2025-03-27,CUST1118,Islamabad,Federal,Tile,Ziarat White,Polished,20,73.2,107.19,0.0,7846.31,Cash,Ahmed Raza,Depot - Multan,Cancelled,3.0
ORD103047,2025-02-12,CUST1325,Faisalabad,Punjab,Marble,Indus Green,Honed,30,52.1,214.84,0.0,11193.16,Cheque,Hamza Sheikh,Depot - Karachi,Delivered,4.0
ORD102311,2025-07-31,CUST1099,Islamabad,Federal,Marble,Rangeela Marble,Polished,20,127.3,196.21,10.0,22479.78,Credit (30 days),Saad Iqbal,Depot - Karachi,Pending,8.0
ORD100391,2025-02-28,CUST2936,Mianwali,Punjab,Granite,Chaghi Golden,Polished,22,55.7,243.13,0.0,13542.34,Cash,Ahmed Raza,Depot - Karachi,Delivered,7.0
ORD103033,2025-06-03,CUST2603,Karachi,Sindh,Tile,Black Galaxy,Polished,16,103.0,70.69,5.0,6917.02,Bank Transfer,Ahmed Raza,Depot - Multan,In Transit,6.0
ORD102599,2025-11-02,CUST2408,Sialkot,Punjab,Marble,Sunny Grey,Leather,16,154.0,210.79,0.0,32461.66,Credit (30 days),Tariq Mehmood,Depot - Lahore,In Transit,9.0
ORD102313,2025-05-26,CUST2420,Gujranwala,Punjab,Marble,Botticino Beige,Honed,16,178.9,135.82,0.0,24298.2,Credit (30 days),Usman Tariq,Depot - Lahore,In Transit,9.0
ORD104068,2025-11-08,CUST2954,Rawalpindi,Punjab,Marble,Botticino Beige,Polished,18,78.0,160.16,10.0,11243.23,Cash,Ahmed Raza,Depot - Karachi,Pending,10.0
ORD103042,2024-05-20,CUST1246,Faisalabad,Punjab,Marble,Rangeela Marble,Flamed,22,78.9,166.51,0.0,13137.64,Cash,Fahad Malik,Main Yard - Chiniot,Cancelled,10.0
ORD103964,2025-08-08,CUST1082,Faisalabad,Punjab,Marble,Ziarat White,Polished,20,71.6,180.01,10.0,11599.84,Bank Transfer,Ahmed Raza,Depot - Lahore,Delivered,4.0
ORD103007,2025-05-08,CUST1079,Sialkot,Punjab,Onyx,Multi Red,Polished,20,195.6,479.94,0.0,93876.26,Credit (30 days),Usman Tariq,Depot - Multan,Delivered,7.0
ORD101128,2024-02-06,CUST2396,Faisalabad,Punjab,Tile,Emperador Brown,Polished,22,152.5,84.14,0.0,12831.35,Bank Transfer,Zain Abbas,Depot - Karachi,Pending,8.0
ORD104445,2024-09-23,CUST1583,Islamabad,Federal,Marble,Chaghi Golden,Polished,18,70.5,219.38,10.0,13919.66,Bank Transfer,Saad Iqbal,Depot - Multan,Delivered,7.0
ORD100928,2024-10-11,CUST1429,Faisalabad,Punjab,Onyx,Emperador Brown,Honed,20,222.0,432.38,0.0,95988.36,Bank Transfer,Tariq Mehmood,Depot - Lahore,Delivered,9.0
ORD100994,2024-03-23,CUST2884,Chiniot,Punjab,Marble,Black Galaxy,Polished,30,326.4,174.09,5.0,53981.83,Cash,Bilal Khan,Depot - Multan,Delivered,5.0
ORD100627,2025-12-13,CUST1914,Peshawar,KPK,Marble,Botticino Beige,Honed,18,165.5,167.82,0.0,27774.21,Cash,Bilal Khan,Depot - Lahore,Cancelled,10.0
ORD103415,2025-08-18,CUST2471,Multan,Punjab,Marble,Rangeela Marble,Polished,18,20.0,151.53,0.0,3030.6,Bank Transfer,Zain Abbas,Main Yard - Chiniot,Delivered,9.0
ORD100271,2025-01-10,CUST1813,Lahore,Punjab,Tile,Buff Marble,Polished,22,20.0,87.65,0.0,1753.0,Bank Transfer,Saad Iqbal,Main Yard - Chiniot,Pending,8.0
ORD104111,2024-11-28,CUST1766,Lahore,Punjab,Tile,Sunny Grey,Polished,20,194.9,95.87,0.0,18685.06,Cheque,Saad Iqbal,Depot - Karachi,Pending,10.0
ORD104927,2025-08-24,CUST1888,Islamabad,Federal,Marble,Buff Marble,Polished,22,110.3,186.13,0.0,20530.14,Bank Transfer,Zain Abbas,Depot - Multan,Delivered,8.0
ORD101499,2024-11-10,CUST3227,Quetta,Balochistan,Onyx,Multi Red,Polished,16,90.0,481.93,0.0,43373.7,Cash,Tariq Mehmood,Depot - Lahore,Delivered,8.0
ORD101220,2025-09-26,CUST1122,Chiniot,Punjab,Tile,Chaghi Golden,Polished,20,166.7,111.41,5.0,17643.44,Credit (30 days),Zain Abbas,Main Yard - Chiniot,In Transit,6.0
ORD100863,2024-03-09,CUST2656,Quetta,Balochistan,Marble,Indus Green,Leather,16,71.7,199.29,0.0,14289.09,Cash,Usman Tariq,Depot - Karachi,Pending,5.0
ORD101839,2025-12-18,CUST1794,Lahore,Punjab,Marble,Rangeela Marble,Honed,16,113.7,190.71,0.0,21683.73,Cash,Saad Iqbal,Depot - Lahore,Pending,7.0
ORD101089,2024-10-30,CUST2059,Karachi,Sindh,Tile,Botticino Beige,Polished,18,329.0,114.04,0.0,37519.16,Cheque,Hamza Sheikh,Depot - Multan,Delivered,3.0
ORD102241,2024-12-10,CUST3172,Sialkot,Punjab,Marble,Teri White,Honed,30,41.6,161.25,0.0,6708.0,Cheque,Ahmed Raza,Depot - Lahore,Delivered,8.0
ORD102608,2025-10-12,CUST1554,Rawalpindi,Punjab,Tile,Indus Green,Flamed,16,117.6,95.61,15.0,9557.18,Cheque,Tariq Mehmood,Depot - Lahore,Cancelled,6.0
ORD104933,2025-10-14,CUST3173,Gujranwala,Punjab,Marble,Rangeela Marble,Honed,22,84.3,201.95,0.0,17024.38,Bank Transfer,Tariq Mehmood,Depot - Karachi,In Transit,5.0
ORD102271,2024-08-09,CUST1840,Faisalabad,Punjab,Tile,Sunny Grey,Honed,30,39.4,108.23,0.0,4264.26,Bank Transfer,Usman Tariq,Depot - Multan,Pending,2.0
ORD100486,2024-02-21,CUST1394,Peshawar,KPK,Granite,Teri White,Polished,22,20.0,292.54,0.0,5850.8,Cash,Ahmed Raza,Main Yard - Chiniot,Delivered,5.0
ORD104576,2024-10-31,CUST1991,Faisalabad,Punjab,Marble,Chaghi Golden,Polished,30,218.4,224.79,0.0,49094.14,Bank Transfer,Hamza Sheikh,Depot - Karachi,Delivered,5.0
ORD100104,2024-10-23,CUST1612,Sialkot,Punjab,Granite,Emperador Brown,Polished,18,199.4,384.53,0.0,76675.28,Credit (30 days),Saad Iqbal,Main Yard - Chiniot,Delivered,4.0
ORD104247,2024-02-08,CUST2476,Multan,Punjab,Marble,Multi Red,Polished,30,38.2,244.01,0.0,9321.18,Bank Transfer,Ahmed Raza,Depot - Multan,Delivered,8.0
ORD103666,2024-02-18,CUST2703,Multan,Punjab,Marble,Emperador Brown,Flamed,22,113.2,146.29,0.0,16560.03,Cash,Tariq Mehmood,Depot - Multan,Pending,6.0
ORD104051,2024-10-28,CUST3275,Gujranwala,Punjab,Granite,Multi Red,Polished,22,232.8,212.11,0.0,49379.21,Cheque,Tariq Mehmood,Main Yard - Chiniot,In Transit,9.0
ORD100448,2024-05-20,CUST3180,Peshawar,KPK,Marble,Chiniot Black,Polished,18,71.7,188.92,0.0,13545.56,Bank Transfer,Bilal Khan,Depot - Multan,Pending,5.0
ORD104714,2025-01-06,CUST3410,Gujranwala,Punjab,Marble,Teri White,Honed,30,39.8,170.63,0.0,6791.07,Bank Transfer,Hamza Sheikh,Depot - Multan,In Transit,8.0
ORD104833,2024-06-11,CUST3002,Faisalabad,Punjab,Tile,Indus Green,Polished,30,157.2,94.18,10.0,13324.59,Cheque,Ahmed Raza,Depot - Karachi,Delivered,9.0
ORD102829,2024-06-29,CUST2501,Faisalabad,Punjab,Granite,Emperador Brown,Polished,18,42.1,350.5,0.0,14756.05,Cash,Fahad Malik,Depot - Lahore,Delivered,9.0
ORD102134,2024-04-04,CUST2373,Islamabad,Federal,Tile,Chaghi Golden,Leather,22,237.3,114.67,0.0,27211.19,Credit (30 days),Zain Abbas,Depot - Multan,Cancelled,5.0
ORD102423,2024-11-04,CUST1896,Islamabad,Federal,Tile,Sunny Grey,Flamed,16,20.4,86.49,15.0,1499.74,Bank Transfer,Zain Abbas,Depot - Lahore,Delivered,7.0
ORD100542,2024-04-22,CUST2876,Peshawar,KPK,Onyx,Botticino Beige,Flamed,18,56.4,509.82,0.0,28753.85,Cash,Zain Abbas,Main Yard - Chiniot,Delivered,7.0
ORD104559,2025-03-04,CUST2085,Multan,Punjab,Marble,Buff Marble,Bush Hammered,18,132.7,191.25,10.0,22840.99,Credit (30 days),Bilal Khan,Depot - Lahore,Delivered,7.0
ORD104140,2025-07-22,CUST1700,Faisalabad,Punjab,Marble,Indus Green,Polished,18,93.3,177.53,0.0,16563.55,Bank Transfer,Bilal Khan,Depot - Lahore,Pending,6.0
ORD100356,2024-10-04,CUST1773,Quetta,Balochistan,Marble,Chiniot Black,Leather,18,96.2,233.83,0.0,22494.45,Credit (30 days),Bilal Khan,Depot - Karachi,Delivered,9.0
ORD103065,2024-10-15,CUST1802,Lahore,Punjab,Marble,Multi Red,Polished,16,98.0,173.41,10.0,15294.76,Bank Transfer,Usman Tariq,Main Yard - Chiniot,Cancelled,6.0
ORD100347,2025-06-28,CUST2294,Karachi,Sindh,Onyx,Teri White,Bush Hammered,16,32.6,249.89,5.0,7739.09,Bank Transfer,Tariq Mehmood,Depot - Lahore,Cancelled,12.0
ORD102042,2025-01-13,CUST2725,Mianwali,Punjab,Tile,Botticino Beige,Polished,30,95.9,109.27,0.0,10478.99,Cash,Saad Iqbal,Depot - Karachi,In Transit,5.0
ORD100771,2024-09-22,CUST3485,Peshawar,KPK,Marble,Buff Marble,Polished,18,174.3,122.14,5.0,20224.55,Cash,Zain Abbas,Depot - Multan,Cancelled,9.0
ORD101113,2024-03-29,CUST2152,Mianwali,Punjab,Granite,Emperador Brown,Polished,18,61.3,252.24,5.0,14689.2,Cash,Zain Abbas,Depot - Multan,Delivered,13.0
ORD100902,2024-09-04,CUST1314,Sialkot,Punjab,Marble,Chaghi Golden,Polished,16,62.5,180.19,0.0,11261.88,Bank Transfer,Usman Tariq,Depot - Lahore,Delivered,4.0
ORD102544,2024-07-27,CUST2443,Karachi,Sindh,Tile,Sunny Grey,Polished,22,141.8,92.47,15.0,11145.41,Bank Transfer,Usman Tariq,Depot - Lahore,Cancelled,8.0
ORD103675,2024-11-18,CUST3437,Gujranwala,Punjab,Granite,Indus Green,Polished,18,286.5,290.29,0.0,83168.09,Credit (30 days),Zain Abbas,Depot - Lahore,In Transit,5.0
ORD104777,2024-09-25,CUST2288,Lahore,Punjab,Marble,Buff Marble,Polished,16,418.9,180.97,0.0,75808.33,Credit (30 days),Fahad Malik,Main Yard - Chiniot,Cancelled,10.0
ORD100621,2025-09-29,CUST1366,Multan,Punjab,Granite,Indus Green,Polished,22,96.0,284.86,0.0,27346.56,Credit (30 days),Usman Tariq,Depot - Multan,In Transit,7.0
ORD101693,2024-02-11,CUST1329,Gujranwala,Punjab,Onyx,Teri White,Polished,22,67.7,487.3,0.0,32990.21,Bank Transfer,Bilal Khan,Main Yard - Chiniot,Cancelled,9.0
ORD102295,2024-01-28,CUST1260,Karachi,Sindh,Marble,Teri White,Polished,18,45.2,162.05,0.0,7324.66,Bank Transfer,Bilal Khan,Main Yard - Chiniot,In Transit,6.0
ORD101928,2024-10-27,CUST1726,Chiniot,Punjab,Marble,Teri White,Polished,20,228.1,164.67,15.0,31927.04,Cash,Ahmed Raza,Main Yard - Chiniot,Delivered,5.0
ORD100952,2025-03-27,CUST2005,Islamabad,Federal,Marble,Ziarat White,Polished,16,87.4,166.65,0.0,14565.21,Bank Transfer,Usman Tariq,Depot - Multan,Pending,8.0
ORD102365,2025-06-02,CUST1947,Quetta,Balochistan,Onyx,Multi Red,Honed,18,288.2,365.73,0.0,105403.39,Bank Transfer,Ahmed Raza,Depot - Multan,Delivered,6.0
ORD101771,2024-09-27,CUST2561,Karachi,Sindh,Marble,Buff Marble,Honed,16,31.2,153.25,5.0,4542.33,Bank Transfer,Fahad Malik,Depot - Lahore,In Transit,9.0
ORD103099,2025-06-12,CUST3276,Faisalabad,Punjab,Marble,Rangeela Marble,Honed,22,35.6,198.15,15.0,5996.02,Credit (30 days),Hamza Sheikh,Main Yard - Chiniot,Pending,9.0
ORD100924,2025-01-07,CUST2666,Islamabad,Federal,Granite,Rangeela Marble,Flamed,20,31.0,306.12,15.0,8066.26,Bank Transfer,Bilal Khan,Depot - Multan,Delivered,5.0
ORD102146,2024-08-11,CUST1009,Sialkot,Punjab,Granite,Teri White,Polished,22,43.2,250.93,5.0,10298.17,Cash,Zain Abbas,Depot - Multan,In Transit,5.0
ORD104203,2025-02-18,CUST2802,Multan,Punjab,Marble,Indus Green,Flamed,16,198.9,167.59,0.0,33333.65,Cash,Tariq Mehmood,Depot - Multan,Cancelled,10.0
ORD104550,2024-07-11,CUST3270,Chiniot,Punjab,Tile,Rangeela Marble,Bush Hammered,20,63.8,97.31,0.0,6208.38,Cash,Hamza Sheikh,Main Yard - Chiniot,Delivered,7.0
ORD102668,2025-09-03,CUST2723,Mianwali,Punjab,Granite,Botticino Beige,Flamed,30,202.8,327.23,0.0,66362.24,Cash,Hamza Sheikh,Depot - Karachi,Delivered,4.0
ORD100355,2024-09-22,CUST2551,Multan,Punjab,Marble,Rangeela Marble,Honed,20,88.1,148.6,10.0,11782.49,Cash,Usman Tariq,Depot - Karachi,Delivered,7.0
ORD100696,2025-03-12,CUST1582,Peshawar,KPK,Marble,Emperador Brown,Polished,18,200.6,148.68,0.0,29825.21,Cash,Bilal Khan,Depot - Karachi,Delivered,9.0
ORD101990,2025-12-19,CUST3339,Sialkot,Punjab,Marble,Ziarat White,Polished,16,20.0,200.18,5.0,3803.42,Cash,Bilal Khan,Depot - Multan,Delivered,8.0
ORD102598,2025-04-20,CUST1507,Multan,Punjab,Marble,Indus Green,Polished,20,51.3,199.48,0.0,10233.32,Cash,Hamza Sheikh,Main Yard - Chiniot,Delivered,5.0
ORD101971,2025-07-23,CUST1381,Multan,Punjab,Granite,Buff Marble,Polished,16,59.5,252.46,0.0,15021.37,Cash,Tariq Mehmood,Depot - Karachi,Pending,6.0
ORD101748,2024-11-16,CUST1615,Chiniot,Punjab,Granite,Indus Green,Polished,16,205.0,295.77,10.0,54569.56,Bank Transfer,Hamza Sheikh,Main Yard - Chiniot,Delivered,7.0
ORD100825,2024-12-07,CUST1507,Peshawar,KPK,Marble,Buff Marble,Flamed,22,79.2,193.9,0.0,15356.88,Cash,Ahmed Raza,Depot - Karachi,Cancelled,5.0
ORD100484,2025-06-01,CUST2094,Islamabad,Federal,Granite,Buff Marble,Leather,16,47.8,280.39,0.0,13402.64,Bank Transfer,Ahmed Raza,Depot - Multan,Delivered,8.0
ORD100365,2024-12-31,CUST1737,Mianwali,Punjab,Marble,Ziarat White,Honed,22,33.0,211.63,0.0,6983.79,Bank Transfer,Hamza Sheikh,Depot - Lahore,Delivered,5.0
ORD101700,2024-02-16,CUST1163,Mianwali,Punjab,Tile,Chiniot Black,Flamed,20,50.9,83.78,10.0,3837.96,Credit (30 days),Hamza Sheikh,Main Yard - Chiniot,Delivered,8.0
ORD100632,2024-06-09,CUST3175,Islamabad,Federal,Tile,Chiniot Black,Polished,16,111.5,107.88,0.0,12028.62,Cheque,Fahad Malik,Depot - Karachi,Delivered,7.0
ORD102635,2024-01-09,CUST2906,Sialkot,Punjab,Marble,Indus Green,Honed,30,94.3,233.28,0.0,21998.3,Bank Transfer,Saad Iqbal,Main Yard - Chiniot,Delivered,9.0
ORD103206,2025-08-22,CUST2967,Sialkot,Punjab,Tile,Chiniot Black,Polished,20,76.4,111.91,0.0,8549.92,Bank Transfer,Hamza Sheikh,Main Yard - Chiniot,Pending,7.0
ORD103193,2025-11-26,CUST1610,Quetta,Balochistan,Marble,Ziarat White,Leather,22,105.5,194.28,10.0,18446.89,Credit (30 days),Zain Abbas,Depot - Multan,Cancelled,6.0
ORD100136,2025-03-16,CUST3408,Islamabad,Federal,Granite,Buff Marble,Polished,20,171.9,266.05,0.0,45734.0,Credit (30 days),Saad Iqbal,Depot - Karachi,Pending,8.0
ORD104465,2025-02-06,CUST3122,Quetta,Balochistan,Onyx,Emperador Brown,Flamed,22,243.5,338.18,15.0,69994.81,Cash,Usman Tariq,Depot - Lahore,Delivered,4.0
ORD101320,2024-10-22,CUST2650,Rawalpindi,Punjab,Onyx,Teri White,Polished,16,357.9,396.06,0.0,141749.87,Cash,Saad Iqbal,Main Yard - Chiniot,Cancelled,10.0
ORD102760,2024-02-16,CUST1216,Faisalabad,Punjab,Tile,Rangeela Marble,Polished,22,99.3,102.2,0.0,10148.46,Credit (30 days),Hamza Sheikh,Main Yard - Chiniot,Delivered,9.0
ORD103199,2024-02-26,CUST1204,Lahore,Punjab,Marble,Chaghi Golden,Polished,16,174.5,203.92,0.0,35584.04,Credit (30 days),Hamza Sheikh,Main Yard - Chiniot,Delivered,6.0
ORD102263,2024-01-16,CUST2463,Rawalpindi,Punjab,Marble,Teri White,Flamed,18,77.8,240.96,0.0,18746.69,Bank Transfer,Tariq Mehmood,Depot - Lahore,In Transit,9.0
ORD104901,2025-10-16,CUST2793,Gujranwala,Punjab,Granite,Multi Red,Polished,16,71.0,224.22,0.0,15919.62,Cash,Ahmed Raza,Depot - Lahore,Cancelled,8.0
ORD104386,2025-08-14,CUST1070,Rawalpindi,Punjab,Onyx,Botticino Beige,Polished,30,20.0,270.6,0.0,5412.0,Bank Transfer,Bilal Khan,Depot - Lahore,Delivered,6.0
ORD100541,2025-10-07,CUST2738,Rawalpindi,Punjab,Granite,Botticino Beige,Polished,16,152.1,255.03,0.0,38790.06,Cheque,Tariq Mehmood,Depot - Karachi,Delivered,7.0
ORD100864,2025-02-08,CUST3420,Karachi,Sindh,Granite,Emperador Brown,Polished,22,183.0,201.07,0.0,36795.81,Bank Transfer,Fahad Malik,Depot - Karachi,Pending,9.0
ORD104209,2025-01-28,CUST1286,Lahore,Punjab,Marble,Buff Marble,Polished,16,20.0,194.0,0.0,3880.0,Credit (30 days),Fahad Malik,Depot - Multan,Delivered,11.0
ORD103048,2025-05-31,CUST3193,Peshawar,KPK,Onyx,Chaghi Golden,Polished,16,98.4,380.03,5.0,35525.2,Cash,Fahad Malik,Depot - Multan,Delivered,10.0
ORD102618,2024-08-10,CUST2238,Quetta,Balochistan,Marble,Teri White,Polished,20,37.9,227.49,10.0,7759.68,Bank Transfer,Ahmed Raza,Main Yard - Chiniot,In Transit,4.0
ORD102814,2025-12-26,CUST2089,Faisalabad,Punjab,Granite,Rangeela Marble,Polished,16,54.3,200.14,5.0,10324.22,Cheque,Ahmed Raza,Main Yard - Chiniot,Delivered,6.0
ORD104282,2024-02-29,CUST3075,Mianwali,Punjab,Marble,Teri White,Polished,22,66.3,223.22,0.0,14799.49,Cash,Zain Abbas,Depot - Multan,Delivered,11.0
ORD104100,2024-07-03,CUST1957,Quetta,Balochistan,Onyx,Black Galaxy,Honed,20,26.7,470.78,0.0,12569.83,Cheque,Zain Abbas,Main Yard - Chiniot,In Transit,7.0
ORD100378,2024-03-24,CUST1380,Rawalpindi,Punjab,Granite,Sunny Grey,Honed,22,140.3,285.77,0.0,40093.53,Cash,Saad Iqbal,Main Yard - Chiniot,Delivered,5.0
ORD104113,2024-07-22,CUST1951,Sialkot,Punjab,Marble,Black Galaxy,Polished,30,99.0,211.17,0.0,20905.83,Cash,Fahad Malik,Main Yard - Chiniot,Delivered,4.0
ORD104761,2024-02-15,CUST2051,Islamabad,Federal,Marble,Sunny Grey,Honed,20,52.4,147.24,5.0,7329.61,Credit (30 days),Fahad Malik,Depot - Multan,Pending,8.0
ORD103183,2025-05-04,CUST1907,Karachi,Sindh,Marble,Indus Green,Honed,22,222.8,152.3,0.0,33932.44,Credit (30 days),Ahmed Raza,Main Yard - Chiniot,Delivered,3.0
ORD104632,2024-03-02,CUST3180,Sialkot,Punjab,Granite,Botticino Beige,Polished,20,65.6,277.04,10.0,16356.44,Bank Transfer,Bilal Khan,Depot - Karachi,Pending,8.0
ORD103845,2025-10-04,CUST2836,Mianwali,Punjab,Tile,Teri White,Polished,30,113.2,123.16,0.0,13941.71,Cash,Usman Tariq,Depot - Multan,Pending,5.0
ORD101950,2025-07-18,CUST2251,Peshawar,KPK,Marble,Teri White,Honed,30,27.9,266.02,0.0,7421.96,Cash,Hamza Sheikh,Depot - Multan,Delivered,4.0
ORD101834,2024-10-04,CUST1330,Rawalpindi,Punjab,Onyx,Ziarat White,Polished,18,40.7,354.5,0.0,14428.15,Cheque,Tariq Mehmood,Depot - Lahore,Cancelled,6.0
ORD103542,2025-05-09,CUST1335,Faisalabad,Punjab,Marble,Ziarat White,Honed,30,205.0,201.26,0.0,41258.3,Bank Transfer,Fahad Malik,Depot - Karachi,In Transit,6.0
ORD102200,2024-02-07,CUST3074,Faisalabad,Punjab,Marble,Ziarat White,Honed,18,74.3,132.12,5.0,9325.69,Bank Transfer,Fahad Malik,Depot - Lahore,Cancelled,7.0
ORD100719,2025-02-11,CUST2576,Faisalabad,Punjab,Granite,Botticino Beige,Flamed,30,52.1,287.78,5.0,14243.67,Cash,Bilal Khan,Depot - Karachi,Delivered,5.0
ORD104379,2024-11-15,CUST1246,Gujranwala,Punjab,Marble,Indus Green,Polished,18,219.3,198.66,0.0,43566.14,Credit (30 days),Hamza Sheikh,Depot - Lahore,In Transit,4.0
ORD103829,2024-04-28,CUST2868,Mianwali,Punjab,Marble,Rangeela Marble,Honed,18,140.4,190.7,10.0,24096.85,Credit (30 days),Bilal Khan,Depot - Multan,Delivered,10.0
ORD101125,2025-06-11,CUST3188,Quetta,Balochistan,Marble,Sunny Grey,Leather,22,45.8,205.6,0.0,9416.48,Bank Transfer,Tariq Mehmood,Depot - Multan,In Transit,8.0
ORD104636,2025-11-12,CUST2631,Lahore,Punjab,Marble,Black Galaxy,Polished,18,94.6,221.15,0.0,20920.79,Cheque,Ahmed Raza,Depot - Multan,Delivered,7.0
ORD101332,2024-03-06,CUST2558,Islamabad,Federal,Granite,Black Galaxy,Bush Hammered,30,118.6,297.58,0.0,35292.99,Cheque,Ahmed Raza,Main Yard - Chiniot,Delivered,9.0
ORD102435,2024-10-22,CUST1443,Rawalpindi,Punjab,Tile,Indus Green,Polished,18,409.7,76.6,0.0,31383.02,Bank Transfer,Fahad Malik,Depot - Lahore,Delivered,12.0
ORD104395,2025-09-24,CUST1043,Faisalabad,Punjab,Onyx,Botticino Beige,Polished,22,59.8,443.81,0.0,26539.84,Bank Transfer,Zain Abbas,Depot - Karachi,Delivered,11.0
ORD101776,2024-10-07,CUST1723,Peshawar,KPK,Onyx,Teri White,Flamed,16,78.6,437.19,0.0,34363.13,Credit (30 days),Ahmed Raza,Depot - Multan,Cancelled,3.0
ORD101924,2024-06-28,CUST1726,Rawalpindi,Punjab,Tile,Chaghi Golden,Honed,20,74.0,88.16,0.0,6523.84,Credit (30 days),Usman Tariq,Depot - Multan,Delivered,7.0
ORD101754,2025-05-31,CUST1176,Rawalpindi,Punjab,Granite,Black Galaxy,Honed,20,55.0,277.11,0.0,15241.05,Cheque,Usman Tariq,Depot - Multan,Delivered,6.0
ORD102162,2024-05-03,CUST1009,Karachi,Sindh,Marble,Indus Green,Polished,22,20.0,179.49,10.0,3230.82,Credit (30 days),Hamza Sheikh,Depot - Multan,In Transit,10.0
ORD101010,2024-11-25,CUST1539,Chiniot,Punjab,Onyx,Sunny Grey,Polished,22,50.6,455.25,10.0,20732.09,Bank Transfer,Tariq Mehmood,Depot - Lahore,Cancelled,4.0
ORD103432,2024-09-24,CUST1073,Mianwali,Punjab,Marble,Black Galaxy,Leather,20,32.7,178.34,0.0,5831.72,Cash,Hamza Sheikh,Depot - Lahore,Delivered,9.0
ORD101425,2024-04-14,CUST3451,Karachi,Sindh,Marble,Sunny Grey,Leather,16,202.7,152.59,0.0,30929.99,Credit (30 days),Usman Tariq,Depot - Multan,Pending,7.0
ORD102479,2025-08-27,CUST1100,Karachi,Sindh,Marble,Sunny Grey,Polished,20,63.0,224.13,0.0,14120.19,Bank Transfer,Tariq Mehmood,Main Yard - Chiniot,Pending,5.0
ORD101002,2025-06-11,CUST3246,Rawalpindi,Punjab,Granite,Indus Green,Polished,30,327.0,315.98,0.0,103325.46,Credit (30 days),Saad Iqbal,Depot - Lahore,In Transit,9.0
ORD102403,2025-03-27,CUST2077,Peshawar,KPK,Marble,Chaghi Golden,Honed,30,30.7,225.2,0.0,6913.64,Bank Transfer,Fahad Malik,Depot - Multan,Delivered,6.0
ORD104995,2025-10-06,CUST3145,Rawalpindi,Punjab,Marble,Emperador Brown,Polished,20,252.0,191.19,0.0,48179.88,Cash,Usman Tariq,Depot - Multan,Delivered,3.0
ORD101215,2025-09-09,CUST1310,Karachi,Sindh,Marble,Ziarat White,Polished,22,433.8,183.69,0.0,79684.72,Cash,Usman Tariq,Main Yard - Chiniot,Delivered,9.0
ORD103798,2024-06-10,CUST1936,Lahore,Punjab,Marble,Emperador Brown,Honed,18,129.3,175.59,0.0,22703.79,Bank Transfer,Usman Tariq,Depot - Lahore,Delivered,8.0
ORD102727,2025-02-17,CUST1133,Islamabad,Federal,Marble,Indus Green,Flamed,16,83.1,200.08,0.0,16626.65,Credit (30 days),Bilal Khan,Main Yard - Chiniot,In Transit,8.0
ORD102809,2025-10-19,CUST3307,Islamabad,Federal,Marble,Ziarat White,Polished,20,43.3,188.1,5.0,7737.49,Bank Transfer,Ahmed Raza,Depot - Karachi,Delivered,5.0
ORD103457,2024-12-29,CUST1454,Sialkot,Punjab,Granite,Buff Marble,Honed,30,87.2,295.93,0.0,25805.1,Credit (30 days),Zain Abbas,Depot - Karachi,Delivered,7.0
ORD101221,2024-11-06,CUST2066,Faisalabad,Punjab,Marble,Buff Marble,Flamed,18,171.2,165.82,0.0,28388.38,Cash,Bilal Khan,Depot - Karachi,Delivered,6.0
ORD103776,2024-04-25,CUST1208,Lahore,Punjab,Marble,Rangeela Marble,Bush Hammered,20,124.0,158.24,0.0,19621.76,Cash,Bilal Khan,Main Yard - Chiniot,In Transit,6.0
ORD104206,2025-02-17,CUST2426,Multan,Punjab,Marble,Teri White,Polished,30,74.0,191.8,0.0,14193.2,Credit (30 days),Usman Tariq,Depot - Karachi,Cancelled,7.0
ORD104310,2025-06-03,CUST2954,Mianwali,Punjab,Marble,Sunny Grey,Bush Hammered,30,60.5,199.3,5.0,11454.77,Cash,Zain Abbas,Depot - Karachi,Delivered,3.0
ORD102436,2024-10-14,CUST2019,Quetta,Balochistan,Marble,Sunny Grey,Polished,30,215.6,160.79,0.0,34666.32,Credit (30 days),Ahmed Raza,Depot - Lahore,Pending,10.0
ORD102865,2024-03-26,CUST2106,Gujranwala,Punjab,Marble,Ziarat White,Polished,20,114.4,176.91,0.0,20238.5,Cash,Saad Iqbal,Depot - Karachi,Delivered,7.0
ORD100665,2024-04-22,CUST2016,Faisalabad,Punjab,Onyx,Black Galaxy,Honed,18,136.9,395.46,0.0,54138.47,Cash,Hamza Sheikh,Depot - Multan,Delivered,6.0
ORD101502,2025-07-24,CUST1097,Sialkot,Punjab,Marble,Rangeela Marble,Polished,22,49.8,217.08,0.0,10810.58,Cash,Zain Abbas,Depot - Multan,Cancelled,9.0
ORD101743,2025-02-26,CUST3020,Mianwali,Punjab,Onyx,Indus Green,Polished,18,77.1,374.62,15.0,24550.72,Cheque,Ahmed Raza,Depot - Karachi,Cancelled,12.0
ORD103444,2024-06-04,CUST1777,Karachi,Sindh,Marble,Emperador Brown,Honed,16,220.1,201.96,5.0,42228.83,Bank Transfer,Hamza Sheikh,Depot - Multan,Cancelled,4.0
ORD100743,2025-08-05,CUST3440,Rawalpindi,Punjab,Marble,Rangeela Marble,Polished,16,20.0,139.46,5.0,2649.74,Cash,Saad Iqbal,Main Yard - Chiniot,Delivered,5.0
ORD101380,2025-11-21,CUST2337,Faisalabad,Punjab,Granite,Buff Marble,Polished,16,97.5,229.5,0.0,22376.25,Bank Transfer,Zain Abbas,Depot - Karachi,Pending,5.0
ORD102745,2024-02-26,CUST2139,Mianwali,Punjab,Marble,Chiniot Black,Honed,16,25.3,169.84,0.0,4296.95,Cash,Bilal Khan,Depot - Multan,Delivered,7.0
ORD104691,2025-07-31,CUST3114,Karachi,Sindh,Marble,Ziarat White,Polished,22,73.4,173.37,0.0,12725.36,Bank Transfer,Usman Tariq,Depot - Karachi,In Transit,7.0
ORD101955,2024-06-21,CUST2082,Islamabad,Federal,Tile,Black Galaxy,Polished,18,279.2,67.88,0.0,18952.1,Cheque,Saad Iqbal,Depot - Multan,Delivered,5.0
ORD104799,2025-05-02,CUST1483,Chiniot,Punjab,Marble,Rangeela Marble,Leather,22,32.8,233.6,0.0,7662.08,Credit (30 days),Zain Abbas,Depot - Karachi,Delivered,4.0
ORD100493,2025-08-13,CUST2848,Quetta,Balochistan,Marble,Chiniot Black,Honed,30,63.5,242.61,5.0,14635.45,Cash,Fahad Malik,Depot - Karachi,In Transit,5.0
ORD101041,2024-03-25,CUST2329,Karachi,Sindh,Marble,Chiniot Black,Honed,22,212.7,176.76,15.0,31957.32,Credit (30 days),Usman Tariq,Depot - Karachi,Delivered,5.0
ORD104293,2025-03-19,CUST1170,Islamabad,Federal,Marble,Botticino Beige,Honed,16,82.9,171.48,0.0,14215.69,Cash,Usman Tariq,Depot - Karachi,Cancelled,8.0
ORD103644,2025-11-28,CUST2424,Gujranwala,Punjab,Granite,Teri White,Polished,20,343.1,293.81,0.0,100806.21,Bank Transfer,Saad Iqbal,Depot - Multan,In Transit,9.0
ORD103044,2024-08-29,CUST1199,Karachi,Sindh,Granite,Indus Green,Polished,16,198.0,241.7,0.0,47856.6,Cash,Hamza Sheikh,Main Yard - Chiniot,Cancelled,7.0
ORD104652,2025-08-07,CUST2472,Karachi,Sindh,Marble,Indus Green,Polished,22,114.6,149.71,10.0,15441.09,Bank Transfer,Hamza Sheikh,Depot - Lahore,Cancelled,9.0
ORD103941,2025-01-24,CUST3499,Lahore,Punjab,Marble,Teri White,Flamed,22,130.7,196.25,5.0,24367.38,Credit (30 days),Tariq Mehmood,Depot - Lahore,Cancelled,11.0
ORD103465,2025-12-07,CUST2390,Sialkot,Punjab,Tile,Emperador Brown,Honed,22,75.5,105.42,0.0,7959.21,Bank Transfer,Fahad Malik,Depot - Karachi,Delivered,9.0
ORD100755,2025-07-25,CUST3122,Multan,Punjab,Marble,Emperador Brown,Leather,16,175.6,165.08,0.0,28988.05,Cash,Fahad Malik,Depot - Lahore,Delivered,12.0
ORD101983,2024-05-05,CUST2275,Chiniot,Punjab,Granite,Black Galaxy,Flamed,30,151.4,272.14,0.0,41202.0,Cheque,Fahad Malik,Depot - Lahore,Cancelled,6.0
ORD103642,2025-01-04,CUST1794,Sialkot,Punjab,Onyx,Chiniot Black,Polished,16,93.6,201.34,0.0,18845.42,Credit (30 days),Usman Tariq,Depot - Karachi,In Transit,9.0
ORD103223,2024-10-31,CUST2395,Sialkot,Punjab,Onyx,Indus Green,Honed,18,328.9,432.62,0.0,142288.72,Cash,Zain Abbas,Depot - Lahore,Delivered,8.0
ORD103446,2025-08-05,CUST2125,Gujranwala,Punjab,Tile,Indus Green,Polished,30,62.0,101.06,10.0,5639.15,Credit (30 days),Bilal Khan,Depot - Lahore,Cancelled,4.0
ORD102772,2024-05-10,CUST2971,Faisalabad,Punjab,Marble,Ziarat White,Bush Hammered,18,579.8,187.65,0.0,92479.55,Cash,Bilal Khan,Depot - Karachi,Delivered,8.0
ORD102867,2025-10-21,CUST2395,Multan,Punjab,Marble,Sunny Grey,Honed,30,268.6,217.46,0.0,58409.76,Credit (30 days),Zain Abbas,Depot - Karachi,Delivered,10.0
ORD104300,2025-02-10,CUST1566,Chiniot,Punjab,Tile,Emperador Brown,Polished,22,227.6,66.04,0.0,15030.7,Cash,Fahad Malik,Main Yard - Chiniot,Delivered,4.0
ORD103387,2024-05-08,CUST2330,Peshawar,KPK,Granite,Buff Marble,Flamed,16,154.7,269.14,0.0,41635.96,Credit (30 days),Tariq Mehmood,Depot - Karachi,Pending,6.0
ORD101949,2025-09-29,CUST1969,Islamabad,Federal,Granite,Chaghi Golden,Polished,20,219.2,301.74,10.0,59527.27,Credit (30 days),Tariq Mehmood,Depot - Lahore,Delivered,12.0
ORD104443,2025-04-26,CUST1332,Quetta,Balochistan,Marble,Rangeela Marble,Flamed,22,143.2,182.69,15.0,22237.03,Cash,Ahmed Raza,Depot - Karachi,Delivered,6.0
ORD100679,2024-12-23,CUST1860,Karachi,Sindh,Granite,Indus Green,Leather,22,159.3,239.29,10.0,34307.01,Cash,Ahmed Raza,Depot - Multan,In Transit,8.0
ORD100613,2024-10-29,CUST1098,Gujranwala,Punjab,Granite,Indus Green,Honed,18,149.8,286.4,10.0,38612.45,Cash,Tariq Mehmood,Depot - Karachi,Delivered,7.0
ORD102167,2025-02-17,CUST1097,Islamabad,Federal,Tile,Multi Red,Polished,30,71.9,93.36,0.0,6712.58,Cheque,Zain Abbas,Depot - Karachi,In Transit,8.0
ORD101820,2024-10-10,CUST1798,Faisalabad,Punjab,Marble,Indus Green,Bush Hammered,22,101.7,160.27,0.0,16299.46,Credit (30 days),Ahmed Raza,Depot - Lahore,In Transit,11.0
ORD103034,2025-07-05,CUST2411,Rawalpindi,Punjab,Granite,Chaghi Golden,Bush Hammered,18,48.9,296.76,0.0,14511.56,Cheque,Bilal Khan,Depot - Lahore,Delivered,4.0
ORD104716,2025-08-26,CUST1183,Chiniot,Punjab,Granite,Emperador Brown,Polished,16,105.7,266.19,0.0,28136.28,Cash,Fahad Malik,Depot - Lahore,In Transit,11.0
ORD103891,2024-06-10,CUST1906,Multan,Punjab,Onyx,Teri White,Bush Hammered,16,26.3,448.37,0.0,11792.13,Bank Transfer,Bilal Khan,Depot - Karachi,In Transit,3.0
ORD103013,2024-09-18,CUST1742,Lahore,Punjab,Granite,Botticino Beige,Polished,30,76.9,300.39,15.0,19634.99,Cash,Tariq Mehmood,Depot - Lahore,In Transit,9.0
ORD100737,2024-06-25,CUST2717,Faisalabad,Punjab,Marble,Emperador Brown,Leather,22,237.2,195.88,0.0,46462.74,Cash,Tariq Mehmood,Depot - Multan,Pending,7.0
ORD100925,2024-01-10,CUST1604,Lahore,Punjab,Marble,Black Galaxy,Polished,20,30.9,189.51,10.0,5270.27,Bank Transfer,Hamza Sheikh,Depot - Multan,Pending,8.0
ORD101190,2024-07-18,CUST2654,Sialkot,Punjab,Marble,Chiniot Black,Polished,18,84.4,150.21,0.0,12677.72,Bank Transfer,Tariq Mehmood,Depot - Karachi,Delivered,6.0
ORD100031,2025-09-16,CUST2654,Rawalpindi,Punjab,Granite,Botticino Beige,Polished,18,338.1,267.49,0.0,90438.37,Cash,Saad Iqbal,Depot - Multan,Delivered,7.0
ORD101127,2024-12-07,CUST1880,Sialkot,Punjab,Tile,Ziarat White,Flamed,22,278.2,97.9,0.0,27235.78,Cheque,Zain Abbas,Depot - Lahore,In Transit,10.0
ORD101934,2025-03-08,CUST1420,Peshawar,KPK,Granite,Chaghi Golden,Polished,16,154.1,246.64,0.0,38007.22,Bank Transfer,Usman Tariq,Depot - Lahore,Delivered,7.0
ORD102227,2024-07-07,CUST2587,Peshawar,KPK,Marble,Botticino Beige,Leather,30,21.7,175.36,0.0,3805.31,Cheque,Usman Tariq,Depot - Lahore,In Transit,7.0
ORD102589,2024-12-22,CUST1444,Islamabad,Federal,Granite,Indus Green,Leather,20,187.6,329.4,0.0,61795.44,Cash,Fahad Malik,Depot - Lahore,Pending,11.0
ORD103784,2025-01-10,CUST2336,Mianwali,Punjab,Granite,Black Galaxy,Honed,16,85.5,199.56,0.0,17062.38,Cash,Ahmed Raza,Main Yard - Chiniot,Pending,8.0
ORD102913,2025-01-08,CUST2009,Lahore,Punjab,Marble,Multi Red,Flamed,22,79.5,201.55,5.0,15222.06,Bank Transfer,Fahad Malik,Depot - Karachi,Delivered,6.0
ORD103988,2025-10-06,CUST2874,Lahore,Punjab,Marble,Teri White,Honed,30,212.0,161.23,0.0,34180.76,Cheque,Ahmed Raza,Depot - Multan,Delivered,9.0
ORD104013,2025-05-15,CUST1485,Islamabad,Federal,Marble,Emperador Brown,Polished,20,191.2,142.26,0.0,27200.11,Cash,Usman Tariq,Depot - Karachi,In Transit,6.0
ORD101863,2024-08-14,CUST2108,Chiniot,Punjab,Marble,Botticino Beige,Polished,22,53.9,230.88,0.0,12444.43,Credit (30 days),Ahmed Raza,Main Yard - Chiniot,Delivered,8.0
ORD103850,2024-11-20,CUST1790,Multan,Punjab,Marble,Chaghi Golden,Honed,20,63.2,228.34,0.0,14431.09,Cash,Saad Iqbal,Main Yard - Chiniot,Delivered,8.0
ORD102405,2025-06-03,CUST1077,Karachi,Sindh,Marble,Multi Red,Flamed,30,34.5,247.98,0.0,8555.31,Bank Transfer,Saad Iqbal,Main Yard - Chiniot,Delivered,6.0
ORD102448,2025-02-05,CUST2037,Islamabad,Federal,Marble,Botticino Beige,Polished,16,30.8,218.03,0.0,6715.32,Cash,Bilal Khan,Depot - Multan,Pending,8.0
ORD103984,2024-06-08,CUST2894,Mianwali,Punjab,Marble,Teri White,Honed,16,36.3,190.21,0.0,6904.62,Cash,Zain Abbas,Main Yard - Chiniot,Delivered,6.0
ORD101539,2024-11-20,CUST3063,Quetta,Balochistan,Marble,Buff Marble,Polished,16,251.2,202.07,0.0,50759.98,Cheque,Tariq Mehmood,Depot - Karachi,Delivered,7.0
ORD101670,2025-07-22,CUST1463,Quetta,Balochistan,Tile,Chaghi Golden,Polished,22,138.9,86.07,0.0,11955.12,Cash,Usman Tariq,Depot - Karachi,Delivered,7.0
ORD101457,2024-01-12,CUST2088,Sialkot,Punjab,Marble,Indus Green,Polished,18,63.0,213.58,0.0,13455.54,Bank Transfer,Usman Tariq,Depot - Karachi,Delivered,6.0
ORD101772,2024-03-21,CUST2403,Multan,Punjab,Tile,Indus Green,Honed,22,113.8,107.34,0.0,12215.29,Bank Transfer,Zain Abbas,Depot - Multan,Delivered,7.0
ORD102291,2025-01-27,CUST2216,Karachi,Sindh,Granite,Chaghi Golden,Flamed,18,93.0,258.16,0.0,24008.88,Cash,Saad Iqbal,Depot - Multan,In Transit,7.0
ORD104524,2024-09-24,CUST1294,Rawalpindi,Punjab,Marble,Emperador Brown,Polished,22,61.2,201.43,0.0,12327.52,Cash,Bilal Khan,Depot - Lahore,In Transit,8.0
ORD101610,2025-08-17,CUST2024,Sialkot,Punjab,Onyx,Emperador Brown,Polished,18,34.9,338.58,0.0,11816.44,Cash,Ahmed Raza,Depot - Karachi,Pending,8.0
ORD100548,2025-08-30,CUST3055,Faisalabad,Punjab,Marble,Buff Marble,Leather,22,243.6,210.9,0.0,51375.24,Bank Transfer,Tariq Mehmood,Depot - Multan,In Transit,7.0
ORD100153,2025-01-04,CUST1150,Chiniot,Punjab,Granite,Chiniot Black,Polished,30,63.1,303.29,0.0,19137.6,Cash,Ahmed Raza,Depot - Karachi,Pending,6.0
ORD103165,2025-12-08,CUST2978,Lahore,Punjab,Marble,Emperador Brown,Honed,20,84.3,168.02,5.0,13455.88,Credit (30 days),Fahad Malik,Main Yard - Chiniot,Delivered,10.0
ORD101255,2025-12-12,CUST2874,Rawalpindi,Punjab,Onyx,Chaghi Golden,Honed,16,78.6,350.16,0.0,27522.58,Credit (30 days),Bilal Khan,Main Yard - Chiniot,Delivered,3.0
ORD101709,2024-01-31,CUST1562,Lahore,Punjab,Onyx,Chiniot Black,Honed,16,390.2,408.29,0.0,159314.76,Bank Transfer,Saad Iqbal,Depot - Multan,Delivered,6.0
ORD104669,2025-02-14,CUST3350,Quetta,Balochistan,Marble,Teri White,Honed,18,163.1,191.27,0.0,31196.14,Cash,Tariq Mehmood,Depot - Karachi,Cancelled,5.0
ORD102408,2024-06-04,CUST2988,Multan,Punjab,Marble,Buff Marble,Polished,18,143.3,188.35,0.0,26990.56,Credit (30 days),Hamza Sheikh,Depot - Karachi,Delivered,7.0
ORD104088,2024-11-17,CUST2366,Chiniot,Punjab,Marble,Teri White,Polished,18,154.4,176.85,0.0,27305.64,Cheque,Ahmed Raza,Depot - Karachi,Delivered,7.0
ORD104274,2024-10-15,CUST2678,Chiniot,Punjab,Marble,Sunny Grey,Polished,22,217.7,254.36,0.0,55374.17,Cash,Hamza Sheikh,Depot - Lahore,Delivered,6.0
ORD103176,2025-10-25,CUST1236,Quetta,Balochistan,Onyx,Rangeela Marble,Honed,18,323.4,456.16,5.0,140146.04,Credit (30 days),Fahad Malik,Main Yard - Chiniot,Cancelled,7.0
ORD104875,2025-08-28,CUST1409,Lahore,Punjab,Marble,Botticino Beige,Bush Hammered,20,40.4,177.9,0.0,7187.16,Cash,Ahmed Raza,Depot - Lahore,Delivered,12.0
ORD104821,2025-01-05,CUST2845,Lahore,Punjab,Marble,Rangeela Marble,Polished,22,51.7,187.86,0.0,9712.36,Bank Transfer,Zain Abbas,Depot - Lahore,Cancelled,8.0
ORD100624,2024-07-15,CUST3228,Karachi,Sindh,Marble,Indus Green,Polished,18,192.8,177.23,5.0,32461.45,Cash,Zain Abbas,Depot - Multan,Delivered,9.0
ORD104482,2024-04-05,CUST2077,Islamabad,Federal,Marble,Ziarat White,Polished,16,225.5,166.29,0.0,37498.39,Bank Transfer,Ahmed Raza,Depot - Multan,In Transit,11.0
ORD103368,2025-03-26,CUST3325,Chiniot,Punjab,Tile,Chaghi Golden,Honed,16,229.8,103.67,0.0,23823.37,Cheque,Bilal Khan,Depot - Lahore,Cancelled,11.0
ORD100209,2025-02-24,CUST3381,Sialkot,Punjab,Marble,Indus Green,Leather,30,31.8,226.84,0.0,7213.51,Bank Transfer,Ahmed Raza,Depot - Karachi,Delivered,9.0
ORD101440,2024-06-14,CUST2308,Faisalabad,Punjab,Onyx,Teri White,Leather,16,227.9,325.22,0.0,74117.64,Cash,Bilal Khan,Main Yard - Chiniot,Pending,5.0
ORD102655,2025-10-23,CUST2072,Gujranwala,Punjab,Granite,Emperador Brown,Honed,20,145.3,266.48,0.0,38719.54,Bank Transfer,Saad Iqbal,Depot - Karachi,In Transit,6.0
ORD101752,2024-10-09,CUST1521,Peshawar,KPK,Tile,Chaghi Golden,Polished,20,108.5,69.48,0.0,7538.58,Cash,Bilal Khan,Depot - Karachi,In Transit,8.0
ORD102288,2025-11-15,CUST2172,Mianwali,Punjab,Tile,Chaghi Golden,Polished,16,280.2,102.77,0.0,27356.35,Cash,Bilal Khan,Depot - Lahore,Delivered,7.0
ORD102028,2025-01-30,CUST1608,Quetta,Balochistan,Granite,Multi Red,Honed,18,52.4,216.88,0.0,11364.51,Cash,Saad Iqbal,Depot - Lahore,Delivered,6.0
ORD102401,2025-06-05,CUST2099,Karachi,Sindh,Marble,Buff Marble,Polished,20,222.8,190.88,0.0,42528.06,Cash,Fahad Malik,Depot - Multan,Delivered,3.0
ORD102548,2024-10-10,CUST1318,Lahore,Punjab,Marble,Botticino Beige,Polished,22,145.0,164.77,5.0,22697.07,Cheque,Tariq Mehmood,Depot - Multan,Delivered,7.0
ORD104069,2024-11-20,CUST2688,Quetta,Balochistan,Marble,Rangeela Marble,Polished,22,126.1,137.89,5.0,16518.53,Cash,Fahad Malik,Depot - Lahore,Pending,7.0
ORD100489,2025-10-13,CUST2050,Rawalpindi,Punjab,Granite,Chiniot Black,Polished,30,76.0,248.48,0.0,18884.48,Bank Transfer,Saad Iqbal,Depot - Karachi,In Transit,10.0
ORD101923,2025-03-02,CUST2540,Multan,Punjab,Marble,Rangeela Marble,Honed,18,91.7,201.55,15.0,15709.81,Cash,Bilal Khan,Main Yard - Chiniot,Delivered,10.0
ORD100562,2025-12-17,CUST2636,Chiniot,Punjab,Onyx,Teri White,Bush Hammered,16,90.1,512.06,5.0,43829.78,Cash,Tariq Mehmood,Main Yard - Chiniot,Delivered,6.0
ORD104650,2024-02-17,CUST2459,Gujranwala,Punjab,Tile,Buff Marble,Polished,18,88.4,107.62,0.0,9513.61,Cash,Usman Tariq,Depot - Lahore,Pending,8.0
ORD104950,2024-07-31,CUST1438,Faisalabad,Punjab,Tile,Rangeela Marble,Bush Hammered,20,161.9,106.92,0.0,17310.35,Credit (30 days),Saad Iqbal,Main Yard - Chiniot,Pending,7.0
ORD100574,2024-04-26,CUST2556,Faisalabad,Punjab,Granite,Botticino Beige,Polished,20,358.8,250.6,10.0,80923.75,Bank Transfer,Zain Abbas,Main Yard - Chiniot,Delivered,5.0
ORD102965,2024-03-16,CUST2358,Rawalpindi,Punjab,Marble,Ziarat White,Polished,18,150.8,176.55,0.0,26623.74,Cash,Saad Iqbal,Depot - Karachi,In Transit,8.0
ORD102447,2025-11-05,CUST2441,Chiniot,Punjab,Marble,Chaghi Golden,Honed,20,87.7,178.03,0.0,15613.23,Bank Transfer,Bilal Khan,Depot - Karachi,Delivered,9.0
ORD102521,2024-02-28,CUST1466,Mianwali,Punjab,Onyx,Rangeela Marble,Bush Hammered,16,165.2,460.21,0.0,76026.69,Cash,Ahmed Raza,Depot - Lahore,Delivered,10.0
ORD104772,2024-03-28,CUST2374,Rawalpindi,Punjab,Tile,Botticino Beige,Leather,30,147.7,115.12,0.0,17003.22,Cash,Zain Abbas,Main Yard - Chiniot,Cancelled,6.0
ORD103129,2025-04-06,CUST1931,Rawalpindi,Punjab,Marble,Ziarat White,Bush Hammered,30,79.4,235.08,15.0,15865.55,Credit (30 days),Zain Abbas,Depot - Lahore,Delivered,12.0
ORD101514,2024-04-08,CUST2280,Rawalpindi,Punjab,Marble,Teri White,Flamed,30,54.0,180.5,0.0,9747.0,Credit (30 days),Zain Abbas,Main Yard - Chiniot,Delivered,7.0
ORD100899,2025-02-26,CUST3126,Chiniot,Punjab,Onyx,Black Galaxy,Flamed,22,145.7,357.34,0.0,52064.44,Bank Transfer,Usman Tariq,Depot - Lahore,Pending,9.0
ORD104687,2024-03-10,CUST3125,Rawalpindi,Punjab,Marble,Indus Green,Polished,18,159.3,190.82,0.0,30397.63,Cash,Usman Tariq,Depot - Karachi,Cancelled,6.0
ORD100845,2024-08-23,CUST2242,Chiniot,Punjab,Marble,Black Galaxy,Leather,30,149.7,175.38,0.0,26254.39,Cheque,Zain Abbas,Depot - Lahore,Pending,8.0
ORD100161,2024-12-01,CUST3339,Sialkot,Punjab,Marble,Chaghi Golden,Polished,30,102.5,177.73,0.0,18217.32,Bank Transfer,Hamza Sheikh,Depot - Lahore,Delivered,6.0
ORD103467,2024-05-12,CUST1571,Rawalpindi,Punjab,Marble,Indus Green,Bush Hammered,30,294.4,163.82,0.0,48228.61,Credit (30 days),Fahad Malik,Depot - Karachi,Delivered,6.0
ORD104534,2025-07-19,CUST1583,Mianwali,Punjab,Granite,Botticino Beige,Honed,18,85.1,234.72,0.0,19974.67,Bank Transfer,Hamza Sheikh,Depot - Multan,Pending,6.0
ORD100711,2024-08-17,CUST2929,Chiniot,Punjab,Marble,Emperador Brown,Honed,30,20.0,203.89,5.0,3873.91,Credit (30 days),Zain Abbas,Depot - Multan,Pending,5.0
ORD101344,2024-07-29,CUST1177,Chiniot,Punjab,Marble,Emperador Brown,Polished,16,74.3,213.82,0.0,15886.83,Cheque,Bilal Khan,Depot - Karachi,Cancelled,10.0
ORD100544,2025-05-26,CUST2677,Rawalpindi,Punjab,Marble,Rangeela Marble,Polished,16,336.0,170.86,0.0,57408.96,Bank Transfer,Ahmed Raza,Depot - Multan,Cancelled,3.0
ORD101107,2025-07-31,CUST1290,Islamabad,Federal,Marble,Rangeela Marble,Polished,30,28.3,223.73,0.0,6331.56,Cash,Zain Abbas,Main Yard - Chiniot,Cancelled,11.0
ORD104162,2025-09-11,CUST1542,Karachi,Sindh,Marble,Botticino Beige,Honed,16,202.1,189.65,0.0,38328.26,Cash,Bilal Khan,Depot - Karachi,Cancelled,6.0
ORD102817,2025-07-06,CUST3459,Mianwali,Punjab,Onyx,Buff Marble,Polished,18,107.2,485.26,5.0,49418.88,Cash,Hamza Sheikh,Depot - Lahore,Pending,6.0
ORD102995,2025-12-21,CUST1590,Faisalabad,Punjab,Marble,Botticino Beige,Polished,20,130.5,196.75,0.0,25675.88,Credit (30 days),Tariq Mehmood,Depot - Lahore,Delivered,9.0
ORD104565,2025-11-16,CUST2013,Gujranwala,Punjab,Marble,Rangeela Marble,Flamed,20,138.0,185.54,0.0,25604.52,Cheque,Tariq Mehmood,Depot - Multan,Delivered,6.0
ORD103877,2024-10-26,CUST1598,Multan,Punjab,Marble,Teri White,Flamed,16,181.0,154.11,0.0,27893.91,Cash,Hamza Sheikh,Depot - Karachi,Delivered,9.0
ORD100272,2024-05-20,CUST3087,Lahore,Punjab,Marble,Ziarat White,Polished,20,215.2,164.34,10.0,31829.37,Cash,Fahad Malik,Depot - Karachi,Delivered,10.0
ORD103583,2024-09-08,CUST1992,Faisalabad,Punjab,Onyx,Chaghi Golden,Honed,18,222.9,393.17,0.0,87637.59,Cheque,Hamza Sheikh,Depot - Karachi,Cancelled,7.0
ORD101489,2025-09-12,CUST2200,Quetta,Balochistan,Tile,Rangeela Marble,Polished,22,139.6,92.44,0.0,12904.62,Cash,Zain Abbas,Depot - Karachi,Delivered,7.0
ORD102414,2024-01-12,CUST1337,Faisalabad,Punjab,Marble,Buff Marble,Polished,30,77.3,242.89,5.0,17836.63,Cheque,Hamza Sheikh,Depot - Karachi,Pending,7.0
ORD102222,2025-09-03,CUST2783,Islamabad,Federal,Onyx,Ziarat White,Polished,30,78.4,515.27,0.0,40397.17,Cheque,Fahad Malik,Main Yard - Chiniot,In Transit,8.0
ORD101645,2025-06-27,CUST3250,Islamabad,Federal,Marble,Sunny Grey,Honed,22,119.4,196.83,0.0,23501.5,Credit (30 days),Saad Iqbal,Depot - Lahore,In Transit,7.0
ORD104954,2024-05-28,CUST2145,Lahore,Punjab,Marble,Indus Green,Leather,16,79.9,193.47,0.0,15458.25,Credit (30 days),Zain Abbas,Depot - Lahore,Delivered,8.0
ORD102494,2024-04-24,CUST1745,Chiniot,Punjab,Marble,Botticino Beige,Polished,30,106.1,178.29,0.0,18916.57,Credit (30 days),Fahad Malik,Depot - Karachi,Delivered,11.0
ORD103699,2024-11-10,CUST3250,Lahore,Punjab,Marble,Black Galaxy,Polished,22,36.9,166.68,0.0,6150.49,Cheque,Bilal Khan,Depot - Multan,Pending,8.0
ORD104649,2024-01-29,CUST3429,Chiniot,Punjab,Marble,Botticino Beige,Polished,18,109.9,146.44,0.0,16093.76,Credit (30 days),Usman Tariq,Main Yard - Chiniot,Cancelled,8.0
ORD101907,2024-10-30,CUST3323,Peshawar,KPK,Granite,Buff Marble,Polished,22,192.0,334.91,0.0,64302.72,Credit (30 days),Ahmed Raza,Main Yard - Chiniot,Cancelled,8.0
ORD103378,2024-09-15,CUST3266,Sialkot,Punjab,Marble,Black Galaxy,Leather,18,50.3,114.94,15.0,4914.26,Cash,Saad Iqbal,Depot - Lahore,Pending,9.0
ORD104623,2025-10-19,CUST1726,Chiniot,Punjab,Tile,Teri White,Polished,18,268.5,69.5,0.0,18660.75,Bank Transfer,Saad Iqbal,Depot - Lahore,In Transit,9.0
ORD101912,2025-08-03,CUST1050,Peshawar,KPK,Marble,Teri White,Honed,16,20.0,184.54,0.0,3690.8,Credit (30 days),Fahad Malik,Main Yard - Chiniot,Delivered,11.0
ORD103008,2025-01-06,CUST1918,Faisalabad,Punjab,Marble,Chiniot Black,Polished,30,20.0,209.18,0.0,4183.6,Bank Transfer,Tariq Mehmood,Main Yard - Chiniot,Delivered,5.0
ORD101556,2025-02-26,CUST2717,Lahore,Punjab,Marble,Botticino Beige,Honed,16,67.5,156.43,0.0,10559.02,Cash,Usman Tariq,Depot - Multan,Pending,12.0
ORD104318,2024-12-15,CUST1836,Mianwali,Punjab,Marble,Chiniot Black,Honed,30,194.8,205.43,0.0,40017.76,Cash,Zain Abbas,Depot - Lahore,In Transit,3.0
ORD102761,2024-09-22,CUST2937,Mianwali,Punjab,Marble,Chiniot Black,Honed,30,22.7,239.82,0.0,5443.91,Cash,Tariq Mehmood,Depot - Multan,Delivered,8.0
ORD102667,2025-08-14,CUST2054,Rawalpindi,Punjab,Marble,Emperador Brown,Honed,18,175.4,129.48,10.0,20439.71,Cash,Usman Tariq,Depot - Lahore,Delivered,7.0
ORD100192,2024-05-04,CUST1834,Peshawar,KPK,Granite,Sunny Grey,Polished,18,157.3,214.52,0.0,33744.0,Bank Transfer,Zain Abbas,Depot - Multan,Delivered,4.0
ORD103301,2024-05-08,CUST1816,Lahore,Punjab,Marble,Ziarat White,Honed,20,84.5,116.65,0.0,9856.93,Cash,Tariq Mehmood,Main Yard - Chiniot,Delivered,4.0
ORD101571,2025-05-10,CUST2548,Multan,Punjab,Marble,Indus Green,Leather,18,50.0,224.89,0.0,11244.5,Cash,Hamza Sheikh,Depot - Lahore,Delivered,4.0
ORD102712,2025-05-24,CUST2932,Islamabad,Federal,Tile,Sunny Grey,Polished,30,72.5,111.05,10.0,7246.01,Bank Transfer,Bilal Khan,Depot - Lahore,Cancelled,5.0
ORD101162,2024-10-08,CUST1809,Multan,Punjab,Onyx,Multi Red,Bush Hammered,16,127.1,445.13,10.0,50918.42,Cash,Saad Iqbal,Main Yard - Chiniot,Cancelled,4.0
ORD102463,2024-02-16,CUST3366,Faisalabad,Punjab,Marble,Indus Green,Leather,22,36.1,200.83,0.0,7249.96,Cheque,Fahad Malik,Depot - Lahore,Delivered,3.0
ORD100609,2024-02-28,CUST2612,Quetta,Balochistan,Granite,Sunny Grey,Polished,16,62.3,299.34,0.0,18648.88,Cash,Bilal Khan,Main Yard - Chiniot,Delivered,7.0
ORD101661,2024-10-08,CUST1081,Lahore,Punjab,Tile,Rangeela Marble,Bush Hammered,30,109.6,91.84,5.0,9562.38,Cash,Usman Tariq,Depot - Karachi,Delivered,7.0
ORD100996,2024-07-14,CUST2106,Multan,Punjab,Marble,Botticino Beige,Polished,22,26.1,182.22,0.0,4755.94,Cheque,Bilal Khan,Main Yard - Chiniot,Delivered,9.0
ORD100337,2024-02-11,CUST1168,Islamabad,Federal,Granite,Chaghi Golden,Honed,16,102.9,232.61,0.0,23935.57,Credit (30 days),Tariq Mehmood,Depot - Karachi,Delivered,7.0
ORD104135,2025-04-16,CUST2824,Islamabad,Federal,Onyx,Rangeela Marble,Leather,30,389.4,392.29,0.0,152757.73,Bank Transfer,Ahmed Raza,Main Yard - Chiniot,Delivered,11.0
ORD104890,2024-09-22,CUST1415,Karachi,Sindh,Granite,Botticino Beige,Polished,16,253.9,307.77,0.0,78142.8,Bank Transfer,Usman Tariq,Depot - Karachi,In Transit,8.0
ORD101445,2024-06-03,CUST3176,Rawalpindi,Punjab,Marble,Ziarat White,Polished,30,45.0,186.24,5.0,7961.76,Bank Transfer,Fahad Malik,Depot - Multan,In Transit,6.0
ORD102621,2024-03-21,CUST2363,Multan,Punjab,Granite,Chaghi Golden,Polished,16,229.6,306.42,0.0,70354.03,Cheque,Usman Tariq,Depot - Karachi,In Transit,9.0
ORD103093,2025-11-03,CUST2608,Sialkot,Punjab,Marble,Chiniot Black,Leather,22,145.8,158.62,0.0,23126.8,Cash,Fahad Malik,Depot - Multan,Cancelled,8.0
ORD103017,2024-12-30,CUST3406,Sialkot,Punjab,Granite,Indus Green,Polished,18,142.3,245.36,0.0,34914.73,Credit (30 days),Saad Iqbal,Main Yard - Chiniot,Cancelled,9.0
ORD102948,2025-02-04,CUST1025,Islamabad,Federal,Marble,Chaghi Golden,Polished,20,276.2,164.74,0.0,45501.19,Cash,Saad Iqbal,Depot - Karachi,Delivered,14.0
ORD102826,2024-10-10,CUST1204,Multan,Punjab,Tile,Indus Green,Honed,20,78.2,97.46,0.0,7621.37,Bank Transfer,Bilal Khan,Depot - Lahore,Pending,5.0
ORD102573,2025-02-26,CUST3138,Multan,Punjab,Marble,Indus Green,Flamed,30,322.1,187.38,0.0,60355.1,Credit (30 days),Tariq Mehmood,Depot - Karachi,Delivered,8.0
ORD103080,2025-07-01,CUST2411,Islamabad,Federal,Marble,Chaghi Golden,Polished,30,135.5,221.38,0.0,29996.99,Cash,Ahmed Raza,Depot - Multan,Delivered,5.0
ORD100773,2024-08-26,CUST3160,Lahore,Punjab,Marble,Emperador Brown,Polished,16,67.3,144.54,0.0,9727.54,Cash,Tariq Mehmood,Depot - Lahore,In Transit,6.0
ORD102048,2025-02-26,CUST2349,Gujranwala,Punjab,Marble,Teri White,Polished,22,23.9,165.98,0.0,3966.92,Credit (30 days),Ahmed Raza,Depot - Multan,Pending,8.0
ORD102047,2025-06-13,CUST1452,Lahore,Punjab,Marble,Botticino Beige,Polished,20,52.5,114.5,0.0,6011.25,Credit (30 days),Fahad Malik,Depot - Lahore,In Transit,8.0
ORD104553,2024-03-03,CUST2052,Rawalpindi,Punjab,Marble,Teri White,Polished,16,218.3,194.93,0.0,42553.22,Cheque,Usman Tariq,Depot - Lahore,Delivered,6.0
ORD101234,2024-01-16,CUST2903,Mianwali,Punjab,Granite,Ziarat White,Honed,16,32.3,270.63,5.0,8304.28,Cheque,Bilal Khan,Depot - Lahore,Delivered,13.0
ORD101028,2025-04-19,CUST2239,Chiniot,Punjab,Marble,Ziarat White,Polished,30,71.4,204.35,0.0,14590.59,Bank Transfer,Ahmed Raza,Main Yard - Chiniot,Delivered,9.0
ORD104658,2025-07-01,CUST2794,Quetta,Balochistan,Onyx,Emperador Brown,Honed,30,83.6,609.61,5.0,48415.23,Cheque,Bilal Khan,Main Yard - Chiniot,Delivered,9.0
ORD100782,2024-09-22,CUST3324,Chiniot,Punjab,Marble,Sunny Grey,Honed,30,149.5,153.27,0.0,22913.86,Cash,Usman Tariq,Depot - Multan,Delivered,5.0
ORD104814,2024-10-19,CUST3104,Lahore,Punjab,Marble,Indus Green,Polished,20,72.0,158.28,5.0,10826.35,Cash,Fahad Malik,Depot - Karachi,Delivered,10.0
ORD101156,2024-10-13,CUST1715,Sialkot,Punjab,Tile,Indus Green,Polished,22,266.2,93.24,0.0,24820.49,Cash,Hamza Sheikh,Depot - Lahore,Delivered,7.0
ORD104817,2025-08-18,CUST1639,Rawalpindi,Punjab,Marble,Teri White,Polished,18,105.7,121.35,0.0,12826.7,Cheque,Fahad Malik,Depot - Lahore,In Transit,6.0
ORD101385,2025-11-05,CUST2046,Gujranwala,Punjab,Marble,Sunny Grey,Polished,20,273.8,202.38,0.0,55411.64,Cash,Bilal Khan,Main Yard - Chiniot,Delivered,8.0
ORD101690,2025-02-12,CUST1244,Islamabad,Federal,Granite,Buff Marble,Bush Hammered,30,77.6,419.17,0.0,32527.59,Cheque,Zain Abbas,Depot - Karachi,Pending,3.0
ORD102002,2025-12-06,CUST3254,Karachi,Sindh,Granite,Black Galaxy,Flamed,18,25.9,262.11,0.0,6788.65,Bank Transfer,Saad Iqbal,Depot - Karachi,Delivered,6.0
ORD102289,2025-04-19,CUST3281,Multan,Punjab,Marble,Botticino Beige,Leather,18,248.5,164.16,0.0,40793.76,Cash,Zain Abbas,Depot - Multan,Delivered,8.0
ORD101715,2025-11-20,CUST2771,Lahore,Punjab,Marble,Rangeela Marble,Polished,16,419.9,195.62,0.0,82140.84,Bank Transfer,Fahad Malik,Depot - Karachi,In Transit,7.0
ORD101158,2025-04-30,CUST3076,Islamabad,Federal,Marble,Black Galaxy,Flamed,18,248.4,184.75,0.0,45891.9,Cash,Zain Abbas,Depot - Karachi,Delivered,9.0
ORD103403,2025-07-01,CUST3322,Rawalpindi,Punjab,Onyx,Sunny Grey,Flamed,22,106.6,492.19,0.0,52467.45,Cash,Saad Iqbal,Depot - Karachi,Delivered,8.0
ORD103195,2025-04-20,CUST2178,Sialkot,Punjab,Granite,Chaghi Golden,Polished,16,71.3,234.83,0.0,16743.38,Credit (30 days),Fahad Malik,Depot - Lahore,Cancelled,4.0
ORD103426,2024-05-10,CUST1749,Multan,Punjab,Marble,Chiniot Black,Polished,20,268.5,208.47,0.0,55974.2,Cheque,Ahmed Raza,Depot - Karachi,Delivered,5.0
ORD102645,2024-08-02,CUST2596,Rawalpindi,Punjab,Marble,Sunny Grey,Honed,30,34.4,197.39,0.0,6790.22,Cash,Zain Abbas,Depot - Karachi,Delivered,8.0
ORD103140,2025-03-23,CUST2403,Lahore,Punjab,Marble,Teri White,Flamed,18,297.6,183.56,15.0,46433.34,Bank Transfer,Fahad Malik,Depot - Karachi,Delivered,6.0
ORD102407,2025-03-16,CUST3417,Peshawar,KPK,Marble,Botticino Beige,Flamed,22,40.3,191.06,5.0,7314.73,Cash,Bilal Khan,Depot - Lahore,Pending,8.0
ORD102978,2024-01-17,CUST1950,Sialkot,Punjab,Marble,Emperador Brown,Leather,16,29.7,234.19,0.0,6955.44,Cash,Hamza Sheikh,Depot - Multan,Delivered,6.0
ORD102620,2024-12-17,CUST1871,Sialkot,Punjab,Marble,Black Galaxy,Polished,30,173.7,177.41,0.0,30816.12,Bank Transfer,Ahmed Raza,Depot - Karachi,Delivered,8.0
ORD100663,2024-07-18,CUST1723,Islamabad,Federal,Marble,Botticino Beige,Honed,20,30.0,169.91,0.0,5097.3,Cash,Bilal Khan,Depot - Karachi,Delivered,6.0
ORD104556,2025-08-09,CUST3195,Islamabad,Federal,Marble,Botticino Beige,Honed,20,125.2,148.43,0.0,18583.44,Bank Transfer,Fahad Malik,Depot - Karachi,Delivered,12.0
ORD102975,2025-01-15,CUST1330,Chiniot,Punjab,Marble,Chaghi Golden,Polished,20,243.9,232.76,0.0,56770.16,Cash,Fahad Malik,Depot - Lahore,In Transit,7.0
ORD100491,2024-05-21,CUST2301,Multan,Punjab,Marble,Teri White,Polished,22,130.2,184.29,0.0,23994.56,Credit (30 days),Hamza Sheikh,Depot - Lahore,In Transit,10.0
ORD101767,2025-09-21,CUST2777,Peshawar,KPK,Granite,Indus Green,Honed,20,87.7,284.19,15.0,21184.94,Cash,Zain Abbas,Main Yard - Chiniot,In Transit,8.0
ORD101564,2024-08-23,CUST1301,Faisalabad,Punjab,Marble,Rangeela Marble,Polished,18,59.5,216.01,0.0,12852.6,Bank Transfer,Usman Tariq,Depot - Multan,In Transit,4.0
ORD100215,2024-06-27,CUST1777,Peshawar,KPK,Granite,Multi Red,Polished,30,277.7,231.99,0.0,64423.62,Cash,Zain Abbas,Depot - Lahore,Cancelled,2.0
ORD103863,2025-01-24,CUST1976,Sialkot,Punjab,Onyx,Ziarat White,Polished,20,54.2,446.43,5.0,22986.68,Cash,Hamza Sheikh,Depot - Lahore,Delivered,8.0
ORD101852,2025-06-13,CUST1710,Chiniot,Punjab,Granite,Botticino Beige,Flamed,20,96.5,230.22,5.0,21105.42,Bank Transfer,Fahad Malik,Main Yard - Chiniot,Delivered,10.0
ORD101768,2025-01-17,CUST3141,Sialkot,Punjab,Tile,Emperador Brown,Leather,20,52.0,98.97,0.0,5146.44,Bank Transfer,Fahad Malik,Main Yard - Chiniot,Delivered,9.0
ORD104547,2024-04-05,CUST1947,Sialkot,Punjab,Onyx,Emperador Brown,Bush Hammered,18,20.0,481.51,0.0,9630.2,Bank Transfer,Ahmed Raza,Depot - Karachi,Delivered,7.0
ORD102243,2025-07-04,CUST2542,Multan,Punjab,Marble,Chiniot Black,Polished,30,24.5,254.66,0.0,6239.17,Bank Transfer,Tariq Mehmood,Depot - Karachi,Delivered,7.0
ORD102893,2025-06-06,CUST1694,Sialkot,Punjab,Granite,Ziarat White,Honed,16,168.7,240.35,0.0,40547.04,Credit (30 days),Bilal Khan,Main Yard - Chiniot,Cancelled,6.0
ORD101943,2025-11-04,CUST1742,Mianwali,Punjab,Onyx,Ziarat White,Polished,22,41.4,350.48,15.0,12333.39,Credit (30 days),Ahmed Raza,Main Yard - Chiniot,In Transit,8.0
ORD103957,2024-08-28,CUST2690,Mianwali,Punjab,Marble,Rangeela Marble,Polished,16,20.0,125.24,5.0,2379.56,Bank Transfer,Hamza Sheikh,Main Yard - Chiniot,Delivered,5.0
ORD100964,2025-05-08,CUST1481,Quetta,Balochistan,Marble,Rangeela Marble,Polished,16,93.0,194.62,0.0,18099.66,Cash,Ahmed Raza,Depot - Multan,Pending,13.0
ORD100336,2025-12-30,CUST3441,Lahore,Punjab,Onyx,Indus Green,Polished,18,198.6,408.65,10.0,73042.1,Cash,Tariq Mehmood,Depot - Multan,Pending,9.0
ORD101889,2024-11-13,CUST1445,Karachi,Sindh,Granite,Chaghi Golden,Honed,30,37.4,314.37,0.0,11757.44,Bank Transfer,Tariq Mehmood,Depot - Karachi,Delivered,4.0
ORD103710,2024-09-16,CUST3195,Lahore,Punjab,Granite,Sunny Grey,Polished,20,55.5,313.69,0.0,17409.79,Cash,Zain Abbas,Depot - Multan,Delivered,7.0
ORD104700,2025-10-05,CUST1419,Gujranwala,Punjab,Tile,Botticino Beige,Polished,16,55.9,112.82,0.0,6306.64,Cash,Fahad Malik,Depot - Karachi,In Transit,5.0
ORD104509,2025-05-22,CUST1371,Karachi,Sindh,Marble,Chiniot Black,Polished,22,61.8,218.05,0.0,13475.49,Credit (30 days),Fahad Malik,Depot - Lahore,Delivered,6.0
ORD100401,2024-10-05,CUST2384,Rawalpindi,Punjab,Marble,Botticino Beige,Polished,20,158.2,195.61,0.0,30945.5,Bank Transfer,Usman Tariq,Depot - Lahore,Delivered,7.0
ORD101276,2025-06-02,CUST1511,Karachi,Sindh,Marble,Rangeela Marble,Flamed,22,35.9,204.54,0.0,7342.99,Cash,Fahad Malik,Depot - Karachi,In Transit,6.0
ORD100402,2024-11-03,CUST2568,Rawalpindi,Punjab,Granite,Chiniot Black,Flamed,20,313.0,248.76,0.0,77861.88,Cash,Zain Abbas,Main Yard - Chiniot,Delivered,7.0
ORD100558,2025-10-15,CUST3293,Gujranwala,Punjab,Marble,Emperador Brown,Polished,16,161.9,191.13,10.0,27849.55,Bank Transfer,Usman Tariq,Main Yard - Chiniot,In Transit,5.0
ORD104987,2024-11-14,CUST2817,Peshawar,KPK,Tile,Emperador Brown,Polished,16,194.3,82.45,0.0,16020.04,Cheque,Ahmed Raza,Depot - Karachi,Delivered,9.0
ORD101225,2025-12-13,CUST1795,Islamabad,Federal,Tile,Rangeela Marble,Polished,16,134.3,92.33,15.0,10539.93,Cash,Tariq Mehmood,Depot - Multan,Pending,12.0
ORD102150,2024-10-11,CUST1140,Islamabad,Federal,Onyx,Black Galaxy,Honed,22,133.8,453.59,5.0,57655.82,Cash,Bilal Khan,Main Yard - Chiniot,In Transit,7.0
ORD103373,2024-02-15,CUST2404,Peshawar,KPK,Marble,Chaghi Golden,Polished,30,106.3,192.23,0.0,20434.05,Cash,Zain Abbas,Main Yard - Chiniot,Delivered,6.0
ORD100886,2025-03-05,CUST2613,Islamabad,Federal,Onyx,Emperador Brown,Polished,18,189.6,470.3,0.0,89168.88,Cash,Hamza Sheikh,Main Yard - Chiniot,Delivered,9.0
ORD102230,2025-09-28,CUST2896,Gujranwala,Punjab,Marble,Buff Marble,Polished,20,105.3,182.19,0.0,19184.61,Credit (30 days),Saad Iqbal,Depot - Karachi,Pending,11.0
ORD100618,2025-05-07,CUST1659,Islamabad,Federal,Onyx,Teri White,Polished,30,42.2,513.72,10.0,19511.09,Cheque,Usman Tariq,Depot - Karachi,Cancelled,9.0
ORD101242,2024-12-17,CUST1837,Gujranwala,Punjab,Tile,Emperador Brown,Flamed,30,157.6,142.92,0.0,22524.19,Cash,Saad Iqbal,Depot - Lahore,Delivered,7.0
ORD100859,2025-06-25,CUST2115,Islamabad,Federal,Marble,Sunny Grey,Honed,30,108.1,232.43,0.0,25125.68,Cash,Fahad Malik,Depot - Lahore,In Transit,8.0
ORD100914,2025-04-16,CUST2869,Karachi,Sindh,Marble,Black Galaxy,Polished,22,41.4,217.95,0.0,9023.13,Bank Transfer,Fahad Malik,Depot - Multan,Delivered,11.0
ORD104514,2024-06-16,CUST3178,Gujranwala,Punjab,Granite,Botticino Beige,Polished,30,81.8,339.39,0.0,27762.1,Cash,Bilal Khan,Main Yard - Chiniot,In Transit,3.0
ORD104415,2024-07-05,CUST1573,Rawalpindi,Punjab,Marble,Chiniot Black,Polished,30,44.3,235.82,0.0,10446.83,Cash,Usman Tariq,Depot - Multan,Delivered,14.0
ORD103307,2025-11-01,CUST2378,Quetta,Balochistan,Marble,Rangeela Marble,Honed,22,98.7,230.34,0.0,22734.56,Bank Transfer,Tariq Mehmood,Depot - Karachi,Delivered,12.0
ORD103385,2025-05-07,CUST2260,Rawalpindi,Punjab,Marble,Chaghi Golden,Flamed,22,178.9,179.91,0.0,32185.9,Bank Transfer,Saad Iqbal,Depot - Multan,Delivered,5.0
ORD100659,2025-10-15,CUST2562,Peshawar,KPK,Tile,Teri White,Polished,22,197.1,81.53,0.0,16069.56,Cash,Usman Tariq,Depot - Lahore,Delivered,6.0
ORD103049,2024-03-22,CUST2905,Quetta,Balochistan,Granite,Ziarat White,Polished,22,285.6,310.81,0.0,88767.34,Credit (30 days),Tariq Mehmood,Depot - Lahore,Delivered,7.0
ORD101045,2025-05-11,CUST1941,Chiniot,Punjab,Granite,Indus Green,Polished,22,224.8,228.29,10.0,46187.63,Bank Transfer,Bilal Khan,Depot - Multan,Pending,6.0
ORD101865,2025-10-06,CUST2809,Islamabad,Federal,Marble,Chaghi Golden,Polished,22,205.5,202.54,0.0,41621.97,Bank Transfer,Hamza Sheikh,Main Yard - Chiniot,Pending,6.0
ORD103585,2025-03-17,CUST1579,Karachi,Sindh,Granite,Ziarat White,Honed,22,114.5,224.85,0.0,25745.32,Cash,Zain Abbas,Depot - Karachi,Delivered,9.0
ORD100024,2024-03-20,CUST2031,Faisalabad,Punjab,Marble,Teri White,Leather,20,153.1,170.6,0.0,26118.86,Credit (30 days),Zain Abbas,Depot - Karachi,In Transit,8.0
ORD101520,2025-12-15,CUST1989,Lahore,Punjab,Marble,Emperador Brown,Polished,16,101.1,170.42,0.0,17229.46,Bank Transfer,Ahmed Raza,Depot - Karachi,In Transit,10.0
ORD101183,2024-10-30,CUST3131,Peshawar,KPK,Marble,Teri White,Polished,20,129.5,198.76,0.0,25739.42,Cash,Zain Abbas,Depot - Lahore,Pending,5.0
ORD100584,2024-07-05,CUST1982,Karachi,Sindh,Granite,Chiniot Black,Polished,18,70.8,253.7,10.0,16165.76,Cash,Ahmed Raza,Depot - Lahore,Delivered,5.0
ORD103652,2024-12-30,CUST3430,Peshawar,KPK,Granite,Teri White,Polished,18,48.2,310.91,0.0,14985.86,Credit (30 days),Bilal Khan,Main Yard - Chiniot,Cancelled,4.0
ORD101681,2025-06-25,CUST1406,Gujranwala,Punjab,Marble,Rangeela Marble,Polished,18,70.2,166.36,10.0,10510.62,Credit (30 days),Zain Abbas,Depot - Lahore,Pending,8.0
ORD103339,2025-02-16,CUST1817,Islamabad,Federal,Marble,Teri White,Polished,16,77.7,226.99,0.0,17637.12,Bank Transfer,Zain Abbas,Main Yard - Chiniot,Delivered,6.0
ORD101544,2024-09-08,CUST1339,Lahore,Punjab,Marble,Indus Green,Leather,18,95.1,173.85,15.0,14053.16,Bank Transfer,Hamza Sheikh,Depot - Multan,Delivered,6.0
ORD101977,2024-08-05,CUST2842,Peshawar,KPK,Marble,Multi Red,Flamed,20,55.1,233.81,0.0,12882.93,Cash,Fahad Malik,Depot - Multan,Pending,4.0
ORD101714,2024-08-29,CUST1326,Faisalabad,Punjab,Granite,Multi Red,Polished,30,38.0,297.6,0.0,11308.8,Bank Transfer,Tariq Mehmood,Depot - Karachi,Delivered,7.0
ORD102993,2024-07-09,CUST1082,Karachi,Sindh,Marble,Rangeela Marble,Polished,22,87.1,178.44,0.0,15542.12,Bank Transfer,Zain Abbas,Depot - Karachi,Cancelled,10.0
ORD100894,2025-10-09,CUST3412,Rawalpindi,Punjab,Marble,Buff Marble,Polished,20,304.5,200.79,15.0,51969.47,Bank Transfer,Hamza Sheikh,Depot - Karachi,Cancelled,8.0
ORD100048,2024-05-09,CUST1364,Multan,Punjab,Marble,Teri White,Polished,22,108.6,207.35,0.0,22518.21,Credit (30 days),Tariq Mehmood,Depot - Karachi,In Transit,5.0
ORD102398,2025-05-23,CUST2599,Faisalabad,Punjab,Granite,Sunny Grey,Honed,30,65.6,284.99,0.0,18695.34,Cheque,Usman Tariq,Depot - Karachi,Delivered,4.0
ORD102664,2025-02-07,CUST2982,Karachi,Sindh,Marble,Botticino Beige,Honed,30,20.0,170.9,0.0,3418.0,Cash,Hamza Sheikh,Depot - Multan,Cancelled,11.0
ORD100524,2024-01-03,CUST1846,Peshawar,KPK,Granite,Buff Marble,Polished,20,111.5,239.79,0.0,26736.58,Cheque,Zain Abbas,Depot - Multan,Cancelled,7.0
ORD100047,2024-03-15,CUST2599,Sialkot,Punjab,Onyx,Emperador Brown,Flamed,18,454.6,418.05,0.0,190045.53,Cash,Bilal Khan,Depot - Lahore,Delivered,9.0
ORD103348,2025-11-02,CUST2911,Multan,Punjab,Marble,Buff Marble,Polished,22,222.8,162.53,0.0,36211.68,Bank Transfer,Fahad Malik,Depot - Lahore,Cancelled,5.0
ORD103103,2025-09-05,CUST3432,Peshawar,KPK,Marble,Multi Red,Honed,22,182.2,147.57,0.0,26887.25,Bank Transfer,Ahmed Raza,Depot - Karachi,Delivered,6.0
ORD104489,2025-03-28,CUST1753,Lahore,Punjab,Marble,Black Galaxy,Polished,30,151.9,216.45,0.0,32878.75,Cash,Hamza Sheikh,Depot - Karachi,Pending,6.0
ORD102556,2024-12-26,CUST2487,Karachi,Sindh,Marble,Black Galaxy,Polished,22,31.2,214.26,15.0,5682.18,Bank Transfer,Saad Iqbal,Depot - Lahore,Pending,7.0
ORD101631,2025-04-08,CUST3292,Multan,Punjab,Tile,Rangeela Marble,Polished,20,110.9,71.71,15.0,6759.74,Cheque,Fahad Malik,Depot - Multan,Pending,6.0
ORD103548,2025-11-30,CUST2215,Faisalabad,Punjab,Granite,Indus Green,Polished,20,79.5,284.01,0.0,22578.8,Cheque,Tariq Mehmood,Main Yard - Chiniot,Delivered,6.0
ORD102874,2025-11-01,CUST1751,Gujranwala,Punjab,Tile,Sunny Grey,Polished,16,274.6,94.42,0.0,25927.73,Cash,Saad Iqbal,Depot - Karachi,In Transit,8.0
ORD103760,2024-05-07,CUST2316,Peshawar,KPK,Marble,Chaghi Golden,Polished,30,701.8,221.24,0.0,155266.23,Cheque,Usman Tariq,Depot - Karachi,Delivered,11.0
ORD101677,2025-01-11,CUST2141,Sialkot,Punjab,Marble,Black Galaxy,Polished,30,50.4,246.35,10.0,11174.44,Cash,Bilal Khan,Main Yard - Chiniot,Delivered,7.0
ORD101816,2024-01-08,CUST2205,Rawalpindi,Punjab,Marble,Indus Green,Honed,30,23.4,209.84,0.0,4910.26,Cheque,Saad Iqbal,Depot - Lahore,Pending,3.0
ORD103405,2024-12-09,CUST2188,Mianwali,Punjab,Onyx,Indus Green,Polished,22,113.1,348.18,0.0,39379.16,Credit (30 days),Fahad Malik,Depot - Lahore,Cancelled,7.0
ORD102650,2025-11-08,CUST1169,Chiniot,Punjab,Granite,Emperador Brown,Bush Hammered,22,433.5,350.58,0.0,151976.43,Cash,Tariq Mehmood,Depot - Multan,Delivered,6.0
ORD104108,2024-12-19,CUST1332,Karachi,Sindh,Onyx,Buff Marble,Flamed,30,239.8,318.34,10.0,68704.14,Bank Transfer,Hamza Sheikh,Depot - Multan,In Transit,7.0
ORD102333,2024-05-12,CUST2901,Quetta,Balochistan,Tile,Botticino Beige,Polished,30,279.3,77.7,0.0,21701.61,Cheque,Tariq Mehmood,Depot - Karachi,Delivered,8.0
ORD102100,2024-06-02,CUST1693,Multan,Punjab,Marble,Rangeela Marble,Honed,22,20.0,154.21,5.0,2929.99,Credit (30 days),Fahad Malik,Depot - Multan,Cancelled,7.0
ORD100814,2024-02-05,CUST3368,Sialkot,Punjab,Onyx,Teri White,Bush Hammered,18,50.0,499.4,10.0,22473.0,Cash,Hamza Sheikh,Depot - Lahore,Delivered,10.0
ORD104383,2024-05-20,CUST2691,Gujranwala,Punjab,Onyx,Chiniot Black,Polished,22,109.2,338.43,0.0,36956.56,Cheque,Saad Iqbal,Depot - Multan,Delivered,10.0
ORD103076,2025-11-13,CUST2398,Faisalabad,Punjab,Granite,Chiniot Black,Bush Hammered,22,99.0,291.78,0.0,28886.22,Cheque,Ahmed Raza,Depot - Multan,Delivered,6.0
ORD100091,2025-11-23,CUST1038,Gujranwala,Punjab,Tile,Chaghi Golden,Polished,16,50.6,81.55,0.0,4126.43,Cash,Fahad Malik,Depot - Multan,Cancelled,6.0
ORD104867,2025-12-13,CUST2778,Rawalpindi,Punjab,Marble,Chiniot Black,Polished,22,106.1,209.82,10.0,20035.71,Cash,Tariq Mehmood,Main Yard - Chiniot,In Transit,7.0
ORD103497,2025-12-11,CUST1257,Chiniot,Punjab,Granite,Ziarat White,Polished,30,94.2,294.79,0.0,27769.22,Cash,Tariq Mehmood,Depot - Multan,Delivered,4.0
ORD104964,2025-08-17,CUST2610,Rawalpindi,Punjab,Granite,Indus Green,Polished,18,20.0,221.81,0.0,4436.2,Bank Transfer,Usman Tariq,Depot - Lahore,Delivered,6.0
ORD102697,2025-04-05,CUST1401,Gujranwala,Punjab,Tile,Chiniot Black,Honed,16,434.7,93.48,15.0,34540.39,Credit (30 days),Hamza Sheikh,Main Yard - Chiniot,Delivered,4.0
ORD103061,2024-11-23,CUST2171,Multan,Punjab,Marble,Botticino Beige,Polished,16,66.4,197.77,0.0,13131.93,Credit (30 days),Bilal Khan,Depot - Multan,Delivered,12.0
ORD101798,2024-06-26,CUST2051,Sialkot,Punjab,Tile,Rangeela Marble,Polished,22,90.4,98.83,5.0,8487.52,Cash,Saad Iqbal,Main Yard - Chiniot,Delivered,12.0
ORD101182,2024-02-02,CUST3091,Faisalabad,Punjab,Marble,Emperador Brown,Honed,16,31.5,174.47,10.0,4946.22,Bank Transfer,Fahad Malik,Depot - Karachi,Delivered,8.0
ORD101356,2025-08-26,CUST1238,Chiniot,Punjab,Marble,Multi Red,Polished,22,127.0,112.22,0.0,14251.94,Cash,Usman Tariq,Depot - Lahore,Pending,9.0
ORD101982,2025-07-01,CUST1015,Lahore,Punjab,Marble,Chiniot Black,Leather,18,145.4,155.62,0.0,22627.15,Cheque,Ahmed Raza,Depot - Lahore,Delivered,5.0
ORD103817,2025-10-13,CUST1886,Karachi,Sindh,Onyx,Sunny Grey,Bush Hammered,30,100.2,566.71,0.0,56784.34,Credit (30 days),Tariq Mehmood,Main Yard - Chiniot,Delivered,8.0
ORD100042,2024-06-25,CUST3079,Mianwali,Punjab,Onyx,Teri White,Honed,18,44.1,338.41,0.0,14923.88,Cash,Fahad Malik,Depot - Lahore,Cancelled,6.0
ORD103349,2025-06-29,CUST1498,Peshawar,KPK,Marble,Multi Red,Polished,22,125.9,155.91,0.0,19629.07,Bank Transfer,Tariq Mehmood,Depot - Multan,Delivered,7.0
ORD104526,2025-02-07,CUST2489,Karachi,Sindh,Marble,Teri White,Polished,18,20.0,171.64,0.0,3432.8,Credit (30 days),Saad Iqbal,Depot - Lahore,In Transit,7.0
ORD101387,2024-08-24,CUST2601,Lahore,Punjab,Marble,Chiniot Black,Leather,22,46.6,223.64,0.0,10421.62,Cash,Hamza Sheikh,Depot - Karachi,In Transit,5.0
ORD104635,2024-01-14,CUST1674,Karachi,Sindh,Tile,Buff Marble,Polished,22,111.6,69.72,0.0,7780.75,Cheque,Saad Iqbal,Depot - Karachi,Pending,7.0
ORD100935,2024-10-04,CUST2242,Sialkot,Punjab,Marble,Black Galaxy,Flamed,30,84.0,235.06,15.0,16783.28,Cash,Saad Iqbal,Depot - Lahore,Delivered,7.0
ORD100786,2025-03-21,CUST2505,Peshawar,KPK,Tile,Ziarat White,Polished,20,299.1,88.75,0.0,26545.13,Cash,Bilal Khan,Depot - Karachi,Delivered,8.0
ORD104994,2025-07-26,CUST1686,Lahore,Punjab,Marble,Botticino Beige,Polished,18,49.8,177.04,10.0,7934.93,Bank Transfer,Usman Tariq,Depot - Karachi,Pending,11.0
ORD104199,2025-04-21,CUST1843,Karachi,Sindh,Granite,Buff Marble,Honed,20,176.2,282.8,0.0,49829.36,Cheque,Zain Abbas,Main Yard - Chiniot,Cancelled,10.0
ORD100785,2024-04-04,CUST3064,Rawalpindi,Punjab,Tile,Buff Marble,Polished,30,164.1,116.37,0.0,19096.32,Bank Transfer,Ahmed Raza,Main Yard - Chiniot,Delivered,7.0
ORD103179,2025-11-20,CUST1504,Mianwali,Punjab,Tile,Ziarat White,Polished,30,175.0,129.29,0.0,22625.75,Bank Transfer,Tariq Mehmood,Main Yard - Chiniot,In Transit,10.0
ORD101198,2025-06-15,CUST1224,Gujranwala,Punjab,Granite,Indus Green,Flamed,18,32.9,297.37,5.0,9294.3,Credit (30 days),Fahad Malik,Depot - Multan,Delivered,6.0
ORD100253,2024-02-26,CUST2624,Quetta,Balochistan,Marble,Rangeela Marble,Polished,16,53.7,129.68,0.0,6963.82,Bank Transfer,Saad Iqbal,Depot - Karachi,In Transit,11.0
ORD100080,2025-02-28,CUST2465,Mianwali,Punjab,Granite,Ziarat White,Flamed,30,92.8,362.8,0.0,33667.84,Cash,Saad Iqbal,Depot - Lahore,Delivered,8.0
ORD103058,2025-12-14,CUST1114,Peshawar,KPK,Marble,Indus Green,Polished,20,155.1,137.59,0.0,21340.21,Cheque,Hamza Sheikh,Depot - Lahore,Pending,10.0
ORD102199,2024-07-14,CUST3292,Faisalabad,Punjab,Marble,Rangeela Marble,Honed,22,188.7,161.79,0.0,30529.77,Bank Transfer,Hamza Sheikh,Main Yard - Chiniot,Delivered,5.0
ORD101055,2025-03-12,CUST2350,Peshawar,KPK,Marble,Teri White,Honed,16,137.1,214.45,5.0,27931.04,Cheque,Hamza Sheikh,Depot - Lahore,Pending,6.0
ORD100523,2025-03-07,CUST3404,Quetta,Balochistan,Marble,Sunny Grey,Honed,30,114.6,177.93,0.0,20390.78,Credit (30 days),Tariq Mehmood,Depot - Lahore,Cancelled,3.0
ORD102187,2025-09-20,CUST1376,Karachi,Sindh,Tile,Emperador Brown,Honed,16,230.2,69.63,10.0,14425.94,Bank Transfer,Tariq Mehmood,Depot - Karachi,Delivered,6.0
ORD104483,2025-09-04,CUST2178,Islamabad,Federal,Marble,Black Galaxy,Polished,30,131.1,165.28,0.0,21668.21,Bank Transfer,Zain Abbas,Depot - Karachi,Delivered,6.0
ORD103580,2024-06-04,CUST2124,Lahore,Punjab,Marble,Teri White,Polished,22,294.6,184.66,0.0,54400.84,Cheque,Bilal Khan,Depot - Karachi,Cancelled,6.0
ORD104694,2025-10-18,CUST2230,Quetta,Balochistan,Marble,Botticino Beige,Polished,22,176.0,184.54,0.0,32479.04,Cash,Zain Abbas,Depot - Karachi,Delivered,7.0
ORD102939,2024-09-02,CUST3353,Lahore,Punjab,Onyx,Botticino Beige,Leather,16,340.0,441.68,15.0,127645.52,Cash,Ahmed Raza,Depot - Multan,Delivered,7.0
ORD104219,2025-03-21,CUST2215,Mianwali,Punjab,Marble,Teri White,Polished,30,133.3,246.43,10.0,29564.21,Bank Transfer,Hamza Sheikh,Main Yard - Chiniot,Delivered,5.0
ORD103255,2025-08-15,CUST1700,Chiniot,Punjab,Marble,Indus Green,Bush Hammered,16,26.7,186.34,0.0,4975.28,Bank Transfer,Fahad Malik,Depot - Multan,In Transit,6.0
ORD100893,2025-08-20,CUST1649,Peshawar,KPK,Marble,Botticino Beige,Leather,22,20.0,171.66,0.0,3433.2,Cash,Saad Iqbal,Depot - Multan,Delivered,7.0
ORD102316,2025-09-09,CUST2991,Gujranwala,Punjab,Granite,Chaghi Golden,Polished,22,149.0,272.94,0.0,40668.06,Bank Transfer,Fahad Malik,Depot - Lahore,Delivered,9.0
ORD100019,2024-02-04,CUST3143,Gujranwala,Punjab,Marble,Buff Marble,Polished,18,59.9,163.2,0.0,9775.68,Cheque,Hamza Sheikh,Depot - Multan,Cancelled,8.0
ORD100762,2024-12-23,CUST3134,Chiniot,Punjab,Marble,Sunny Grey,Bush Hammered,18,64.8,185.74,0.0,12035.95,Credit (30 days),Zain Abbas,Main Yard - Chiniot,Delivered,7.0
ORD102280,2025-10-10,CUST1424,Faisalabad,Punjab,Marble,Indus Green,Polished,22,139.5,173.46,0.0,24197.67,Bank Transfer,Tariq Mehmood,Main Yard - Chiniot,In Transit,5.0
ORD103412,2025-07-25,CUST1584,Multan,Punjab,Granite,Buff Marble,Polished,20,33.8,302.28,0.0,10217.06,Cheque,Usman Tariq,Depot - Lahore,In Transit,2.0
ORD103054,2025-03-18,CUST3116,Sialkot,Punjab,Marble,Chiniot Black,Polished,22,50.2,174.75,10.0,7895.21,Cash,Fahad Malik,Depot - Karachi,Delivered,6.0
ORD103147,2025-03-09,CUST1155,Sialkot,Punjab,Tile,Black Galaxy,Polished,30,219.8,108.53,0.0,23854.89,Bank Transfer,Fahad Malik,Main Yard - Chiniot,Cancelled,6.0
ORD101512,2024-10-22,CUST1511,Rawalpindi,Punjab,Marble,Buff Marble,Polished,22,104.5,211.23,0.0,22073.54,Cash,Bilal Khan,Depot - Multan,Delivered,3.0
ORD103914,2024-11-15,CUST3262,Multan,Punjab,Marble,Sunny Grey,Polished,30,102.3,225.09,0.0,23026.71,Cheque,Zain Abbas,Depot - Lahore,Delivered,8.0
ORD103162,2024-01-07,CUST1698,Quetta,Balochistan,Granite,Sunny Grey,Polished,20,60.9,243.89,10.0,13367.61,Cash,Fahad Malik,Depot - Lahore,Pending,9.0
ORD101751,2024-06-29,CUST3055,Quetta,Balochistan,Tile,Chaghi Golden,Polished,22,70.8,76.0,0.0,5380.8,Cash,Bilal Khan,Main Yard - Chiniot,Pending,6.0
ORD102860,2025-11-10,CUST1236,Faisalabad,Punjab,Onyx,Emperador Brown,Polished,18,216.6,401.88,0.0,87047.21,Credit (30 days),Bilal Khan,Main Yard - Chiniot,In Transit,6.0
ORD101792,2025-05-22,CUST1593,Sialkot,Punjab,Granite,Indus Green,Polished,30,55.7,323.78,0.0,18034.55,Cash,Hamza Sheikh,Depot - Karachi,Pending,7.0
ORD100434,2024-03-27,CUST1332,Gujranwala,Punjab,Marble,Sunny Grey,Leather,22,85.0,110.99,0.0,9434.15,Cash,Saad Iqbal,Depot - Multan,Delivered,2.0
ORD104382,2025-10-12,CUST2500,Lahore,Punjab,Marble,Rangeela Marble,Honed,22,20.0,199.96,0.0,3999.2,Cheque,Zain Abbas,Depot - Karachi,Delivered,8.0
ORD101477,2025-01-09,CUST2750,Islamabad,Federal,Marble,Teri White,Honed,18,58.5,178.83,0.0,10461.56,Cash,Saad Iqbal,Main Yard - Chiniot,Delivered,8.0
ORD102058,2025-06-08,CUST1733,Islamabad,Federal,Marble,Multi Red,Polished,22,135.9,187.36,0.0,25462.22,Bank Transfer,Usman Tariq,Depot - Multan,In Transit,9.0
ORD102936,2025-09-24,CUST2820,Gujranwala,Punjab,Marble,Black Galaxy,Polished,18,319.8,178.23,0.0,56997.95,Credit (30 days),Usman Tariq,Depot - Karachi,Delivered,7.0
ORD100831,2025-10-09,CUST1103,Chiniot,Punjab,Marble,Buff Marble,Honed,16,92.7,201.3,5.0,17727.48,Cheque,Saad Iqbal,Depot - Lahore,Delivered,12.0
ORD100235,2024-03-22,CUST3118,Mianwali,Punjab,Marble,Teri White,Honed,18,119.6,196.73,0.0,23528.91,Cheque,Hamza Sheikh,Depot - Karachi,Delivered,6.0
ORD103900,2025-08-13,CUST3072,Faisalabad,Punjab,Onyx,Botticino Beige,Polished,30,67.6,435.85,5.0,27990.29,Cheque,Bilal Khan,Depot - Multan,Cancelled,6.0
ORD100592,2025-06-25,CUST3415,Gujranwala,Punjab,Onyx,Buff Marble,Bush Hammered,18,140.7,318.27,0.0,44780.59,Bank Transfer,Tariq Mehmood,Depot - Multan,Delivered,9.0
ORD101175,2025-05-11,CUST1424,Sialkot,Punjab,Marble,Teri White,Leather,16,106.0,192.16,0.0,20368.96,Credit (30 days),Tariq Mehmood,Depot - Lahore,Delivered,7.0
ORD102425,2024-11-24,CUST3104,Gujranwala,Punjab,Marble,Rangeela Marble,Polished,30,63.0,204.02,10.0,11567.93,Cash,Saad Iqbal,Main Yard - Chiniot,Delivered,14.0
ORD100162,2024-11-30,CUST2907,Karachi,Sindh,Marble,Multi Red,Bush Hammered,18,161.8,171.96,10.0,25040.82,Bank Transfer,Bilal Khan,Main Yard - Chiniot,Delivered,5.0
ORD103436,2025-03-01,CUST1736,Sialkot,Punjab,Marble,Teri White,Polished,30,154.8,224.46,0.0,34746.41,Cash,Fahad Malik,Depot - Multan,Delivered,10.0
ORD103450,2025-09-06,CUST2720,Mianwali,Punjab,Tile,Buff Marble,Honed,30,348.1,115.39,0.0,40167.26,Cash,Zain Abbas,Depot - Multan,Delivered,7.0
ORD104642,2025-07-20,CUST1817,Islamabad,Federal,Tile,Chiniot Black,Polished,18,83.1,112.82,0.0,9375.34,Bank Transfer,Tariq Mehmood,Depot - Multan,In Transit,6.0
ORD104839,2025-07-29,CUST1793,Rawalpindi,Punjab,Marble,Emperador Brown,Honed,18,89.5,203.52,0.0,18215.04,Cash,Hamza Sheikh,Depot - Multan,Delivered,7.0
ORD104017,2025-01-27,CUST3156,Mianwali,Punjab,Granite,Botticino Beige,Polished,20,191.0,261.71,0.0,49986.61,Cash,Bilal Khan,Depot - Lahore,Delivered,9.0
ORD104918,2025-03-04,CUST2487,Multan,Punjab,Marble,Multi Red,Polished,16,185.8,169.84,0.0,31556.27,Credit (30 days),Zain Abbas,Depot - Multan,Delivered,10.0
ORD101256,2025-04-19,CUST2141,Multan,Punjab,Marble,Rangeela Marble,Leather,30,171.0,163.14,10.0,25107.25,Cash,Fahad Malik,Depot - Karachi,Cancelled,7.0
ORD103792,2025-01-08,CUST2495,Karachi,Sindh,Marble,Botticino Beige,Polished,18,60.8,179.79,10.0,9838.11,Bank Transfer,Bilal Khan,Depot - Lahore,Delivered,6.0
ORD104090,2025-05-16,CUST3002,Faisalabad,Punjab,Marble,Multi Red,Leather,16,272.5,173.23,0.0,47205.18,Cash,Bilal Khan,Depot - Karachi,Delivered,4.0
ORD104871,2024-03-29,CUST3406,Multan,Punjab,Marble,Botticino Beige,Flamed,16,106.4,142.22,0.0,15132.21,Cash,Fahad Malik,Depot - Multan,Delivered,13.0
ORD101337,2024-09-01,CUST3090,Sialkot,Punjab,Marble,Multi Red,Flamed,22,46.6,218.44,0.0,10179.3,Cash,Usman Tariq,Depot - Multan,In Transit,8.0
ORD102465,2025-05-17,CUST1714,Karachi,Sindh,Marble,Buff Marble,Polished,18,21.6,164.86,0.0,3560.98,Bank Transfer,Ahmed Raza,Depot - Karachi,In Transit,8.0
ORD100888,2024-10-15,CUST1336,Lahore,Punjab,Granite,Black Galaxy,Leather,30,61.2,216.14,0.0,13227.77,Credit (30 days),Fahad Malik,Depot - Multan,Delivered,7.0
ORD101701,2025-11-21,CUST2749,Faisalabad,Punjab,Marble,Chiniot Black,Honed,30,97.2,238.61,0.0,23192.89,Credit (30 days),Usman Tariq,Depot - Lahore,Pending,9.0
ORD101152,2024-03-25,CUST1018,Multan,Punjab,Marble,Rangeela Marble,Honed,16,230.9,157.21,0.0,36299.79,Bank Transfer,Hamza Sheikh,Main Yard - Chiniot,Delivered,5.0
ORD100207,2024-08-30,CUST3486,Chiniot,Punjab,Marble,Black Galaxy,Polished,30,128.9,211.82,0.0,27303.6,Cash,Hamza Sheikh,Depot - Lahore,Pending,10.0
ORD103781,2024-07-11,CUST2028,Islamabad,Federal,Onyx,Rangeela Marble,Polished,18,65.2,499.65,0.0,32577.18,Credit (30 days),Bilal Khan,Main Yard - Chiniot,Delivered,3.0
ORD101083,2024-09-27,CUST3327,Lahore,Punjab,Granite,Chaghi Golden,Polished,22,79.1,258.38,5.0,19415.97,Bank Transfer,Tariq Mehmood,Depot - Lahore,In Transit,2.0
ORD102198,2024-04-22,CUST1394,Chiniot,Punjab,Tile,Ziarat White,Flamed,18,226.0,95.52,10.0,19428.77,Credit (30 days),Bilal Khan,Main Yard - Chiniot,Delivered,7.0
ORD102741,2025-07-08,CUST2347,Sialkot,Punjab,Tile,Rangeela Marble,Polished,22,126.1,112.54,0.0,14191.29,Credit (30 days),Usman Tariq,Main Yard - Chiniot,Delivered,9.0
ORD102383,2025-01-24,CUST3326,Quetta,Balochistan,Marble,Ziarat White,Bush Hammered,22,24.4,203.37,0.0,4962.23,Bank Transfer,Zain Abbas,Depot - Karachi,Delivered,5.0
ORD102755,2024-07-18,CUST1764,Chiniot,Punjab,Tile,Ziarat White,Bush Hammered,22,79.5,76.09,0.0,6049.16,Cheque,Tariq Mehmood,Depot - Multan,Delivered,11.0
ORD104020,2024-04-07,CUST1900,Quetta,Balochistan,Marble,Botticino Beige,Polished,20,334.0,130.23,15.0,36972.3,Credit (30 days),Bilal Khan,Depot - Multan,Pending,11.0
ORD101498,2025-09-20,CUST3046,Lahore,Punjab,Onyx,Emperador Brown,Honed,22,96.7,433.16,0.0,41886.57,Credit (30 days),Fahad Malik,Main Yard - Chiniot,Cancelled,4.0
ORD103113,2024-01-08,CUST2619,Rawalpindi,Punjab,Marble,Chiniot Black,Polished,16,41.4,172.86,0.0,7156.4,Credit (30 days),Tariq Mehmood,Depot - Lahore,Pending,8.0
ORD102848,2024-01-02,CUST1627,Chiniot,Punjab,Marble,Teri White,Leather,16,47.2,177.9,0.0,8396.88,Cash,Ahmed Raza,Depot - Karachi,Delivered,10.0
ORD104291,2024-03-15,CUST2130,Karachi,Sindh,Marble,Multi Red,Polished,30,69.5,210.62,0.0,14638.09,Cheque,Tariq Mehmood,Main Yard - Chiniot,Pending,6.0
ORD102266,2025-11-06,CUST1773,Mianwali,Punjab,Tile,Chaghi Golden,Polished,30,227.4,110.69,0.0,25170.91,Bank Transfer,Saad Iqbal,Depot - Multan,Delivered,4.0
ORD100751,2024-03-14,CUST3115,Lahore,Punjab,Granite,Teri White,Polished,16,271.5,310.24,0.0,84230.16,Cash,Saad Iqbal,Main Yard - Chiniot,Delivered,8.0
ORD102149,2024-03-07,CUST2163,Rawalpindi,Punjab,Granite,Sunny Grey,Polished,16,167.9,273.05,0.0,45845.1,Cheque,Tariq Mehmood,Main Yard - Chiniot,Delivered,5.0
ORD101747,2025-07-09,CUST1504,Faisalabad,Punjab,Onyx,Chiniot Black,Polished,30,30.5,521.67,0.0,15910.94,Cash,Bilal Khan,Main Yard - Chiniot,Delivered,11.0
ORD100214,2025-06-24,CUST1219,Faisalabad,Punjab,Marble,Emperador Brown,Polished,30,95.6,153.84,10.0,13236.39,Cash,Usman Tariq,Depot - Karachi,Delivered,13.0
ORD104992,2025-10-28,CUST3237,Lahore,Punjab,Granite,Botticino Beige,Polished,20,171.8,273.41,0.0,46971.84,Bank Transfer,Saad Iqbal,Main Yard - Chiniot,Pending,11.0
ORD101938,2024-04-08,CUST2136,Lahore,Punjab,Granite,Chaghi Golden,Polished,30,53.1,263.57,5.0,13295.79,Bank Transfer,Zain Abbas,Main Yard - Chiniot,Delivered,6.0
ORD101451,2025-03-15,CUST1001,Sialkot,Punjab,Marble,Chaghi Golden,Polished,16,31.2,172.2,0.0,5372.64,Bank Transfer,Zain Abbas,Main Yard - Chiniot,Pending,7.0
ORD102359,2025-10-21,CUST1101,Islamabad,Federal,Granite,Rangeela Marble,Polished,22,76.9,285.57,0.0,21960.33,Credit (30 days),Saad Iqbal,Depot - Karachi,In Transit,7.0
ORD101979,2025-07-06,CUST2342,Rawalpindi,Punjab,Marble,Rangeela Marble,Polished,22,100.9,184.69,0.0,18635.22,Cheque,Fahad Malik,Depot - Multan,Delivered,5.0
ORD104639,2024-03-13,CUST2336,Chiniot,Punjab,Granite,Teri White,Polished,20,104.3,240.72,0.0,25107.1,Cash,Fahad Malik,Depot - Karachi,In Transit,5.0
ORD103770,2025-03-27,CUST1834,Faisalabad,Punjab,Marble,Chaghi Golden,Bush Hammered,30,142.9,156.83,0.0,22411.01,Credit (30 days),Saad Iqbal,Main Yard - Chiniot,Pending,3.0
ORD101363,2024-09-08,CUST2466,Multan,Punjab,Tile,Chiniot Black,Flamed,18,36.8,102.05,0.0,3755.44,Bank Transfer,Ahmed Raza,Main Yard - Chiniot,In Transit,9.0
ORD100918,2024-06-03,CUST2308,Chiniot,Punjab,Marble,Botticino Beige,Honed,22,125.4,165.34,0.0,20733.64,Cash,Ahmed Raza,Main Yard - Chiniot,Cancelled,9.0
ORD100469,2024-04-15,CUST2777,Rawalpindi,Punjab,Granite,Rangeela Marble,Polished,30,135.9,245.68,0.0,33387.91,Cash,Saad Iqbal,Depot - Lahore,Delivered,8.0
ORD102672,2024-11-26,CUST1764,Peshawar,KPK,Tile,Emperador Brown,Polished,22,38.7,83.14,0.0,3217.52,Cash,Zain Abbas,Depot - Multan,In Transit,6.0
ORD103919,2025-12-25,CUST2998,Peshawar,KPK,Marble,Teri White,Polished,18,40.9,208.01,15.0,7231.47,Credit (30 days),Saad Iqbal,Depot - Lahore,In Transit,7.0
ORD104024,2025-04-30,CUST3128,Mianwali,Punjab,Tile,Ziarat White,Polished,30,167.4,100.15,15.0,14250.34,Cheque,Hamza Sheikh,Depot - Lahore,Pending,10.0
ORD103834,2024-01-11,CUST2327,Mianwali,Punjab,Tile,Emperador Brown,Polished,30,120.8,114.36,10.0,12433.22,Credit (30 days),Fahad Malik,Depot - Lahore,Delivered,6.0
ORD101515,2025-05-08,CUST3433,Lahore,Punjab,Tile,Black Galaxy,Leather,30,106.0,107.47,15.0,9683.05,Cash,Bilal Khan,Depot - Multan,Delivered,6.0
ORD103059,2025-05-28,CUST3396,Mianwali,Punjab,Marble,Rangeela Marble,Polished,16,97.8,148.96,0.0,14568.29,Cash,Fahad Malik,Main Yard - Chiniot,In Transit,7.0
ORD103321,2025-01-02,CUST1774,Karachi,Sindh,Onyx,Sunny Grey,Leather,22,52.9,539.13,0.0,28519.98,Bank Transfer,Hamza Sheikh,Depot - Lahore,Delivered,6.0
ORD103455,2024-08-03,CUST2564,Quetta,Balochistan,Marble,Indus Green,Leather,22,94.3,201.24,10.0,17079.24,Bank Transfer,Tariq Mehmood,Depot - Lahore,Delivered,7.0
ORD103045,2025-05-27,CUST2697,Islamabad,Federal,Tile,Ziarat White,Polished,30,244.8,102.01,0.0,24972.05,Bank Transfer,Ahmed Raza,Main Yard - Chiniot,Pending,6.0
ORD104982,2025-07-08,CUST1384,Quetta,Balochistan,Marble,Botticino Beige,Flamed,16,60.9,121.61,0.0,7406.05,Bank Transfer,Bilal Khan,Depot - Karachi,Delivered,11.0
ORD102831,2025-08-26,CUST2027,Peshawar,KPK,Marble,Rangeela Marble,Bush Hammered,18,179.4,138.59,0.0,24863.05,Bank Transfer,Bilal Khan,Depot - Multan,Delivered,6.0
ORD101306,2024-11-03,CUST1582,Islamabad,Federal,Tile,Indus Green,Flamed,16,91.8,103.93,0.0,9540.77,Bank Transfer,Zain Abbas,Depot - Karachi,In Transit,10.0
ORD103581,2025-03-27,CUST2223,Sialkot,Punjab,Marble,Indus Green,Honed,20,103.2,164.13,5.0,16091.31,Credit (30 days),Fahad Malik,Depot - Multan,Delivered,5.0
ORD103831,2024-05-28,CUST1109,Faisalabad,Punjab,Marble,Emperador Brown,Polished,20,177.5,191.34,0.0,33962.85,Cash,Fahad Malik,Depot - Lahore,Pending,7.0
ORD103688,2024-12-17,CUST2884,Mianwali,Punjab,Marble,Indus Green,Polished,18,84.4,169.64,0.0,14317.62,Cash,Usman Tariq,Depot - Karachi,Delivered,3.0
ORD100295,2025-11-25,CUST2153,Karachi,Sindh,Marble,Botticino Beige,Polished,20,122.0,174.69,0.0,21312.18,Cheque,Tariq Mehmood,Main Yard - Chiniot,Delivered,10.0
ORD102990,2025-04-04,CUST2798,Chiniot,Punjab,Marble,Chiniot Black,Polished,22,196.4,232.06,0.0,45576.58,Cash,Hamza Sheikh,Main Yard - Chiniot,Pending,7.0
ORD104062,2025-11-23,CUST3236,Rawalpindi,Punjab,Marble,Buff Marble,Flamed,16,218.9,158.18,5.0,32894.32,Credit (30 days),Saad Iqbal,Depot - Karachi,Cancelled,7.0
ORD100384,2024-09-22,CUST2472,Rawalpindi,Punjab,Tile,Indus Green,Polished,22,327.3,103.83,0.0,33983.56,Credit (30 days),Zain Abbas,Depot - Multan,Pending,7.0
ORD102691,2024-11-06,CUST2669,Mianwali,Punjab,Marble,Rangeela Marble,Honed,20,317.6,175.93,0.0,55875.37,Bank Transfer,Saad Iqbal,Main Yard - Chiniot,In Transit,10.0
ORD101098,2025-03-04,CUST2003,Lahore,Punjab,Tile,Chaghi Golden,Honed,16,169.0,79.3,0.0,13401.7,Bank Transfer,Bilal Khan,Depot - Lahore,Delivered,6.0
ORD102843,2025-05-15,CUST3105,Islamabad,Federal,Onyx,Chiniot Black,Polished,16,383.1,311.72,5.0,113448.94,Cash,Saad Iqbal,Depot - Karachi,Pending,7.0
ORD104751,2024-01-21,CUST1967,Sialkot,Punjab,Tile,Chaghi Golden,Polished,20,31.1,87.76,0.0,2729.34,Bank Transfer,Tariq Mehmood,Depot - Lahore,Delivered,12.0
ORD102519,2025-06-30,CUST2799,Islamabad,Federal,Marble,Sunny Grey,Polished,16,55.7,167.42,10.0,8392.76,Credit (30 days),Hamza Sheikh,Main Yard - Chiniot,Delivered,7.0
ORD104096,2025-05-16,CUST2055,Karachi,Sindh,Marble,Rangeela Marble,Polished,16,117.2,154.45,0.0,18101.54,Cash,Fahad Malik,Depot - Multan,Delivered,8.0
ORD102522,2024-05-05,CUST1039,Sialkot,Punjab,Onyx,Ziarat White,Polished,30,20.0,403.17,0.0,8063.4,Cheque,Usman Tariq,Depot - Lahore,Cancelled,5.0
ORD103702,2025-06-12,CUST2839,Mianwali,Punjab,Marble,Black Galaxy,Honed,20,46.7,216.22,0.0,10097.47,Cash,Ahmed Raza,Depot - Lahore,Delivered,7.0
ORD103043,2025-07-05,CUST2421,Sialkot,Punjab,Onyx,Buff Marble,Leather,18,61.3,396.79,0.0,24323.23,Bank Transfer,Bilal Khan,Depot - Lahore,Delivered,5.0
ORD101891,2025-06-24,CUST3396,Gujranwala,Punjab,Marble,Botticino Beige,Polished,30,310.4,146.57,0.0,45495.33,Bank Transfer,Saad Iqbal,Main Yard - Chiniot,Delivered,8.0
ORD103108,2025-03-17,CUST1072,Karachi,Sindh,Marble,Buff Marble,Polished,16,157.0,122.64,0.0,19254.48,Cash,Hamza Sheikh,Depot - Multan,Delivered,8.0
ORD100536,2024-12-05,CUST1212,Rawalpindi,Punjab,Marble,Indus Green,Polished,20,83.9,163.01,0.0,13676.54,Cheque,Bilal Khan,Depot - Lahore,Delivered,5.0
ORD101240,2025-06-22,CUST2794,Islamabad,Federal,Tile,Ziarat White,Polished,30,415.4,112.38,0.0,46682.65,Credit (30 days),Zain Abbas,Depot - Karachi,In Transit,6.0
ORD101456,2025-03-21,CUST1909,Islamabad,Federal,Tile,Sunny Grey,Polished,22,288.7,89.51,5.0,24549.46,Cash,Hamza Sheikh,Depot - Multan,Delivered,12.0
ORD104422,2025-10-15,CUST1677,Peshawar,KPK,Marble,Multi Red,Bush Hammered,20,92.6,197.15,5.0,17343.29,Credit (30 days),Zain Abbas,Depot - Lahore,Delivered,7.0
ORD102245,2024-01-13,CUST1393,Multan,Punjab,Onyx,Teri White,Polished,30,21.6,353.74,0.0,7640.78,Cash,Hamza Sheikh,Depot - Karachi,Cancelled,7.0
ORD103937,2025-12-01,CUST2426,Mianwali,Punjab,Onyx,Multi Red,Leather,18,65.7,422.7,0.0,27771.39,Bank Transfer,Fahad Malik,Depot - Karachi,Delivered,7.0
ORD101342,2024-10-11,CUST1067,Karachi,Sindh,Marble,Botticino Beige,Polished,18,237.1,148.35,0.0,35173.78,Bank Transfer,Saad Iqbal,Depot - Karachi,Delivered,11.0
ORD101788,2025-12-04,CUST2259,Chiniot,Punjab,Tile,Ziarat White,Polished,18,94.2,75.71,0.0,7131.88,Cheque,Bilal Khan,Depot - Karachi,Delivered,8.0
ORD102640,2025-07-15,CUST2329,Rawalpindi,Punjab,Marble,Multi Red,Polished,30,35.4,199.52,0.0,7063.01,Credit (30 days),Hamza Sheikh,Depot - Karachi,Delivered,7.0
ORD101678,2025-01-14,CUST1936,Rawalpindi,Punjab,Granite,Sunny Grey,Polished,30,151.9,294.34,0.0,44710.25,Credit (30 days),Saad Iqbal,Depot - Multan,Delivered,2.0
ORD101389,2025-12-06,CUST2783,Peshawar,KPK,Marble,Buff Marble,Honed,18,42.8,166.84,10.0,6426.68,Credit (30 days),Saad Iqbal,Depot - Multan,In Transit,4.0
ORD104087,2024-11-05,CUST2405,Chiniot,Punjab,Marble,Buff Marble,Polished,22,149.9,167.25,0.0,25070.78,Credit (30 days),Zain Abbas,Depot - Lahore,Pending,10.0
ORD101574,2025-05-20,CUST3322,Lahore,Punjab,Onyx,Multi Red,Flamed,22,20.0,479.77,0.0,9595.4,Bank Transfer,Zain Abbas,Main Yard - Chiniot,Pending,7.0
ORD101703,2025-11-12,CUST2265,Islamabad,Federal,Marble,Indus Green,Honed,30,199.9,238.61,15.0,40543.42,Cash,Bilal Khan,Depot - Karachi,Pending,7.0
ORD101318,2025-07-25,CUST1018,Karachi,Sindh,Marble,Sunny Grey,Polished,20,46.0,227.04,0.0,10443.84,Bank Transfer,Tariq Mehmood,Depot - Karachi,Delivered,6.0
ORD103791,2025-12-01,CUST3384,Mianwali,Punjab,Marble,Multi Red,Polished,22,45.7,186.04,0.0,8502.03,Cheque,Hamza Sheikh,Main Yard - Chiniot,Delivered,3.0
ORD102840,2024-08-09,CUST3453,Mianwali,Punjab,Onyx,Sunny Grey,Polished,18,52.8,424.77,10.0,20185.07,Credit (30 days),Ahmed Raza,Depot - Karachi,Delivered,6.0
ORD100681,2025-09-03,CUST1445,Gujranwala,Punjab,Granite,Rangeela Marble,Flamed,22,278.0,321.29,5.0,84852.69,Bank Transfer,Bilal Khan,Depot - Karachi,Cancelled,6.0
ORD104974,2024-03-01,CUST2144,Peshawar,KPK,Marble,Multi Red,Honed,30,334.2,160.34,10.0,48227.07,Cheque,Saad Iqbal,Depot - Lahore,Delivered,10.0
ORD102634,2025-07-21,CUST2666,Multan,Punjab,Marble,Buff Marble,Polished,22,20.0,232.25,0.0,4645.0,Cash,Usman Tariq,Depot - Lahore,Delivered,8.0
ORD100982,2025-10-10,CUST1964,Faisalabad,Punjab,Marble,Black Galaxy,Polished,16,263.5,189.54,10.0,44949.41,Cash,Fahad Malik,Depot - Lahore,Delivered,4.0
ORD102870,2025-12-11,CUST1846,Sialkot,Punjab,Marble,Multi Red,Polished,20,260.3,203.64,0.0,53007.49,Cash,Saad Iqbal,Depot - Karachi,Delivered,6.0
ORD101755,2025-12-07,CUST2756,Gujranwala,Punjab,Marble,Botticino Beige,Leather,20,41.1,181.03,0.0,7440.33,Credit (30 days),Hamza Sheikh,Depot - Karachi,Delivered,4.0
ORD100431,2025-10-02,CUST3322,Rawalpindi,Punjab,Granite,Sunny Grey,Polished,22,147.9,246.23,0.0,36417.42,Bank Transfer,Usman Tariq,Depot - Karachi,Delivered,6.0
ORD103539,2024-03-26,CUST1013,Sialkot,Punjab,Tile,Sunny Grey,Polished,16,39.7,78.47,0.0,3115.26,Bank Transfer,Saad Iqbal,Main Yard - Chiniot,Delivered,6.0
ORD103848,2024-05-04,CUST1774,Peshawar,KPK,Marble,Chaghi Golden,Polished,22,95.9,175.4,0.0,16820.86,Cheque,Bilal Khan,Main Yard - Chiniot,Delivered,9.0
ORD103758,2024-01-05,CUST3161,Mianwali,Punjab,Tile,Chiniot Black,Polished,18,20.0,84.95,0.0,1699.0,Credit (30 days),Saad Iqbal,Main Yard - Chiniot,Delivered,7.0
ORD103237,2024-03-13,CUST1672,Mianwali,Punjab,Onyx,Chiniot Black,Polished,22,136.3,567.77,0.0,77387.05,Cash,Saad Iqbal,Depot - Multan,Delivered,7.0
ORD102836,2025-06-06,CUST1125,Islamabad,Federal,Onyx,Sunny Grey,Honed,16,61.7,376.47,0.0,23228.2,Cash,Tariq Mehmood,Depot - Multan,Pending,9.0
ORD100875,2024-05-16,CUST2075,Sialkot,Punjab,Onyx,Sunny Grey,Leather,16,160.0,352.8,0.0,56448.0,Cheque,Bilal Khan,Depot - Lahore,Delivered,7.0
ORD101021,2024-09-28,CUST3393,Karachi,Sindh,Marble,Chiniot Black,Bush Hammered,20,308.9,157.78,0.0,48738.24,Bank Transfer,Fahad Malik,Depot - Lahore,Delivered,7.0
ORD100692,2024-07-15,CUST2081,Islamabad,Federal,Granite,Emperador Brown,Polished,16,20.1,239.92,0.0,4822.39,Cash,Usman Tariq,Main Yard - Chiniot,Delivered,9.0
ORD103290,2025-06-23,CUST1332,Lahore,Punjab,Marble,Chiniot Black,Polished,22,250.3,187.99,0.0,47053.9,Credit (30 days),Tariq Mehmood,Depot - Lahore,In Transit,5.0
ORD100596,2025-10-22,CUST1089,Gujranwala,Punjab,Granite,Emperador Brown,Leather,18,179.9,269.65,0.0,48510.04,Cash,Usman Tariq,Depot - Lahore,Delivered,11.0
ORD104348,2025-09-20,CUST3309,Sialkot,Punjab,Granite,Rangeela Marble,Polished,22,152.5,213.88,0.0,32616.7,Cheque,Tariq Mehmood,Depot - Lahore,Pending,8.0
ORD101087,2025-12-04,CUST2922,Sialkot,Punjab,Tile,Multi Red,Flamed,18,51.7,83.34,0.0,4308.68,Bank Transfer,Hamza Sheikh,Main Yard - Chiniot,Delivered,10.0
ORD103821,2024-03-21,CUST1464,Lahore,Punjab,Marble,Multi Red,Polished,18,192.9,197.8,0.0,38155.62,Cheque,Ahmed Raza,Depot - Multan,Delivered,5.0
ORD100778,2025-06-22,CUST2929,Gujranwala,Punjab,Marble,Sunny Grey,Bush Hammered,30,114.0,205.46,0.0,23422.44,Bank Transfer,Hamza Sheikh,Main Yard - Chiniot,Pending,10.0
ORD102923,2025-07-30,CUST1347,Peshawar,KPK,Tile,Rangeela Marble,Polished,22,200.9,101.83,0.0,20457.65,Credit (30 days),Bilal Khan,Depot - Karachi,Delivered,8.0
ORD103680,2024-10-04,CUST1518,Multan,Punjab,Marble,Indus Green,Flamed,20,95.8,208.43,0.0,19967.59,Bank Transfer,Fahad Malik,Depot - Karachi,Delivered,6.0
ORD103039,2025-10-17,CUST1393,Karachi,Sindh,Granite,Emperador Brown,Polished,16,144.8,232.78,10.0,30335.89,Cash,Saad Iqbal,Main Yard - Chiniot,In Transit,8.0
ORD103899,2024-03-31,CUST1168,Rawalpindi,Punjab,Marble,Teri White,Honed,30,196.3,201.09,0.0,39473.97,Credit (30 days),Hamza Sheikh,Depot - Multan,Delivered,9.0
ORD100870,2024-03-13,CUST3446,Quetta,Balochistan,Marble,Botticino Beige,Honed,20,153.4,181.31,0.0,27812.95,Cash,Tariq Mehmood,Depot - Lahore,Cancelled,6.0
ORD104668,2025-04-08,CUST2483,Islamabad,Federal,Tile,Botticino Beige,Polished,16,101.5,92.19,0.0,9357.28,Bank Transfer,Ahmed Raza,Main Yard - Chiniot,In Transit,10.0
ORD104628,2025-09-22,CUST2258,Karachi,Sindh,Marble,Ziarat White,Bush Hammered,20,353.9,189.7,0.0,67134.83,Cash,Ahmed Raza,Main Yard - Chiniot,Cancelled,7.0
ORD100100,2025-11-02,CUST3208,Quetta,Balochistan,Granite,Botticino Beige,Polished,30,119.3,256.12,0.0,30555.12,Cash,Bilal Khan,Main Yard - Chiniot,Delivered,7.0
ORD100889,2024-12-24,CUST2500,Quetta,Balochistan,Marble,Emperador Brown,Polished,20,77.4,170.78,0.0,13218.37,Bank Transfer,Tariq Mehmood,Depot - Karachi,Delivered,6.0
ORD104040,2024-12-06,CUST1203,Islamabad,Federal,Granite,Indus Green,Polished,30,116.4,235.92,0.0,27461.09,Cash,Zain Abbas,Depot - Karachi,In Transit,8.0
ORD100305,2024-08-19,CUST1998,Peshawar,KPK,Marble,Buff Marble,Polished,20,51.2,202.33,0.0,10359.3,Cheque,Bilal Khan,Main Yard - Chiniot,Pending,7.0
ORD103890,2024-01-16,CUST2812,Lahore,Punjab,Marble,Rangeela Marble,Polished,16,214.7,170.24,0.0,36550.53,Bank Transfer,Bilal Khan,Depot - Karachi,Cancelled,9.0
ORD101393,2025-07-08,CUST3035,Mianwali,Punjab,Onyx,Multi Red,Polished,16,166.6,377.51,15.0,53459.19,Cheque,Usman Tariq,Depot - Karachi,In Transit,6.0
ORD104960,2025-07-26,CUST1878,Multan,Punjab,Marble,Teri White,Polished,18,58.0,185.24,0.0,10743.92,Credit (30 days),Fahad Malik,Depot - Lahore,In Transit,7.0
ORD101783,2024-11-23,CUST2256,Sialkot,Punjab,Granite,Buff Marble,Polished,18,70.5,336.73,0.0,23739.46,Cash,Tariq Mehmood,Depot - Multan,Delivered,5.0
ORD102539,2024-12-28,CUST1858,Multan,Punjab,Marble,Sunny Grey,Bush Hammered,18,136.9,187.28,0.0,25638.63,Cash,Bilal Khan,Depot - Multan,In Transit,7.0
ORD103204,2024-11-28,CUST2875,Sialkot,Punjab,Tile,Ziarat White,Leather,18,219.5,73.23,0.0,16073.98,Bank Transfer,Ahmed Raza,Depot - Lahore,Delivered,10.0
ORD104857,2025-07-15,CUST1457,Karachi,Sindh,Marble,Botticino Beige,Polished,18,68.1,185.03,5.0,11970.52,Credit (30 days),Bilal Khan,Depot - Multan,Delivered,2.0
ORD101036,2024-11-01,CUST1995,Rawalpindi,Punjab,Marble,Emperador Brown,Honed,20,80.3,157.2,0.0,12623.16,Bank Transfer,Tariq Mehmood,Main Yard - Chiniot,Delivered,6.0
ORD104723,2024-03-11,CUST1681,Multan,Punjab,Tile,Teri White,Honed,18,171.1,96.42,0.0,16497.46,Bank Transfer,Hamza Sheikh,Depot - Lahore,Pending,5.0
ORD103063,2025-08-31,CUST1325,Peshawar,KPK,Tile,Buff Marble,Polished,16,41.5,114.37,0.0,4746.36,Credit (30 days),Ahmed Raza,Main Yard - Chiniot,Delivered,4.0
ORD100279,2024-09-15,CUST3078,Chiniot,Punjab,Tile,Indus Green,Bush Hammered,30,185.9,106.7,0.0,19835.53,Credit (30 days),Fahad Malik,Depot - Lahore,Delivered,7.0
ORD103867,2024-10-07,CUST1058,Multan,Punjab,Onyx,Sunny Grey,Polished,18,315.9,497.53,0.0,157169.73,Credit (30 days),Fahad Malik,Main Yard - Chiniot,Cancelled,5.0
ORD102371,2024-06-01,CUST2810,Karachi,Sindh,Marble,Rangeela Marble,Polished,18,164.1,190.73,0.0,31298.79,Credit (30 days),Zain Abbas,Depot - Karachi,Delivered,6.0
ORD101916,2025-02-26,CUST1469,Gujranwala,Punjab,Granite,Teri White,Bush Hammered,30,39.3,183.54,0.0,7213.12,Bank Transfer,Saad Iqbal,Main Yard - Chiniot,Pending,9.0
ORD102887,2024-01-03,CUST3118,Sialkot,Punjab,Onyx,Botticino Beige,Honed,22,48.6,332.01,0.0,16135.69,Bank Transfer,Zain Abbas,Depot - Karachi,In Transit,5.0
ORD101326,2025-08-03,CUST2613,Rawalpindi,Punjab,Granite,Botticino Beige,Flamed,20,157.9,223.0,0.0,35211.7,Cheque,Ahmed Raza,Main Yard - Chiniot,Delivered,9.0
ORD102884,2025-04-17,CUST1027,Peshawar,KPK,Tile,Emperador Brown,Bush Hammered,18,135.3,96.45,0.0,13049.69,Bank Transfer,Zain Abbas,Depot - Multan,Cancelled,8.0
ORD101878,2024-07-03,CUST2787,Mianwali,Punjab,Granite,Teri White,Polished,16,142.7,310.0,15.0,37601.45,Cheque,Zain Abbas,Main Yard - Chiniot,Cancelled,11.0
ORD101428,2025-11-15,CUST2986,Peshawar,KPK,Onyx,Chiniot Black,Honed,30,85.7,621.93,5.0,50634.43,Cash,Ahmed Raza,Depot - Multan,Pending,7.0
ORD102603,2025-08-18,CUST1971,Faisalabad,Punjab,Marble,Black Galaxy,Flamed,16,168.9,181.26,5.0,29084.07,Cheque,Ahmed Raza,Main Yard - Chiniot,In Transit,10.0
ORD101169,2024-11-10,CUST1615,Mianwali,Punjab,Onyx,Indus Green,Polished,18,64.6,444.23,15.0,24392.67,Bank Transfer,Hamza Sheikh,Depot - Multan,Pending,9.0
ORD101066,2025-11-01,CUST2053,Quetta,Balochistan,Marble,Rangeela Marble,Leather,22,69.3,170.58,0.0,11821.19,Cash,Zain Abbas,Depot - Lahore,Delivered,5.0
ORD101860,2025-02-13,CUST3224,Gujranwala,Punjab,Tile,Sunny Grey,Polished,22,44.7,92.62,10.0,3726.1,Credit (30 days),Hamza Sheikh,Depot - Lahore,Delivered,6.0
ORD102287,2025-09-15,CUST1353,Peshawar,KPK,Marble,Rangeela Marble,Polished,22,50.3,176.33,0.0,8869.4,Bank Transfer,Zain Abbas,Depot - Multan,Delivered,5.0
ORD103526,2025-07-20,CUST1148,Sialkot,Punjab,Marble,Chaghi Golden,Honed,30,40.2,245.59,0.0,9872.72,Bank Transfer,Hamza Sheikh,Depot - Multan,Delivered,7.0
ORD100704,2025-05-26,CUST1682,Rawalpindi,Punjab,Marble,Chiniot Black,Polished,22,20.1,266.9,15.0,4559.99,Bank Transfer,Ahmed Raza,Depot - Multan,Cancelled,7.0
ORD100922,2024-02-15,CUST3259,Quetta,Balochistan,Granite,Chiniot Black,Polished,18,40.3,275.13,0.0,11087.74,Bank Transfer,Zain Abbas,Depot - Multan,Delivered,8.0
ORD102540,2025-08-06,CUST1736,Islamabad,Federal,Marble,Chiniot Black,Bush Hammered,22,20.0,214.45,0.0,4289.0,Credit (30 days),Fahad Malik,Depot - Multan,Delivered,4.0
ORD104237,2024-12-09,CUST2914,Sialkot,Punjab,Granite,Chaghi Golden,Flamed,16,76.5,220.72,0.0,16885.08,Cash,Usman Tariq,Depot - Karachi,Delivered,10.0
ORD102437,2025-04-10,CUST1589,Sialkot,Punjab,Marble,Botticino Beige,Honed,18,205.9,171.23,0.0,35256.26,Credit (30 days),Usman Tariq,Main Yard - Chiniot,Delivered,6.0
ORD102835,2024-04-26,CUST1298,Peshawar,KPK,Marble,Botticino Beige,Polished,18,129.4,158.67,0.0,20531.9,Bank Transfer,Zain Abbas,Depot - Multan,In Transit,11.0
ORD101840,2025-11-10,CUST1468,Chiniot,Punjab,Marble,Chaghi Golden,Honed,22,152.8,245.17,0.0,37461.98,Cheque,Hamza Sheikh,Main Yard - Chiniot,In Transit,11.0
ORD104586,2025-11-18,CUST3179,Rawalpindi,Punjab,Tile,Botticino Beige,Leather,18,198.1,86.22,0.0,17080.18,Credit (30 days),Ahmed Raza,Depot - Karachi,Cancelled,12.0
ORD103608,2024-10-28,CUST2291,Peshawar,KPK,Marble,Rangeela Marble,Polished,30,22.9,190.11,0.0,4353.52,Cash,Bilal Khan,Depot - Karachi,Cancelled,7.0
ORD102078,2024-03-09,CUST2007,Peshawar,KPK,Onyx,Multi Red,Polished,30,194.9,413.13,0.0,80519.04,Cash,Zain Abbas,Depot - Multan,In Transit,11.0
ORD101100,2025-11-27,CUST1362,Mianwali,Punjab,Onyx,Chiniot Black,Leather,20,144.8,453.63,15.0,55832.78,Bank Transfer,Ahmed Raza,Depot - Karachi,Delivered,4.0
ORD102077,2025-08-30,CUST2388,Rawalpindi,Punjab,Marble,Rangeela Marble,Polished,20,168.5,166.02,10.0,25176.93,Cash,Hamza Sheikh,Depot - Lahore,Cancelled,7.0
ORD101818,2024-08-07,CUST1623,Sialkot,Punjab,Marble,Indus Green,Polished,18,67.3,175.39,0.0,11803.75,Cash,Usman Tariq,Depot - Lahore,In Transit,8.0
ORD103796,2025-09-09,CUST1632,Gujranwala,Punjab,Tile,Emperador Brown,Polished,20,300.7,80.88,15.0,20672.52,Cash,Zain Abbas,Depot - Multan,Cancelled,9.0
ORD103686,2025-11-29,CUST2359,Lahore,Punjab,Marble,Indus Green,Honed,20,94.0,154.95,0.0,14565.3,Credit (30 days),Ahmed Raza,Depot - Lahore,Delivered,10.0
ORD104713,2025-10-22,CUST1818,Lahore,Punjab,Marble,Botticino Beige,Polished,22,131.0,204.63,0.0,26806.53,Cash,Bilal Khan,Depot - Lahore,Pending,5.0
ORD103196,2025-11-29,CUST2900,Multan,Punjab,Marble,Teri White,Polished,18,117.1,176.36,15.0,17553.99,Cheque,Fahad Malik,Depot - Lahore,In Transit,2.0
ORD100830,2024-02-23,CUST2601,Peshawar,KPK,Onyx,Chiniot Black,Flamed,20,22.6,399.06,0.0,9018.76,Credit (30 days),Ahmed Raza,Depot - Karachi,Pending,7.0
ORD101461,2024-01-27,CUST1872,Sialkot,Punjab,Marble,Botticino Beige,Flamed,18,70.0,163.03,0.0,11412.1,Bank Transfer,Zain Abbas,Depot - Multan,Delivered,6.0
ORD102090,2025-04-16,CUST3395,Islamabad,Federal,Granite,Emperador Brown,Polished,20,65.1,298.51,0.0,19433.0,Cash,Zain Abbas,Depot - Karachi,Pending,8.0
ORD102841,2024-04-09,CUST2740,Quetta,Balochistan,Marble,Multi Red,Honed,18,102.6,183.89,0.0,18867.11,Cheque,Fahad Malik,Depot - Lahore,Cancelled,2.0
ORD103396,2024-12-07,CUST2321,Multan,Punjab,Marble,Buff Marble,Polished,18,61.3,188.89,0.0,11578.96,Cash,Bilal Khan,Main Yard - Chiniot,Delivered,9.0
ORD100150,2024-07-20,CUST2518,Mianwali,Punjab,Marble,Black Galaxy,Polished,16,130.2,199.03,0.0,25913.71,Cash,Usman Tariq,Depot - Karachi,Delivered,8.0
ORD102813,2025-03-07,CUST1120,Mianwali,Punjab,Onyx,Black Galaxy,Polished,20,145.5,311.48,0.0,45320.34,Cash,Usman Tariq,Main Yard - Chiniot,Delivered,7.0
ORD103248,2025-04-23,CUST2988,Sialkot,Punjab,Marble,Chaghi Golden,Polished,18,226.2,168.54,0.0,38123.75,Cheque,Hamza Sheikh,Depot - Karachi,Delivered,8.0
ORD102647,2025-01-21,CUST1166,Lahore,Punjab,Onyx,Indus Green,Polished,20,24.4,364.3,0.0,8888.92,Cash,Hamza Sheikh,Main Yard - Chiniot,Delivered,3.0
ORD103846,2024-11-22,CUST1056,Peshawar,KPK,Tile,Chaghi Golden,Polished,20,170.3,91.67,0.0,15611.4,Bank Transfer,Bilal Khan,Depot - Karachi,Delivered,7.0
ORD100909,2024-03-01,CUST1987,Karachi,Sindh,Marble,Ziarat White,Leather,22,143.4,186.78,5.0,25445.04,Credit (30 days),Bilal Khan,Main Yard - Chiniot,Delivered,4.0
ORD102605,2025-03-28,CUST1497,Lahore,Punjab,Marble,Rangeela Marble,Polished,18,168.6,240.34,0.0,40521.32,Credit (30 days),Tariq Mehmood,Depot - Multan,Cancelled,7.0
ORD103752,2024-11-23,CUST3275,Faisalabad,Punjab,Tile,Multi Red,Polished,18,108.0,69.82,0.0,7540.56,Credit (30 days),Fahad Malik,Depot - Lahore,Delivered,7.0
ORD102122,2024-11-19,CUST2585,Gujranwala,Punjab,Onyx,Multi Red,Honed,30,206.9,499.12,0.0,103267.93,Cheque,Ahmed Raza,Main Yard - Chiniot,Cancelled,8.0
ORD103872,2024-03-13,CUST2049,Sialkot,Punjab,Onyx,Emperador Brown,Honed,30,174.8,539.06,0.0,94227.69,Bank Transfer,Usman Tariq,Main Yard - Chiniot,Delivered,4.0
ORD100143,2025-08-03,CUST2534,Sialkot,Punjab,Marble,Emperador Brown,Flamed,30,20.0,222.47,15.0,3781.99,Cash,Zain Abbas,Depot - Karachi,Cancelled,5.0
ORD100641,2024-06-20,CUST1158,Peshawar,KPK,Marble,Black Galaxy,Polished,22,86.1,142.06,0.0,12231.37,Cash,Zain Abbas,Depot - Multan,Delivered,12.0
ORD102911,2024-02-16,CUST1448,Gujranwala,Punjab,Marble,Multi Red,Polished,30,20.0,230.05,0.0,4601.0,Cheque,Hamza Sheikh,Depot - Karachi,Delivered,8.0
ORD101673,2024-12-30,CUST2141,Karachi,Sindh,Tile,Multi Red,Polished,18,46.1,89.35,0.0,4119.04,Bank Transfer,Saad Iqbal,Depot - Lahore,Pending,5.0
ORD100614,2024-08-28,CUST1135,Gujranwala,Punjab,Marble,Buff Marble,Honed,18,85.5,182.91,0.0,15638.8,Bank Transfer,Saad Iqbal,Depot - Multan,Delivered,9.0
ORD104157,2025-07-05,CUST2803,Lahore,Punjab,Marble,Indus Green,Leather,16,20.0,174.86,0.0,3497.2,Credit (30 days),Fahad Malik,Depot - Lahore,Delivered,12.0
ORD103692,2025-08-07,CUST3363,Sialkot,Punjab,Tile,Sunny Grey,Leather,22,76.4,115.79,0.0,8846.36,Cash,Tariq Mehmood,Depot - Lahore,Delivered,6.0
ORD104083,2025-07-24,CUST1628,Lahore,Punjab,Marble,Botticino Beige,Polished,18,32.0,183.88,10.0,5295.74,Credit (30 days),Usman Tariq,Main Yard - Chiniot,Delivered,8.0
ORD104607,2024-12-09,CUST1540,Chiniot,Punjab,Onyx,Ziarat White,Leather,16,69.3,342.23,0.0,23716.54,Cash,Fahad Malik,Main Yard - Chiniot,Cancelled,10.0
ORD101500,2025-10-08,CUST1631,Karachi,Sindh,Tile,Teri White,Polished,16,96.3,75.82,10.0,6571.32,Credit (30 days),Bilal Khan,Depot - Multan,Delivered,8.0
ORD100411,2025-04-24,CUST1364,Multan,Punjab,Marble,Sunny Grey,Leather,30,355.2,205.08,10.0,65559.97,Credit (30 days),Ahmed Raza,Depot - Lahore,Pending,12.0
ORD102951,2024-10-13,CUST1176,Islamabad,Federal,Tile,Rangeela Marble,Polished,16,43.1,59.65,5.0,2442.37,Cash,Saad Iqbal,Depot - Karachi,Cancelled,3.0
ORD102728,2025-12-01,CUST3381,Faisalabad,Punjab,Marble,Chaghi Golden,Polished,22,20.0,225.08,0.0,4501.6,Cheque,Hamza Sheikh,Depot - Lahore,Delivered,9.0
ORD103664,2025-12-22,CUST1123,Rawalpindi,Punjab,Tile,Multi Red,Polished,20,29.4,82.1,0.0,2293.05,Credit (30 days),Ahmed Raza,Depot - Multan,In Transit,6.0
ORD103814,2025-03-16,CUST1886,Peshawar,KPK,Tile,Black Galaxy,Polished,30,31.8,81.21,5.0,2453.35,Credit (30 days),Zain Abbas,Main Yard - Chiniot,Delivered,13.0
ORD101930,2024-06-05,CUST1488,Quetta,Balochistan,Marble,Indus Green,Polished,16,98.6,122.26,5.0,11452.09,Cash,Hamza Sheikh,Depot - Karachi,In Transit,2.0
ORD104402,2025-10-09,CUST3377,Islamabad,Federal,Marble,Emperador Brown,Polished,30,269.4,186.49,0.0,50240.41,Cheque,Fahad Malik,Main Yard - Chiniot,Delivered,6.0
ORD104246,2025-08-27,CUST1151,Lahore,Punjab,Marble,Chiniot Black,Polished,22,26.9,198.94,0.0,5351.49,Bank Transfer,Hamza Sheikh,Depot - Karachi,Delivered,4.0
ORD102281,2024-08-16,CUST1702,Quetta,Balochistan,Onyx,Emperador Brown,Polished,30,20.0,375.2,0.0,7504.0,Cheque,Tariq Mehmood,Main Yard - Chiniot,Cancelled,9.0
ORD103673,2024-01-09,CUST3206,Faisalabad,Punjab,Onyx,Sunny Grey,Polished,16,150.1,351.34,0.0,52736.13,Cheque,Tariq Mehmood,Depot - Multan,Pending,7.0
ORD100224,2024-05-05,CUST3334,Islamabad,Federal,Granite,Multi Red,Polished,20,28.6,252.81,0.0,7230.37,Cash,Ahmed Raza,Depot - Lahore,Delivered,6.0
ORD104046,2024-02-08,CUST2744,Gujranwala,Punjab,Onyx,Chiniot Black,Polished,22,170.3,526.88,5.0,85241.28,Cash,Tariq Mehmood,Depot - Lahore,Delivered,4.0
ORD104822,2024-06-02,CUST2178,Karachi,Sindh,Onyx,Ziarat White,Honed,20,45.6,362.76,0.0,16541.86,Cheque,Fahad Malik,Depot - Multan,Delivered,7.0
ORD100798,2024-09-05,CUST2128,Islamabad,Federal,Granite,Sunny Grey,Bush Hammered,22,80.4,244.69,0.0,19673.08,Cash,Bilal Khan,Depot - Karachi,In Transit,8.0
ORD100986,2024-04-30,CUST1342,Islamabad,Federal,Marble,Chaghi Golden,Polished,30,65.4,145.39,0.0,9508.51,Bank Transfer,Bilal Khan,Depot - Lahore,In Transit,5.0
ORD102984,2024-08-19,CUST3252,Rawalpindi,Punjab,Marble,Multi Red,Polished,30,66.3,179.3,0.0,11887.59,Cheque,Fahad Malik,Depot - Multan,Delivered,8.0
ORD102185,2024-01-05,CUST2738,Karachi,Sindh,Marble,Indus Green,Polished,22,20.0,205.33,0.0,4106.6,Bank Transfer,Fahad Malik,Depot - Lahore,Delivered,9.0
ORD104168,2024-04-17,CUST2345,Rawalpindi,Punjab,Granite,Emperador Brown,Polished,30,213.6,332.79,0.0,71083.94,Credit (30 days),Zain Abbas,Depot - Lahore,Pending,6.0
ORD100152,2025-08-17,CUST1841,Chiniot,Punjab,Marble,Buff Marble,Honed,20,50.6,217.96,0.0,11028.78,Bank Transfer,Ahmed Raza,Main Yard - Chiniot,Delivered,10.0
ORD104302,2025-03-19,CUST2438,Sialkot,Punjab,Marble,Black Galaxy,Polished,22,501.7,192.38,10.0,86865.34,Bank Transfer,Saad Iqbal,Main Yard - Chiniot,In Transit,6.0
ORD103384,2025-12-01,CUST2139,Rawalpindi,Punjab,Tile,Chiniot Black,Honed,16,127.3,93.68,0.0,11925.46,Bank Transfer,Tariq Mehmood,Depot - Lahore,Delivered,8.0
ORD100222,2025-11-10,CUST1057,Faisalabad,Punjab,Marble,Rangeela Marble,Flamed,20,240.2,153.44,5.0,35013.47,Bank Transfer,Bilal Khan,Depot - Multan,Cancelled,6.0
ORD103948,2025-08-29,CUST3370,Multan,Punjab,Onyx,Teri White,Honed,22,57.0,486.37,0.0,27723.09,Cash,Fahad Malik,Depot - Karachi,Cancelled,8.0
ORD104898,2025-09-17,CUST1076,Quetta,Balochistan,Marble,Ziarat White,Honed,18,477.2,151.45,0.0,72271.94,Cash,Ahmed Raza,Main Yard - Chiniot,Delivered,4.0
ORD102226,2025-12-23,CUST2584,Mianwali,Punjab,Onyx,Buff Marble,Polished,30,139.7,532.52,0.0,74393.04,Cash,Bilal Khan,Depot - Karachi,Delivered,9.0
ORD101271,2024-06-05,CUST3007,Gujranwala,Punjab,Marble,Chiniot Black,Polished,30,22.1,246.15,0.0,5439.92,Bank Transfer,Fahad Malik,Depot - Lahore,Cancelled,10.0
ORD104781,2024-12-12,CUST1242,Islamabad,Federal,Granite,Teri White,Polished,16,42.9,213.83,0.0,9173.31,Cash,Saad Iqbal,Depot - Lahore,Pending,9.0
ORD100231,2024-10-24,CUST2605,Multan,Punjab,Marble,Chiniot Black,Polished,16,116.5,165.12,15.0,16351.01,Credit (30 days),Saad Iqbal,Depot - Multan,Delivered,10.0
ORD103996,2024-09-19,CUST2163,Lahore,Punjab,Marble,Buff Marble,Polished,30,103.9,207.18,5.0,20449.7,Cheque,Usman Tariq,Main Yard - Chiniot,Cancelled,6.0
ORD104477,2024-11-12,CUST2620,Gujranwala,Punjab,Granite,Ziarat White,Polished,30,65.1,299.53,0.0,19499.4,Bank Transfer,Hamza Sheikh,Depot - Lahore,In Transit,5.0
ORD102080,2025-01-03,CUST1556,Lahore,Punjab,Onyx,Black Galaxy,Polished,22,34.9,503.78,0.0,17581.92,Credit (30 days),Ahmed Raza,Main Yard - Chiniot,Delivered,8.0
ORD100500,2024-12-15,CUST1464,Lahore,Punjab,Tile,Black Galaxy,Polished,16,72.1,87.45,0.0,6305.14,Cash,Usman Tariq,Depot - Lahore,In Transit,8.0
ORD103127,2025-04-06,CUST2921,Rawalpindi,Punjab,Granite,Teri White,Polished,18,170.8,248.18,0.0,42389.14,Credit (30 days),Usman Tariq,Depot - Multan,Delivered,4.0
ORD104812,2025-10-10,CUST1445,Chiniot,Punjab,Marble,Rangeela Marble,Polished,18,322.3,181.62,15.0,49755.71,Cheque,Hamza Sheikh,Depot - Lahore,Delivered,4.0
ORD100429,2025-05-28,CUST1613,Chiniot,Punjab,Marble,Chiniot Black,Polished,30,86.8,227.82,0.0,19774.78,Credit (30 days),Saad Iqbal,Depot - Karachi,Delivered,7.0
ORD101480,2024-02-20,CUST1207,Karachi,Sindh,Marble,Indus Green,Polished,16,152.2,214.28,0.0,32613.42,Bank Transfer,Usman Tariq,Depot - Lahore,Pending,12.0
ORD101942,2025-05-20,CUST3384,Lahore,Punjab,Granite,Buff Marble,Polished,22,62.3,221.44,10.0,12416.14,Bank Transfer,Bilal Khan,Main Yard - Chiniot,In Transit,8.0
ORD101219,2025-10-19,CUST3304,Gujranwala,Punjab,Marble,Multi Red,Flamed,16,195.5,156.48,0.0,30591.84,Credit (30 days),Ahmed Raza,Depot - Lahore,In Transit,3.0
ORD102788,2024-08-31,CUST2309,Lahore,Punjab,Tile,Buff Marble,Polished,30,125.6,78.24,0.0,9826.94,Bank Transfer,Zain Abbas,Depot - Lahore,Delivered,10.0
ORD102037,2024-08-14,CUST1778,Sialkot,Punjab,Granite,Chaghi Golden,Polished,16,44.2,237.9,0.0,10515.18,Bank Transfer,Bilal Khan,Depot - Karachi,Cancelled,9.0
ORD102580,2024-05-08,CUST2633,Chiniot,Punjab,Marble,Multi Red,Honed,30,226.6,219.75,0.0,49795.35,Cash,Usman Tariq,Main Yard - Chiniot,Delivered,7.0
ORD100168,2025-10-16,CUST1514,Chiniot,Punjab,Marble,Ziarat White,Bush Hammered,20,110.3,192.31,0.0,21211.79,Cash,Hamza Sheikh,Depot - Karachi,In Transit,6.0
ORD103827,2024-06-30,CUST2094,Lahore,Punjab,Marble,Rangeela Marble,Leather,22,151.2,155.23,10.0,21123.7,Bank Transfer,Tariq Mehmood,Depot - Multan,Delivered,3.0
ORD103892,2024-06-16,CUST1541,Chiniot,Punjab,Granite,Indus Green,Honed,20,323.1,254.9,0.0,82358.19,Cheque,Ahmed Raza,Main Yard - Chiniot,Cancelled,6.0
ORD102043,2024-02-20,CUST3386,Islamabad,Federal,Marble,Indus Green,Flamed,18,158.9,206.42,0.0,32800.14,Cheque,Bilal Khan,Depot - Karachi,Cancelled,8.0
ORD104671,2024-06-12,CUST1849,Chiniot,Punjab,Marble,Teri White,Polished,16,193.1,202.55,0.0,39112.4,Bank Transfer,Fahad Malik,Main Yard - Chiniot,In Transit,6.0
ORD103826,2025-07-28,CUST2856,Gujranwala,Punjab,Onyx,Sunny Grey,Polished,20,85.7,454.6,0.0,38959.22,Cash,Tariq Mehmood,Depot - Karachi,Delivered,12.0
ORD101900,2025-01-06,CUST2032,Chiniot,Punjab,Granite,Chaghi Golden,Polished,20,47.2,261.01,0.0,12319.67,Cheque,Bilal Khan,Depot - Multan,Pending,7.0
ORD100682,2024-01-02,CUST2961,Rawalpindi,Punjab,Marble,Sunny Grey,Polished,22,20.0,206.26,0.0,4125.2,Bank Transfer,Usman Tariq,Main Yard - Chiniot,Delivered,4.0
ORD101821,2025-01-25,CUST1446,Quetta,Balochistan,Marble,Teri White,Honed,16,100.0,165.05,10.0,14854.5,Cheque,Ahmed Raza,Depot - Lahore,In Transit,8.0
ORD102821,2025-04-07,CUST2792,Gujranwala,Punjab,Granite,Indus Green,Polished,18,205.5,308.6,0.0,63417.3,Cheque,Tariq Mehmood,Depot - Lahore,Delivered,5.0
ORD104888,2024-08-10,CUST2842,Multan,Punjab,Marble,Multi Red,Polished,16,49.2,203.5,0.0,10012.2,Cash,Ahmed Raza,Depot - Karachi,Pending,7.0
ORD104427,2024-12-31,CUST1375,Sialkot,Punjab,Tile,Black Galaxy,Honed,18,20.0,87.12,0.0,1742.4,Credit (30 days),Hamza Sheikh,Depot - Multan,In Transit,13.0
ORD103157,2025-11-07,CUST2991,Multan,Punjab,Marble,Chiniot Black,Polished,16,249.4,159.05,0.0,39667.07,Bank Transfer,Saad Iqbal,Depot - Multan,Cancelled,5.0
ORD103001,2024-03-25,CUST3146,Sialkot,Punjab,Onyx,Buff Marble,Honed,18,97.0,311.53,0.0,30218.41,Cash,Tariq Mehmood,Depot - Lahore,Delivered,6.0
ORD103670,2024-03-26,CUST1506,Mianwali,Punjab,Granite,Multi Red,Flamed,22,88.3,200.08,0.0,17667.06,Cash,Usman Tariq,Depot - Multan,Pending,4.0
ORD102882,2024-11-21,CUST1427,Multan,Punjab,Marble,Teri White,Bush Hammered,22,147.5,142.17,5.0,19921.57,Cash,Zain Abbas,Depot - Karachi,In Transit,4.0
ORD100832,2025-01-16,CUST1269,Faisalabad,Punjab,Onyx,Botticino Beige,Honed,18,60.1,421.16,5.0,24046.13,Bank Transfer,Saad Iqbal,Depot - Karachi,Delivered,10.0
ORD100716,2024-08-09,CUST2823,Quetta,Balochistan,Tile,Indus Green,Polished,18,41.5,85.94,15.0,3031.53,Credit (30 days),Zain Abbas,Depot - Lahore,In Transit,14.0
ORD103064,2025-07-10,CUST2521,Sialkot,Punjab,Onyx,Indus Green,Polished,30,96.0,471.76,10.0,40760.06,Cash,Hamza Sheikh,Depot - Karachi,Cancelled,6.0
ORD100334,2024-02-11,CUST2664,Gujranwala,Punjab,Marble,Teri White,Polished,20,191.8,173.51,0.0,33279.22,Cheque,Bilal Khan,Depot - Multan,Delivered,8.0
ORD100313,2024-08-08,CUST2823,Karachi,Sindh,Tile,Chiniot Black,Leather,30,134.8,134.15,0.0,18083.42,Credit (30 days),Usman Tariq,Main Yard - Chiniot,Pending,6.0
ORD100278,2024-07-06,CUST2444,Faisalabad,Punjab,Onyx,Buff Marble,Polished,30,20.0,445.64,0.0,8912.8,Cheque,Hamza Sheikh,Depot - Lahore,Pending,4.0
ORD103908,2024-06-24,CUST2825,Lahore,Punjab,Marble,Emperador Brown,Bush Hammered,18,76.2,139.5,0.0,10629.9,Cheque,Tariq Mehmood,Depot - Karachi,In Transit,5.0
ORD100819,2024-07-28,CUST2993,Islamabad,Federal,Marble,Botticino Beige,Honed,16,259.0,144.58,0.0,37446.22,Credit (30 days),Zain Abbas,Depot - Lahore,Pending,8.0
ORD103314,2025-04-13,CUST2460,Chiniot,Punjab,Granite,Black Galaxy,Flamed,16,221.2,253.19,5.0,53205.35,Credit (30 days),Bilal Khan,Depot - Multan,Pending,8.0
ORD102709,2024-05-16,CUST2998,Sialkot,Punjab,Tile,Rangeela Marble,Honed,18,68.2,90.5,0.0,6172.1,Cash,Hamza Sheikh,Main Yard - Chiniot,In Transit,5.0
ORD100904,2025-11-20,CUST3224,Peshawar,KPK,Marble,Indus Green,Polished,20,49.3,148.12,0.0,7302.32,Bank Transfer,Ahmed Raza,Main Yard - Chiniot,Pending,9.0
ORD101369,2024-06-07,CUST1358,Faisalabad,Punjab,Granite,Buff Marble,Honed,20,31.2,304.36,0.0,9496.03,Cash,Bilal Khan,Depot - Karachi,Delivered,9.0
ORD101239,2024-12-15,CUST3090,Islamabad,Federal,Marble,Indus Green,Polished,30,106.5,231.76,0.0,24682.44,Bank Transfer,Ahmed Raza,Depot - Lahore,Cancelled,6.0
ORD102591,2025-09-19,CUST2839,Multan,Punjab,Marble,Black Galaxy,Honed,20,277.1,159.44,0.0,44180.82,Cash,Tariq Mehmood,Depot - Lahore,Delivered,8.0
ORD102969,2025-07-18,CUST1037,Sialkot,Punjab,Marble,Ziarat White,Honed,30,103.3,212.68,0.0,21969.84,Cheque,Usman Tariq,Depot - Multan,Delivered,11.0
ORD103175,2025-01-18,CUST3413,Quetta,Balochistan,Marble,Chaghi Golden,Polished,20,148.8,161.26,0.0,23995.49,Cash,Tariq Mehmood,Depot - Multan,Delivered,4.0
ORD104538,2024-08-14,CUST2819,Mianwali,Punjab,Marble,Teri White,Honed,20,20.0,161.83,0.0,3236.6,Credit (30 days),Bilal Khan,Depot - Karachi,Delivered,5.0
ORD104829,2024-09-27,CUST2108,Chiniot,Punjab,Granite,Ziarat White,Polished,22,66.6,240.05,0.0,15987.33,Cash,Hamza Sheikh,Depot - Karachi,Delivered,3.0
ORD100707,2024-03-13,CUST1242,Islamabad,Federal,Onyx,Buff Marble,Flamed,20,297.9,506.69,0.0,150942.95,Cheque,Hamza Sheikh,Depot - Lahore,Delivered,8.0
ORD100528,2024-02-21,CUST2891,Multan,Punjab,Marble,Buff Marble,Polished,20,101.2,173.23,0.0,17530.88,Cash,Saad Iqbal,Depot - Lahore,In Transit,3.0
ORD100987,2025-12-18,CUST3469,Karachi,Sindh,Tile,Indus Green,Leather,18,94.0,62.59,0.0,5883.46,Cash,Tariq Mehmood,Depot - Lahore,In Transit,8.0
ORD104197,2024-08-10,CUST1549,Islamabad,Federal,Granite,Rangeela Marble,Honed,16,73.6,193.95,5.0,13560.98,Bank Transfer,Fahad Malik,Depot - Multan,Delivered,9.0
ORD100795,2025-09-08,CUST2745,Multan,Punjab,Granite,Chaghi Golden,Polished,30,91.6,290.86,0.0,26642.78,Credit (30 days),Fahad Malik,Depot - Lahore,Cancelled,6.0
ORD102298,2025-08-06,CUST2190,Quetta,Balochistan,Marble,Botticino Beige,Polished,20,20.0,183.91,0.0,3678.2,Cash,Fahad Malik,Main Yard - Chiniot,Cancelled,11.0
ORD100470,2024-07-31,CUST2149,Sialkot,Punjab,Tile,Emperador Brown,Honed,20,20.0,112.89,0.0,2257.8,Bank Transfer,Usman Tariq,Depot - Multan,Delivered,6.0
ORD101972,2024-04-02,CUST2998,Quetta,Balochistan,Tile,Indus Green,Polished,18,168.3,96.6,0.0,16257.78,Credit (30 days),Zain Abbas,Depot - Lahore,Cancelled,9.0
ORD103599,2025-09-19,CUST3135,Lahore,Punjab,Granite,Chaghi Golden,Flamed,20,132.8,311.95,15.0,35212.92,Credit (30 days),Zain Abbas,Depot - Karachi,Delivered,11.0
ORD104638,2024-08-05,CUST3255,Multan,Punjab,Granite,Rangeela Marble,Polished,20,77.1,258.22,0.0,19908.76,Cash,Hamza Sheikh,Depot - Multan,In Transit,8.0
ORD100502,2025-09-12,CUST1306,Chiniot,Punjab,Tile,Buff Marble,Polished,30,175.8,93.89,10.0,14855.28,Cash,Usman Tariq,Main Yard - Chiniot,Delivered,5.0
ORD101540,2025-08-09,CUST2510,Chiniot,Punjab,Tile,Multi Red,Honed,22,37.7,108.33,0.0,4084.04,Cheque,Usman Tariq,Depot - Lahore,Pending,6.0
ORD103918,2024-10-07,CUST3109,Islamabad,Federal,Granite,Chaghi Golden,Polished,22,301.9,212.03,0.0,64011.86,Bank Transfer,Saad Iqbal,Main Yard - Chiniot,In Transit,8.0
ORD102186,2025-07-26,CUST3339,Rawalpindi,Punjab,Tile,Black Galaxy,Polished,22,28.7,111.14,5.0,3030.23,Cash,Fahad Malik,Depot - Multan,Cancelled,8.0
ORD102669,2024-09-12,CUST2467,Chiniot,Punjab,Marble,Multi Red,Polished,22,164.3,222.69,15.0,31099.77,Cash,Usman Tariq,Depot - Lahore,Delivered,10.0
ORD102812,2025-10-25,CUST2192,Chiniot,Punjab,Marble,Teri White,Leather,20,273.7,152.01,0.0,41605.14,Cheque,Zain Abbas,Depot - Lahore,In Transit,11.0
ORD101595,2025-01-03,CUST1273,Mianwali,Punjab,Marble,Indus Green,Polished,30,102.7,269.85,0.0,27713.6,Cash,Saad Iqbal,Main Yard - Chiniot,Delivered,5.0
ORD100631,2024-10-25,CUST3039,Rawalpindi,Punjab,Granite,Buff Marble,Honed,30,86.1,349.97,5.0,28625.8,Cash,Hamza Sheikh,Depot - Lahore,Cancelled,6.0
ORD104800,2025-06-02,CUST1753,Mianwali,Punjab,Granite,Chaghi Golden,Polished,20,72.0,241.4,0.0,17380.8,Bank Transfer,Hamza Sheikh,Depot - Multan,Delivered,10.0
ORD100921,2024-01-04,CUST2655,Karachi,Sindh,Marble,Chiniot Black,Polished,20,162.2,229.64,0.0,37247.61,Bank Transfer,Ahmed Raza,Depot - Lahore,Delivered,10.0
ORD103519,2025-10-22,CUST3340,Chiniot,Punjab,Granite,Emperador Brown,Polished,16,90.7,254.94,0.0,23123.06,Credit (30 days),Bilal Khan,Depot - Karachi,Delivered,4.0
ORD100070,2025-08-27,CUST2316,Faisalabad,Punjab,Marble,Multi Red,Polished,20,20.0,138.81,0.0,2776.2,Cheque,Usman Tariq,Main Yard - Chiniot,Pending,7.0
ORD103218,2024-06-10,CUST3497,Lahore,Punjab,Onyx,Chiniot Black,Leather,30,345.3,346.62,0.0,119687.89,Cheque,Ahmed Raza,Depot - Lahore,Delivered,7.0
ORD103677,2024-12-28,CUST2873,Quetta,Balochistan,Marble,Emperador Brown,Polished,22,166.4,207.86,5.0,32858.51,Credit (30 days),Saad Iqbal,Depot - Lahore,Cancelled,7.0
ORD103693,2025-05-15,CUST2107,Sialkot,Punjab,Granite,Buff Marble,Polished,22,78.3,279.81,0.0,21909.12,Cash,Fahad Malik,Depot - Multan,Delivered,6.0
ORD102724,2025-10-03,CUST1142,Peshawar,KPK,Marble,Buff Marble,Leather,22,93.4,163.66,0.0,15285.84,Credit (30 days),Hamza Sheikh,Depot - Multan,Delivered,4.0
ORD104627,2024-12-23,CUST1656,Peshawar,KPK,Tile,Chaghi Golden,Polished,18,87.9,107.22,15.0,8010.94,Cash,Ahmed Raza,Main Yard - Chiniot,Delivered,6.0
ORD103141,2025-05-07,CUST1324,Peshawar,KPK,Marble,Rangeela Marble,Polished,18,221.9,194.99,0.0,43268.28,Bank Transfer,Usman Tariq,Depot - Multan,Delivered,9.0
ORD102523,2025-12-30,CUST3007,Faisalabad,Punjab,Onyx,Sunny Grey,Honed,20,129.6,405.66,0.0,52573.54,Cash,Saad Iqbal,Main Yard - Chiniot,Delivered,3.0
ORD104810,2025-05-22,CUST1634,Peshawar,KPK,Marble,Ziarat White,Leather,16,68.5,187.97,0.0,12875.94,Cheque,Usman Tariq,Depot - Lahore,Pending,4.0
ORD100175,2025-01-09,CUST2105,Gujranwala,Punjab,Granite,Emperador Brown,Polished,20,61.6,251.2,0.0,15473.92,Cash,Zain Abbas,Depot - Lahore,Delivered,13.0
ORD100396,2024-12-04,CUST1415,Rawalpindi,Punjab,Marble,Chaghi Golden,Polished,16,121.6,251.83,0.0,30622.53,Bank Transfer,Zain Abbas,Main Yard - Chiniot,Delivered,6.0
ORD101141,2024-06-05,CUST1213,Gujranwala,Punjab,Marble,Sunny Grey,Honed,30,61.8,206.77,0.0,12778.39,Cash,Ahmed Raza,Main Yard - Chiniot,In Transit,5.0
ORD102782,2025-12-12,CUST2686,Karachi,Sindh,Marble,Chiniot Black,Honed,30,58.8,248.4,5.0,13875.62,Cash,Bilal Khan,Main Yard - Chiniot,Delivered,6.0
ORD101535,2024-12-13,CUST3010,Islamabad,Federal,Marble,Rangeela Marble,Honed,20,60.8,192.65,0.0,11713.12,Credit (30 days),Tariq Mehmood,Depot - Lahore,Delivered,5.0
ORD101603,2025-06-23,CUST1555,Karachi,Sindh,Tile,Black Galaxy,Polished,16,55.8,79.55,0.0,4438.89,Credit (30 days),Ahmed Raza,Depot - Multan,Pending,5.0
ORD101136,2024-10-18,CUST3172,Peshawar,KPK,Marble,Botticino Beige,Polished,20,20.0,173.62,5.0,3298.78,Cash,Fahad Malik,Main Yard - Chiniot,Cancelled,6.0
ORD100454,2025-04-20,CUST1446,Quetta,Balochistan,Tile,Chiniot Black,Leather,20,132.1,96.17,15.0,10798.45,Cash,Bilal Khan,Depot - Multan,In Transit,11.0
ORD104785,2024-04-30,CUST2235,Rawalpindi,Punjab,Granite,Sunny Grey,Leather,20,174.1,277.43,0.0,48300.56,Cash,Hamza Sheikh,Depot - Multan,Delivered,5.0
ORD101791,2025-10-04,CUST2559,Multan,Punjab,Marble,Ziarat White,Polished,30,203.1,205.83,0.0,41804.07,Cash,Saad Iqbal,Depot - Multan,Pending,4.0
ORD103325,2025-01-02,CUST3422,Sialkot,Punjab,Marble,Black Galaxy,Leather,20,43.4,216.05,10.0,8438.91,Cash,Fahad Malik,Depot - Multan,Delivered,9.0
ORD101186,2025-12-17,CUST1357,Multan,Punjab,Marble,Sunny Grey,Polished,16,62.0,154.45,0.0,9575.9,Cash,Zain Abbas,Depot - Karachi,Pending,11.0
ORD104244,2025-09-14,CUST2351,Rawalpindi,Punjab,Marble,Buff Marble,Polished,20,72.8,202.36,15.0,12522.04,Credit (30 days),Tariq Mehmood,Depot - Lahore,In Transit,11.0
ORD102680,2025-12-24,CUST1635,Chiniot,Punjab,Marble,Indus Green,Polished,30,197.1,187.19,10.0,33205.63,Cheque,Tariq Mehmood,Depot - Karachi,Delivered,8.0
ORD102034,2024-07-24,CUST1962,Mianwali,Punjab,Tile,Black Galaxy,Leather,22,20.0,112.14,0.0,2242.8,Bank Transfer,Tariq Mehmood,Depot - Karachi,In Transit,8.0
ORD102820,2025-01-29,CUST2360,Karachi,Sindh,Marble,Teri White,Honed,22,30.1,143.45,0.0,4317.84,Cash,Fahad Malik,Depot - Multan,Cancelled,6.0
ORD100961,2025-10-04,CUST2310,Rawalpindi,Punjab,Marble,Botticino Beige,Honed,22,97.7,183.65,0.0,17942.6,Cash,Hamza Sheikh,Depot - Multan,Delivered,5.0
ORD101449,2024-08-15,CUST3389,Peshawar,KPK,Marble,Indus Green,Polished,22,105.0,153.89,0.0,16158.45,Cash,Ahmed Raza,Depot - Karachi,In Transit,4.0
ORD102096,2025-11-17,CUST1616,Lahore,Punjab,Marble,Emperador Brown,Polished,30,95.4,207.37,0.0,19783.1,Credit (30 days),Tariq Mehmood,Main Yard - Chiniot,Cancelled,4.0
ORD101130,2024-05-19,CUST2186,Chiniot,Punjab,Granite,Buff Marble,Honed,16,256.9,270.51,0.0,69494.02,Cheque,Tariq Mehmood,Depot - Multan,Cancelled,3.0
ORD100776,2024-07-01,CUST2403,Karachi,Sindh,Onyx,Emperador Brown,Polished,30,29.5,649.55,15.0,16287.47,Cheque,Fahad Malik,Main Yard - Chiniot,Cancelled,6.0
ORD103995,2024-07-01,CUST2544,Karachi,Sindh,Marble,Multi Red,Honed,18,57.8,122.25,0.0,7066.05,Bank Transfer,Zain Abbas,Depot - Multan,Delivered,9.0
ORD100270,2025-05-17,CUST2292,Peshawar,KPK,Marble,Chiniot Black,Polished,30,211.7,176.67,0.0,37401.04,Bank Transfer,Bilal Khan,Main Yard - Chiniot,Delivered,6.0
ORD101974,2025-11-27,CUST2209,Gujranwala,Punjab,Marble,Ziarat White,Polished,22,144.4,198.33,0.0,28638.85,Cash,Fahad Malik,Main Yard - Chiniot,Pending,6.0
ORD104587,2024-01-21,CUST1697,Quetta,Balochistan,Marble,Sunny Grey,Flamed,16,143.7,180.9,0.0,25995.33,Cash,Ahmed Raza,Main Yard - Chiniot,Pending,2.0
ORD104265,2024-03-22,CUST1861,Karachi,Sindh,Onyx,Sunny Grey,Polished,20,59.2,498.22,15.0,25070.43,Cash,Bilal Khan,Depot - Karachi,Delivered,8.0
ORD100744,2024-05-22,CUST3405,Mianwali,Punjab,Marble,Buff Marble,Polished,20,74.5,147.28,0.0,10972.36,Credit (30 days),Usman Tariq,Main Yard - Chiniot,In Transit,4.0
ORD101674,2024-05-15,CUST3043,Chiniot,Punjab,Marble,Sunny Grey,Leather,20,121.0,192.3,0.0,23268.3,Cash,Saad Iqbal,Depot - Lahore,Delivered,6.0
ORD101699,2024-05-07,CUST2248,Islamabad,Federal,Granite,Teri White,Flamed,18,366.1,260.8,0.0,95478.88,Cash,Ahmed Raza,Depot - Lahore,Delivered,9.0
ORD101482,2024-10-26,CUST1369,Faisalabad,Punjab,Granite,Rangeela Marble,Polished,16,118.1,247.58,0.0,29239.2,Cheque,Saad Iqbal,Depot - Multan,Delivered,9.0
ORD101848,2024-09-02,CUST2120,Karachi,Sindh,Granite,Emperador Brown,Bush Hammered,16,82.5,271.29,10.0,20143.28,Credit (30 days),Tariq Mehmood,Depot - Lahore,Delivered,6.0
ORD104106,2024-07-17,CUST1904,Sialkot,Punjab,Marble,Indus Green,Flamed,30,177.4,197.21,10.0,31486.55,Bank Transfer,Saad Iqbal,Depot - Lahore,Delivered,12.0
ORD103940,2024-12-22,CUST2758,Lahore,Punjab,Tile,Botticino Beige,Polished,20,103.0,127.94,0.0,13177.82,Bank Transfer,Bilal Khan,Depot - Lahore,In Transit,12.0
ORD104056,2025-03-09,CUST2318,Islamabad,Federal,Tile,Chaghi Golden,Honed,22,97.3,103.65,0.0,10085.14,Credit (30 days),Bilal Khan,Depot - Lahore,Pending,7.0
ORD102038,2024-11-16,CUST1761,Faisalabad,Punjab,Marble,Chiniot Black,Honed,22,374.3,189.19,0.0,70813.82,Cash,Fahad Malik,Main Yard - Chiniot,Delivered,6.0
ORD100147,2024-09-26,CUST1882,Chiniot,Punjab,Onyx,Rangeela Marble,Polished,30,289.2,484.03,0.0,139981.48,Cheque,Ahmed Raza,Main Yard - Chiniot,In Transit,10.0
ORD104792,2024-12-13,CUST2723,Karachi,Sindh,Marble,Botticino Beige,Polished,30,96.8,232.64,10.0,20267.6,Cash,Tariq Mehmood,Depot - Lahore,In Transit,7.0
ORD101269,2025-10-04,CUST2681,Lahore,Punjab,Onyx,Indus Green,Polished,18,123.8,458.96,0.0,56819.25,Cash,Fahad Malik,Depot - Lahore,Cancelled,9.0
ORD103296,2025-03-19,CUST3066,Multan,Punjab,Marble,Teri White,Bush Hammered,30,50.9,230.71,0.0,11743.14,Cheque,Bilal Khan,Depot - Multan,Cancelled,7.0
ORD101247,2024-04-04,CUST2260,Mianwali,Punjab,Marble,Emperador Brown,Leather,22,128.1,209.51,5.0,25496.32,Cash,Zain Abbas,Main Yard - Chiniot,Pending,9.0
ORD100959,2024-04-14,CUST2367,Gujranwala,Punjab,Marble,Teri White,Polished,16,91.6,154.18,0.0,14122.89,Cheque,Bilal Khan,Depot - Multan,Delivered,11.0
ORD103774,2025-07-24,CUST2365,Chiniot,Punjab,Granite,Chiniot Black,Honed,20,92.9,298.61,0.0,27740.87,Bank Transfer,Saad Iqbal,Main Yard - Chiniot,Delivered,7.0
ORD101204,2024-07-23,CUST1509,Peshawar,KPK,Tile,Chaghi Golden,Polished,20,34.6,66.17,10.0,2060.53,Cheque,Tariq Mehmood,Depot - Multan,Cancelled,9.0
ORD101671,2025-03-22,CUST2669,Gujranwala,Punjab,Marble,Botticino Beige,Polished,18,266.3,185.13,0.0,49300.12,Cash,Fahad Malik,Depot - Karachi,Delivered,4.0
ORD100862,2025-07-10,CUST1234,Gujranwala,Punjab,Marble,Sunny Grey,Flamed,20,130.5,176.97,0.0,20785.13,Bank Transfer,Usman Tariq,Depot - Karachi,Delivered,7.0
ORD103871,2025-07-26,CUST1929,Chiniot,Punjab,Marble,Multi Red,Honed,22,273.1,172.13,15.0,39957.4,Cheque,Tariq Mehmood,Depot - Multan,Cancelled,6.0
ORD104508,2024-04-02,CUST1914,Karachi,Sindh,Marble,Teri White,Polished,20,123.6,194.74,0.0,24069.86,Cash,Saad Iqbal,Depot - Lahore,Delivered,8.0
ORD101289,2025-01-05,CUST1909,Chiniot,Punjab,Granite,Emperador Brown,Honed,22,157.1,309.86,10.0,43811.11,Cash,Ahmed Raza,Depot - Multan,Delivered,9.0
ORD101507,2025-05-13,CUST1966,Faisalabad,Punjab,Tile,Sunny Grey,Polished,22,75.7,78.03,0.0,5906.87,Cash,Fahad Malik,Depot - Multan,Cancelled,4.0
ORD100672,2024-03-13,CUST3470,Chiniot,Punjab,Marble,Chiniot Black,Honed,16,219.3,155.51,0.0,34103.34,Credit (30 days),Fahad Malik,Depot - Karachi,Cancelled,2.0
ORD103682,2024-08-21,CUST1845,Lahore,Punjab,Granite,Teri White,Polished,30,96.2,280.51,10.0,24286.56,Bank Transfer,Bilal Khan,Depot - Karachi,Delivered,6.0
ORD102710,2025-01-11,CUST3317,Chiniot,Punjab,Tile,Botticino Beige,Polished,30,45.9,106.01,0.0,4865.86,Cheque,Hamza Sheikh,Main Yard - Chiniot,In Transit,8.0
ORD103473,2024-02-17,CUST3249,Quetta,Balochistan,Granite,Chaghi Golden,Polished,18,150.2,293.73,0.0,44118.25,Bank Transfer,Bilal Khan,Main Yard - Chiniot,Delivered,4.0
ORD104594,2024-11-08,CUST1304,Chiniot,Punjab,Marble,Chiniot Black,Flamed,18,111.3,190.54,0.0,21207.1,Cheque,Zain Abbas,Depot - Multan,Delivered,3.0
ORD104563,2024-12-24,CUST3267,Gujranwala,Punjab,Granite,Emperador Brown,Polished,18,53.5,245.46,10.0,11818.9,Cheque,Hamza Sheikh,Depot - Karachi,In Transit,7.0
ORD100660,2024-03-29,CUST2686,Karachi,Sindh,Onyx,Chaghi Golden,Polished,18,77.8,377.87,5.0,27928.37,Cash,Tariq Mehmood,Depot - Multan,Delivered,7.0
ORD100993,2024-01-17,CUST1011,Quetta,Balochistan,Marble,Chiniot Black,Honed,20,87.2,166.52,0.0,14520.54,Bank Transfer,Usman Tariq,Depot - Multan,Cancelled,9.0
ORD100289,2024-09-11,CUST1385,Faisalabad,Punjab,Marble,Multi Red,Flamed,16,121.3,214.82,15.0,22149.02,Cash,Ahmed Raza,Depot - Lahore,In Transit,6.0
ORD104353,2024-05-30,CUST2455,Chiniot,Punjab,Onyx,Black Galaxy,Polished,18,197.8,372.74,0.0,73727.97,Cash,Bilal Khan,Main Yard - Chiniot,Pending,8.0
ORD101231,2025-01-12,CUST2151,Peshawar,KPK,Granite,Chiniot Black,Leather,20,62.2,294.14,0.0,18295.51,Bank Transfer,Fahad Malik,Depot - Karachi,Cancelled,6.0
ORD102265,2024-06-01,CUST2154,Chiniot,Punjab,Tile,Chaghi Golden,Polished,20,167.5,77.0,10.0,11607.75,Cash,Saad Iqbal,Depot - Multan,Pending,5.0
ORD101433,2025-09-11,CUST3450,Rawalpindi,Punjab,Marble,Rangeela Marble,Honed,30,38.8,201.56,0.0,7820.53,Cash,Ahmed Raza,Main Yard - Chiniot,In Transit,4.0
ORD102369,2025-03-14,CUST3297,Sialkot,Punjab,Tile,Buff Marble,Polished,16,125.7,77.59,0.0,9753.06,Cash,Usman Tariq,Main Yard - Chiniot,Delivered,7.0
ORD100186,2025-04-15,CUST2537,Islamabad,Federal,Granite,Chiniot Black,Polished,20,351.8,242.51,0.0,85315.02,Cheque,Saad Iqbal,Main Yard - Chiniot,Delivered,6.0
ORD101214,2024-06-04,CUST2725,Gujranwala,Punjab,Granite,Teri White,Polished,16,222.8,224.96,0.0,50121.09,Cheque,Bilal Khan,Depot - Multan,In Transit,10.0
ORD101022,2025-12-02,CUST2515,Peshawar,KPK,Granite,Botticino Beige,Polished,16,195.4,310.63,0.0,60697.1,Cash,Bilal Khan,Depot - Karachi,Cancelled,6.0
ORD102530,2025-05-12,CUST1278,Multan,Punjab,Marble,Multi Red,Bush Hammered,18,215.9,212.46,0.0,45870.11,Cash,Saad Iqbal,Depot - Lahore,Cancelled,6.0
ORD101154,2024-07-19,CUST2208,Multan,Punjab,Granite,Black Galaxy,Honed,22,49.0,213.4,0.0,10456.6,Cash,Zain Abbas,Main Yard - Chiniot,Delivered,5.0
ORD102482,2024-10-27,CUST2578,Gujranwala,Punjab,Marble,Multi Red,Honed,20,60.3,183.37,0.0,11057.21,Bank Transfer,Saad Iqbal,Depot - Multan,Pending,6.0
ORD101902,2025-07-20,CUST1317,Chiniot,Punjab,Marble,Indus Green,Flamed,18,340.3,174.69,0.0,59447.01,Credit (30 days),Hamza Sheikh,Depot - Lahore,Delivered,4.0
ORD101654,2024-12-19,CUST1096,Peshawar,KPK,Marble,Ziarat White,Polished,18,97.4,184.46,0.0,17966.4,Bank Transfer,Bilal Khan,Main Yard - Chiniot,Delivered,8.0
ORD104626,2025-05-16,CUST3137,Rawalpindi,Punjab,Tile,Black Galaxy,Polished,20,85.2,76.8,0.0,6543.36,Credit (30 days),Bilal Khan,Depot - Lahore,Delivered,5.0
ORD104486,2025-02-25,CUST1203,Faisalabad,Punjab,Onyx,Chaghi Golden,Flamed,18,49.4,415.68,0.0,20534.59,Bank Transfer,Ahmed Raza,Depot - Karachi,Delivered,8.0
ORD102192,2024-11-27,CUST2149,Karachi,Sindh,Tile,Buff Marble,Polished,30,90.3,101.39,0.0,9155.52,Credit (30 days),Bilal Khan,Main Yard - Chiniot,In Transit,10.0
ORD103566,2025-06-30,CUST3142,Faisalabad,Punjab,Marble,Teri White,Leather,30,41.6,166.93,0.0,6944.29,Credit (30 days),Fahad Malik,Depot - Lahore,Pending,4.0
ORD102133,2024-11-04,CUST2383,Rawalpindi,Punjab,Marble,Emperador Brown,Flamed,22,157.7,246.65,0.0,38896.7,Credit (30 days),Bilal Khan,Depot - Lahore,Delivered,2.0
ORD104241,2024-05-08,CUST2760,Faisalabad,Punjab,Marble,Chiniot Black,Polished,30,153.2,231.53,0.0,35470.4,Bank Transfer,Ahmed Raza,Main Yard - Chiniot,Delivered,6.0
ORD104865,2025-07-21,CUST3364,Sialkot,Punjab,Onyx,Chaghi Golden,Polished,16,72.5,433.75,0.0,31446.88,Cheque,Bilal Khan,Depot - Multan,Pending,7.0
ORD103617,2025-03-23,CUST2502,Quetta,Balochistan,Tile,Black Galaxy,Flamed,18,97.1,105.3,0.0,10224.63,Cheque,Fahad Malik,Main Yard - Chiniot,Delivered,4.0
ORD102805,2025-12-14,CUST2431,Quetta,Balochistan,Marble,Botticino Beige,Polished,22,60.4,168.05,0.0,10150.22,Bank Transfer,Bilal Khan,Depot - Multan,Cancelled,10.0
ORD101014,2025-05-01,CUST1676,Quetta,Balochistan,Tile,Botticino Beige,Polished,22,115.7,77.73,5.0,8543.69,Cash,Zain Abbas,Depot - Karachi,Delivered,8.0
ORD104240,2025-12-13,CUST3292,Karachi,Sindh,Marble,Rangeela Marble,Polished,18,20.0,176.61,0.0,3532.2,Bank Transfer,Saad Iqbal,Depot - Multan,Delivered,10.0
ORD100050,2025-07-22,CUST2039,Rawalpindi,Punjab,Marble,Chaghi Golden,Polished,20,124.3,164.2,0.0,20410.06,Cash,Fahad Malik,Depot - Multan,Delivered,5.0
ORD101649,2024-05-25,CUST2518,Gujranwala,Punjab,Onyx,Emperador Brown,Flamed,22,128.8,407.76,0.0,52519.49,Bank Transfer,Fahad Malik,Depot - Karachi,Cancelled,8.0
ORD100122,2025-03-10,CUST1976,Rawalpindi,Punjab,Onyx,Sunny Grey,Leather,16,111.8,442.52,0.0,49473.74,Cheque,Hamza Sheikh,Main Yard - Chiniot,In Transit,9.0
ORD100257,2024-09-11,CUST2223,Mianwali,Punjab,Marble,Emperador Brown,Polished,22,27.2,172.06,0.0,4680.03,Bank Transfer,Hamza Sheikh,Depot - Lahore,Pending,10.0
ORD100442,2025-06-28,CUST3412,Quetta,Balochistan,Granite,Emperador Brown,Flamed,20,173.8,197.73,15.0,29210.65,Cash,Zain Abbas,Depot - Lahore,Delivered,7.0
ORD101417,2024-09-27,CUST1065,Quetta,Balochistan,Granite,Botticino Beige,Polished,22,173.6,252.14,0.0,43771.5,Credit (30 days),Tariq Mehmood,Depot - Lahore,Pending,4.0
ORD102875,2025-03-03,CUST2437,Rawalpindi,Punjab,Granite,Botticino Beige,Polished,18,217.7,209.39,0.0,45584.2,Credit (30 days),Saad Iqbal,Depot - Lahore,Pending,7.0
ORD104819,2024-06-26,CUST3238,Islamabad,Federal,Marble,Buff Marble,Polished,20,100.7,186.98,0.0,18828.89,Credit (30 days),Fahad Malik,Depot - Multan,Delivered,7.0
ORD104633,2024-07-20,CUST2271,Sialkot,Punjab,Marble,Indus Green,Polished,30,74.2,200.94,0.0,14909.75,Credit (30 days),Bilal Khan,Depot - Multan,Delivered,3.0
ORD101543,2025-07-01,CUST1010,Gujranwala,Punjab,Marble,Buff Marble,Polished,16,71.2,149.53,15.0,9049.56,Cash,Fahad Malik,Main Yard - Chiniot,Delivered,7.0
ORD104441,2025-06-23,CUST2367,Gujranwala,Punjab,Granite,Botticino Beige,Polished,22,76.1,272.51,0.0,20738.01,Bank Transfer,Usman Tariq,Depot - Karachi,Pending,8.0
ORD102983,2025-06-29,CUST2272,Lahore,Punjab,Marble,Emperador Brown,Leather,20,40.0,195.47,0.0,7818.8,Cheque,Fahad Malik,Main Yard - Chiniot,Cancelled,7.0
ORD102729,2024-08-14,CUST1799,Quetta,Balochistan,Marble,Black Galaxy,Bush Hammered,18,136.0,140.05,0.0,19046.8,Cheque,Zain Abbas,Depot - Karachi,In Transit,8.0
ORD101621,2024-10-12,CUST2155,Sialkot,Punjab,Tile,Ziarat White,Flamed,20,98.6,78.73,0.0,7762.78,Cash,Fahad Malik,Depot - Karachi,Pending,5.0
ORD104466,2024-02-02,CUST2479,Mianwali,Punjab,Marble,Chaghi Golden,Honed,16,33.8,169.86,0.0,5741.27,Credit (30 days),Usman Tariq,Depot - Multan,Delivered,3.0
ORD104480,2025-08-30,CUST1134,Lahore,Punjab,Marble,Buff Marble,Honed,20,20.0,155.5,0.0,3110.0,Cheque,Usman Tariq,Main Yard - Chiniot,Pending,10.0
ORD104794,2024-02-24,CUST2856,Multan,Punjab,Marble,Teri White,Polished,30,120.9,139.9,0.0,16913.91,Cheque,Bilal Khan,Depot - Lahore,Delivered,8.0
ORD103968,2025-03-29,CUST2677,Gujranwala,Punjab,Onyx,Multi Red,Honed,22,155.4,586.68,0.0,91170.07,Credit (30 days),Fahad Malik,Depot - Multan,Pending,3.0
ORD100826,2025-10-23,CUST1239,Gujranwala,Punjab,Marble,Teri White,Polished,20,46.4,164.89,10.0,6885.81,Bank Transfer,Fahad Malik,Depot - Karachi,Cancelled,9.0
ORD101549,2024-04-19,CUST1379,Quetta,Balochistan,Onyx,Emperador Brown,Polished,30,301.2,440.26,0.0,132606.31,Credit (30 days),Usman Tariq,Depot - Multan,Cancelled,7.0
ORD103012,2024-08-04,CUST1936,Faisalabad,Punjab,Onyx,Rangeela Marble,Polished,18,146.3,364.28,0.0,53294.16,Cheque,Fahad Malik,Depot - Karachi,In Transit,10.0
ORD102754,2024-04-15,CUST1109,Faisalabad,Punjab,Tile,Botticino Beige,Honed,30,434.5,86.65,0.0,37649.43,Cheque,Usman Tariq,Main Yard - Chiniot,Delivered,10.0
ORD103610,2025-02-07,CUST2787,Gujranwala,Punjab,Marble,Sunny Grey,Honed,18,121.6,109.55,0.0,13321.28,Credit (30 days),Zain Abbas,Depot - Multan,In Transit,10.0
ORD102237,2025-11-06,CUST2436,Islamabad,Federal,Granite,Sunny Grey,Polished,22,70.8,298.79,0.0,21154.33,Credit (30 days),Ahmed Raza,Depot - Lahore,Delivered,6.0
ORD103485,2025-01-28,CUST1938,Multan,Punjab,Marble,Indus Green,Honed,20,24.3,132.39,0.0,3217.08,Credit (30 days),Zain Abbas,Main Yard - Chiniot,Delivered,8.0
ORD101618,2024-01-27,CUST1254,Gujranwala,Punjab,Onyx,Chaghi Golden,Polished,20,64.5,482.15,0.0,31098.68,Bank Transfer,Bilal Khan,Main Yard - Chiniot,In Transit,6.0
ORD101604,2025-11-16,CUST1166,Quetta,Balochistan,Marble,Rangeela Marble,Leather,22,91.1,169.13,0.0,15407.74,Credit (30 days),Zain Abbas,Main Yard - Chiniot,In Transit,6.0
ORD104150,2025-06-12,CUST3495,Sialkot,Punjab,Onyx,Rangeela Marble,Polished,22,79.6,543.44,0.0,43257.82,Cash,Zain Abbas,Depot - Karachi,Pending,7.0
ORD102396,2025-04-15,CUST3114,Sialkot,Punjab,Marble,Rangeela Marble,Honed,22,115.4,234.86,0.0,27102.84,Cash,Fahad Malik,Depot - Lahore,Cancelled,7.0
ORD102581,2025-05-24,CUST3301,Lahore,Punjab,Marble,Indus Green,Polished,16,93.2,220.61,0.0,20560.85,Cash,Bilal Khan,Depot - Lahore,Delivered,11.0
ORD100085,2025-04-11,CUST2403,Chiniot,Punjab,Marble,Multi Red,Polished,18,156.7,153.82,0.0,24103.59,Cash,Saad Iqbal,Main Yard - Chiniot,In Transit,7.0
ORD100577,2024-07-26,CUST2462,Lahore,Punjab,Marble,Botticino Beige,Polished,16,105.7,166.65,0.0,17614.91,Credit (30 days),Bilal Khan,Depot - Karachi,Cancelled,7.0
ORD101597,2024-03-19,CUST3396,Mianwali,Punjab,Marble,Rangeela Marble,Polished,22,62.2,180.96,0.0,11255.71,Cheque,Saad Iqbal,Main Yard - Chiniot,Delivered,3.0
ORD101778,2025-09-29,CUST2586,Gujranwala,Punjab,Marble,Chiniot Black,Polished,18,46.5,158.76,0.0,7382.34,Bank Transfer,Hamza Sheikh,Main Yard - Chiniot,Delivered,6.0
ORD103657,2025-12-25,CUST1716,Gujranwala,Punjab,Tile,Ziarat White,Bush Hammered,22,20.0,88.67,10.0,1596.06,Bank Transfer,Usman Tariq,Depot - Multan,Delivered,8.0
ORD101224,2024-11-05,CUST1981,Peshawar,KPK,Granite,Emperador Brown,Honed,16,152.7,310.06,15.0,40244.24,Cash,Bilal Khan,Depot - Lahore,Delivered,9.0
ORD102907,2025-04-21,CUST2063,Sialkot,Punjab,Marble,Multi Red,Leather,16,51.9,224.31,0.0,11641.69,Bank Transfer,Usman Tariq,Depot - Multan,In Transit,6.0
ORD103464,2024-11-26,CUST2233,Islamabad,Federal,Marble,Botticino Beige,Bush Hammered,18,141.1,171.67,0.0,24222.64,Bank Transfer,Bilal Khan,Depot - Karachi,Cancelled,4.0
ORD104436,2025-09-01,CUST1285,Quetta,Balochistan,Marble,Botticino Beige,Polished,22,495.4,205.85,10.0,91780.28,Cash,Bilal Khan,Main Yard - Chiniot,Delivered,9.0
ORD104023,2025-05-10,CUST1559,Karachi,Sindh,Granite,Indus Green,Polished,30,316.4,271.16,15.0,72925.77,Cash,Fahad Malik,Depot - Karachi,Delivered,5.0
ORD102912,2025-01-28,CUST2938,Mianwali,Punjab,Tile,Buff Marble,Honed,20,20.0,70.15,0.0,1403.0,Bank Transfer,Ahmed Raza,Depot - Multan,Delivered,6.0
ORD102723,2024-05-31,CUST1049,Chiniot,Punjab,Granite,Teri White,Polished,20,105.3,319.12,0.0,33603.34,Credit (30 days),Usman Tariq,Depot - Lahore,Pending,5.0
ORD104494,2025-08-09,CUST1736,Islamabad,Federal,Marble,Indus Green,Bush Hammered,18,122.4,152.84,5.0,17772.24,Credit (30 days),Fahad Malik,Depot - Multan,Delivered,6.0
ORD103260,2024-11-16,CUST2765,Sialkot,Punjab,Marble,Sunny Grey,Flamed,30,190.3,239.86,0.0,45645.36,Credit (30 days),Usman Tariq,Depot - Karachi,Delivered,6.0
ORD103564,2024-10-07,CUST3082,Multan,Punjab,Marble,Ziarat White,Polished,20,65.2,189.11,5.0,11713.47,Bank Transfer,Bilal Khan,Main Yard - Chiniot,Pending,3.0
ORD103982,2024-07-13,CUST2921,Rawalpindi,Punjab,Marble,Botticino Beige,Polished,16,57.8,205.0,0.0,11849.0,Cash,Hamza Sheikh,Main Yard - Chiniot,Delivered,8.0
ORD101238,2024-02-28,CUST1553,Gujranwala,Punjab,Marble,Indus Green,Flamed,18,67.6,186.37,0.0,12598.61,Cash,Ahmed Raza,Depot - Lahore,In Transit,6.0
ORD100722,2025-04-18,CUST3204,Lahore,Punjab,Marble,Rangeela Marble,Polished,30,194.8,169.25,0.0,32969.9,Bank Transfer,Usman Tariq,Depot - Lahore,Pending,8.0
ORD100932,2025-04-25,CUST2734,Sialkot,Punjab,Marble,Teri White,Polished,30,202.5,200.32,0.0,40564.8,Credit (30 days),Saad Iqbal,Main Yard - Chiniot,Delivered,4.0
ORD104615,2024-07-17,CUST2244,Peshawar,KPK,Marble,Indus Green,Honed,30,119.7,249.1,0.0,29817.27,Bank Transfer,Tariq Mehmood,Main Yard - Chiniot,In Transit,10.0
ORD104601,2024-03-17,CUST2967,Faisalabad,Punjab,Granite,Buff Marble,Honed,18,179.8,314.28,15.0,48031.41,Bank Transfer,Tariq Mehmood,Depot - Karachi,Delivered,9.0
ORD100951,2024-10-16,CUST2197,Quetta,Balochistan,Marble,Botticino Beige,Polished,18,172.1,163.39,0.0,28119.42,Credit (30 days),Zain Abbas,Depot - Multan,Delivered,9.0
ORD104110,2025-09-03,CUST1777,Gujranwala,Punjab,Marble,Chiniot Black,Polished,30,63.9,226.24,0.0,14456.74,Cheque,Bilal Khan,Depot - Multan,In Transit,7.0
ORD102802,2025-11-19,CUST2512,Sialkot,Punjab,Tile,Chiniot Black,Polished,22,251.8,99.27,0.0,24996.19,Bank Transfer,Ahmed Raza,Depot - Karachi,Delivered,8.0
ORD103004,2024-02-20,CUST2300,Quetta,Balochistan,Marble,Teri White,Bush Hammered,16,283.1,218.25,0.0,61786.58,Cash,Usman Tariq,Main Yard - Chiniot,Cancelled,8.0
ORD103342,2024-08-08,CUST3419,Mianwali,Punjab,Marble,Black Galaxy,Honed,30,124.7,204.77,0.0,25534.82,Cash,Ahmed Raza,Main Yard - Chiniot,Delivered,7.0
ORD101519,2024-04-12,CUST1916,Lahore,Punjab,Marble,Emperador Brown,Polished,22,109.9,226.41,5.0,23638.34,Cash,Zain Abbas,Depot - Multan,Pending,12.0
ORD104243,2025-02-21,CUST1809,Mianwali,Punjab,Marble,Buff Marble,Flamed,16,167.7,164.17,0.0,27531.31,Cheque,Usman Tariq,Depot - Karachi,Pending,7.0
ORD102736,2024-06-21,CUST3320,Chiniot,Punjab,Tile,Indus Green,Polished,22,219.1,101.42,0.0,22221.12,Credit (30 days),Hamza Sheikh,Main Yard - Chiniot,Delivered,3.0
ORD103800,2024-07-04,CUST2193,Sialkot,Punjab,Marble,Rangeela Marble,Polished,22,60.5,159.74,0.0,9664.27,Credit (30 days),Saad Iqbal,Depot - Lahore,Cancelled,3.0
ORD101605,2025-07-14,CUST3182,Quetta,Balochistan,Marble,Multi Red,Polished,22,133.9,188.75,0.0,25273.62,Cash,Bilal Khan,Depot - Lahore,Delivered,8.0
ORD101964,2025-03-01,CUST2301,Faisalabad,Punjab,Tile,Chiniot Black,Honed,20,84.2,93.7,10.0,7100.59,Bank Transfer,Usman Tariq,Main Yard - Chiniot,Delivered,4.0
ORD104744,2024-02-29,CUST3315,Karachi,Sindh,Granite,Chaghi Golden,Polished,16,129.1,228.0,0.0,29434.8,Bank Transfer,Ahmed Raza,Depot - Karachi,Delivered,7.0
ORD103226,2025-08-28,CUST1590,Peshawar,KPK,Marble,Emperador Brown,Honed,20,189.0,178.51,15.0,28677.63,Bank Transfer,Hamza Sheikh,Depot - Karachi,In Transit,7.0
ORD104504,2025-10-17,CUST1594,Karachi,Sindh,Marble,Chaghi Golden,Polished,30,666.6,232.86,0.0,155224.48,Bank Transfer,Bilal Khan,Depot - Karachi,Delivered,7.0
ORD101410,2024-01-11,CUST3113,Faisalabad,Punjab,Marble,Ziarat White,Honed,18,37.9,170.36,0.0,6456.64,Bank Transfer,Hamza Sheikh,Depot - Karachi,In Transit,8.0
ORD104520,2025-05-01,CUST1099,Gujranwala,Punjab,Marble,Indus Green,Polished,22,170.9,170.1,0.0,29070.09,Cheque,Ahmed Raza,Depot - Karachi,Pending,5.0
ORD104131,2025-09-20,CUST2428,Rawalpindi,Punjab,Marble,Teri White,Honed,30,316.1,170.0,0.0,53737.0,Cash,Bilal Khan,Depot - Multan,Cancelled,5.0
ORD103413,2024-10-06,CUST1309,Gujranwala,Punjab,Onyx,Botticino Beige,Honed,20,300.8,366.59,0.0,110270.27,Bank Transfer,Zain Abbas,Main Yard - Chiniot,Cancelled,6.0
ORD101774,2024-03-15,CUST2224,Multan,Punjab,Marble,Emperador Brown,Honed,30,85.7,254.75,0.0,21832.08,Credit (30 days),Ahmed Raza,Depot - Karachi,Delivered,5.0
ORD101634,2025-10-23,CUST2944,Sialkot,Punjab,Granite,Sunny Grey,Leather,22,20.0,230.47,0.0,4609.4,Cash,Saad Iqbal,Main Yard - Chiniot,Delivered,8.0
ORD104824,2025-12-12,CUST2917,Sialkot,Punjab,Marble,Black Galaxy,Leather,22,160.4,184.99,0.0,29672.4,Bank Transfer,Saad Iqbal,Main Yard - Chiniot,In Transit,8.0
ORD101111,2024-12-19,CUST3400,Lahore,Punjab,Granite,Emperador Brown,Polished,22,20.0,310.49,10.0,5588.82,Bank Transfer,Fahad Malik,Depot - Multan,Delivered,5.0
ORD100688,2024-06-26,CUST1222,Chiniot,Punjab,Onyx,Chaghi Golden,Polished,18,85.8,372.94,0.0,31998.25,Cash,Saad Iqbal,Depot - Karachi,In Transit,8.0
ORD102711,2025-11-29,CUST2681,Islamabad,Federal,Marble,Ziarat White,Polished,30,111.2,220.73,0.0,24545.18,Bank Transfer,Fahad Malik,Depot - Multan,Cancelled,8.0
ORD100449,2024-12-16,CUST1600,Quetta,Balochistan,Tile,Buff Marble,Honed,18,20.0,93.28,0.0,1865.6,Bank Transfer,Hamza Sheikh,Depot - Multan,In Transit,4.0
ORD103638,2024-03-08,CUST1086,Multan,Punjab,Onyx,Botticino Beige,Polished,18,117.9,444.81,0.0,52443.1,Cheque,Ahmed Raza,Depot - Karachi,Delivered,8.0
ORD101599,2024-11-29,CUST2821,Mianwali,Punjab,Onyx,Emperador Brown,Bush Hammered,18,669.0,379.09,0.0,253611.21,Cheque,Usman Tariq,Depot - Lahore,Delivered,7.0
ORD103230,2024-07-19,CUST1277,Karachi,Sindh,Marble,Ziarat White,Polished,20,33.7,186.73,0.0,6292.8,Cash,Tariq Mehmood,Depot - Karachi,Delivered,14.0
ORD102020,2024-02-01,CUST2386,Faisalabad,Punjab,Marble,Ziarat White,Polished,18,193.8,213.82,0.0,41438.32,Credit (30 days),Saad Iqbal,Depot - Karachi,Delivered,8.0
ORD102031,2024-12-15,CUST2366,Chiniot,Punjab,Marble,Black Galaxy,Polished,22,46.7,184.13,15.0,7309.04,Credit (30 days),Ahmed Raza,Depot - Lahore,Cancelled,5.0
ORD101262,2025-08-21,CUST1396,Islamabad,Federal,Marble,Emperador Brown,Flamed,16,135.5,189.12,0.0,25625.76,Cheque,Tariq Mehmood,Main Yard - Chiniot,In Transit,5.0
ORD103311,2024-10-13,CUST1345,Rawalpindi,Punjab,Marble,Rangeela Marble,Honed,18,349.5,156.27,0.0,54616.37,Cash,Ahmed Raza,Depot - Lahore,Delivered,4.0
ORD103773,2025-10-14,CUST1611,Karachi,Sindh,Granite,Chiniot Black,Leather,16,67.1,181.84,0.0,12201.46,Cash,Bilal Khan,Depot - Lahore,Cancelled,2.0
ORD101525,2024-01-23,CUST2712,Chiniot,Punjab,Marble,Indus Green,Honed,30,70.1,218.42,0.0,15311.24,Bank Transfer,Usman Tariq,Depot - Lahore,Pending,12.0
ORD104186,2025-12-14,CUST3407,Mianwali,Punjab,Marble,Black Galaxy,Leather,20,97.1,173.95,0.0,16890.54,Cash,Saad Iqbal,Depot - Karachi,In Transit,6.0
ORD101807,2024-02-08,CUST2775,Islamabad,Federal,Marble,Buff Marble,Flamed,22,36.7,134.26,5.0,4680.97,Bank Transfer,Bilal Khan,Main Yard - Chiniot,Pending,8.0
ORD104708,2025-07-29,CUST2044,Gujranwala,Punjab,Onyx,Emperador Brown,Polished,20,115.4,396.8,0.0,45790.72,Cash,Hamza Sheikh,Depot - Lahore,Delivered,7.0
ORD104231,2024-08-05,CUST2848,Gujranwala,Punjab,Granite,Buff Marble,Honed,18,20.0,272.61,0.0,5452.2,Credit (30 days),Zain Abbas,Depot - Multan,Cancelled,3.0
ORD100318,2025-10-16,CUST1421,Mianwali,Punjab,Marble,Ziarat White,Flamed,30,120.5,216.98,0.0,26146.09,Cheque,Hamza Sheikh,Depot - Karachi,Cancelled,6.0
ORD101115,2024-03-07,CUST3220,Rawalpindi,Punjab,Granite,Chiniot Black,Polished,20,46.8,246.06,0.0,11515.61,Credit (30 days),Zain Abbas,Depot - Karachi,Delivered,9.0
ORD102210,2024-05-15,CUST2366,Multan,Punjab,Tile,Multi Red,Polished,22,434.7,87.14,10.0,34091.78,Cash,Hamza Sheikh,Depot - Multan,Delivered,8.0
ORD100769,2025-10-31,CUST2328,Quetta,Balochistan,Marble,Indus Green,Flamed,22,57.3,185.39,5.0,10091.7,Bank Transfer,Ahmed Raza,Depot - Lahore,Pending,6.0
ORD100286,2025-01-18,CUST3258,Gujranwala,Punjab,Marble,Rangeela Marble,Polished,30,20.0,214.39,0.0,4287.8,Cash,Ahmed Raza,Main Yard - Chiniot,In Transit,6.0
ORD102982,2025-08-04,CUST1460,Lahore,Punjab,Marble,Emperador Brown,Polished,22,31.5,149.54,10.0,4239.46,Cheque,Zain Abbas,Depot - Karachi,Delivered,6.0
ORD104715,2025-05-28,CUST2902,Mianwali,Punjab,Marble,Sunny Grey,Leather,16,86.0,196.41,0.0,16891.26,Credit (30 days),Bilal Khan,Main Yard - Chiniot,Pending,6.0
ORD101758,2024-12-08,CUST1773,Lahore,Punjab,Marble,Indus Green,Polished,18,54.1,163.07,0.0,8822.09,Bank Transfer,Fahad Malik,Depot - Lahore,Delivered,8.0
ORD102140,2024-11-07,CUST1308,Sialkot,Punjab,Marble,Chaghi Golden,Honed,30,75.1,185.19,0.0,13907.77,Credit (30 days),Hamza Sheikh,Depot - Multan,In Transit,4.0
ORD101334,2025-11-11,CUST2170,Rawalpindi,Punjab,Granite,Buff Marble,Polished,22,99.1,351.26,10.0,31328.88,Cash,Tariq Mehmood,Depot - Karachi,Delivered,9.0
ORD103556,2025-06-15,CUST1524,Lahore,Punjab,Tile,Black Galaxy,Polished,22,164.0,95.65,0.0,15686.6,Cash,Saad Iqbal,Depot - Karachi,Delivered,8.0
ORD100988,2025-04-10,CUST2123,Multan,Punjab,Granite,Sunny Grey,Honed,20,196.4,218.36,0.0,42885.9,Bank Transfer,Ahmed Raza,Depot - Lahore,In Transit,4.0
ORD102931,2025-02-02,CUST2185,Chiniot,Punjab,Tile,Buff Marble,Polished,20,24.9,95.49,0.0,2377.7,Bank Transfer,Ahmed Raza,Main Yard - Chiniot,Pending,6.0
ORD100742,2024-07-13,CUST1753,Karachi,Sindh,Granite,Teri White,Honed,30,62.4,264.05,0.0,16476.72,Bank Transfer,Fahad Malik,Depot - Karachi,Delivered,6.0
ORD101411,2024-09-02,CUST3313,Faisalabad,Punjab,Marble,Chiniot Black,Polished,16,82.2,123.42,0.0,10145.12,Cash,Saad Iqbal,Depot - Lahore,Delivered,4.0
ORD101588,2024-05-15,CUST2384,Multan,Punjab,Onyx,Indus Green,Flamed,18,348.6,308.71,0.0,107616.31,Cash,Hamza Sheikh,Depot - Karachi,Delivered,12.0
ORD100008,2025-05-24,CUST3191,Lahore,Punjab,Granite,Sunny Grey,Polished,16,121.7,237.92,0.0,28954.86,Bank Transfer,Fahad Malik,Depot - Lahore,Delivered,10.0
ORD100179,2024-11-10,CUST2647,Multan,Punjab,Marble,Teri White,Honed,16,220.0,220.36,5.0,46055.24,Cheque,Zain Abbas,Main Yard - Chiniot,Cancelled,5.0
ORD102040,2024-04-24,CUST2311,Chiniot,Punjab,Tile,Black Galaxy,Honed,18,195.6,87.59,5.0,16275.97,Bank Transfer,Fahad Malik,Depot - Lahore,Delivered,3.0
ORD100876,2025-09-15,CUST2355,Lahore,Punjab,Tile,Multi Red,Honed,16,262.6,88.1,5.0,21978.31,Bank Transfer,Usman Tariq,Depot - Lahore,Cancelled,7.0
ORD102064,2024-01-24,CUST1416,Gujranwala,Punjab,Tile,Chaghi Golden,Polished,22,30.9,115.3,5.0,3384.63,Credit (30 days),Bilal Khan,Depot - Karachi,Pending,8.0
ORD101286,2024-06-20,CUST1102,Gujranwala,Punjab,Marble,Botticino Beige,Polished,30,129.2,168.73,0.0,21799.92,Cheque,Saad Iqbal,Main Yard - Chiniot,Delivered,7.0
ORD104015,2025-01-27,CUST2972,Gujranwala,Punjab,Marble,Ziarat White,Bush Hammered,16,40.8,137.66,0.0,5616.53,Cheque,Fahad Malik,Depot - Multan,In Transit,8.0
ORD101688,2024-03-03,CUST1702,Karachi,Sindh,Granite,Botticino Beige,Polished,18,171.2,234.52,0.0,40149.82,Credit (30 days),Saad Iqbal,Depot - Karachi,In Transit,8.0
ORD102446,2025-06-20,CUST1913,Faisalabad,Punjab,Marble,Teri White,Polished,22,97.3,187.08,0.0,18202.88,Cheque,Saad Iqbal,Depot - Karachi,In Transit,9.0
ORD100725,2024-01-08,CUST2802,Islamabad,Federal,Tile,Rangeela Marble,Polished,16,80.2,96.13,0.0,7709.63,Bank Transfer,Bilal Khan,Depot - Multan,Delivered,5.0
ORD103738,2025-04-27,CUST3098,Lahore,Punjab,Marble,Indus Green,Polished,18,367.0,198.87,0.0,72985.29,Cheque,Ahmed Raza,Main Yard - Chiniot,Delivered,7.0
ORD104469,2025-06-08,CUST1701,Peshawar,KPK,Marble,Ziarat White,Polished,20,100.7,155.22,5.0,14849.12,Cash,Tariq Mehmood,Depot - Karachi,Delivered,6.0
ORD100550,2024-02-19,CUST1683,Mianwali,Punjab,Marble,Botticino Beige,Leather,20,331.2,207.41,0.0,68694.19,Cash,Fahad Malik,Depot - Karachi,Delivered,1.0
ORD104188,2024-11-14,CUST1126,Peshawar,KPK,Marble,Rangeela Marble,Polished,30,303.6,217.98,0.0,66178.73,Bank Transfer,Fahad Malik,Depot - Lahore,Delivered,2.0
ORD102072,2025-10-30,CUST2174,Gujranwala,Punjab,Marble,Emperador Brown,Polished,30,226.2,153.93,10.0,31337.07,Cheque,Hamza Sheikh,Depot - Lahore,Delivered,6.0
ORD101047,2024-10-15,CUST2202,Faisalabad,Punjab,Marble,Rangeela Marble,Leather,22,226.9,187.52,0.0,42548.29,Bank Transfer,Bilal Khan,Depot - Karachi,In Transit,8.0
ORD100625,2025-12-03,CUST1686,Karachi,Sindh,Onyx,Rangeela Marble,Polished,30,264.4,487.81,5.0,122528.12,Bank Transfer,Saad Iqbal,Depot - Karachi,Cancelled,3.0
ORD104041,2024-12-27,CUST1594,Faisalabad,Punjab,Tile,Sunny Grey,Leather,30,46.9,70.2,0.0,3292.38,Bank Transfer,Zain Abbas,Depot - Karachi,Delivered,12.0
ORD104996,2025-07-31,CUST2521,Multan,Punjab,Tile,Botticino Beige,Polished,16,20.3,70.39,0.0,1428.92,Cash,Saad Iqbal,Depot - Multan,Delivered,7.0
ORD101641,2024-11-18,CUST2442,Chiniot,Punjab,Granite,Rangeela Marble,Polished,30,57.2,279.06,5.0,15164.12,Credit (30 days),Hamza Sheikh,Depot - Lahore,Delivered,9.0
ORD103562,2025-05-24,CUST2212,Gujranwala,Punjab,Tile,Teri White,Polished,30,83.2,95.55,0.0,7949.76,Cheque,Bilal Khan,Depot - Multan,Delivered,9.0
ORD102656,2025-08-07,CUST1688,Peshawar,KPK,Marble,Multi Red,Bush Hammered,16,28.8,129.82,0.0,3738.82,Cash,Tariq Mehmood,Depot - Lahore,Pending,5.0
ORD101632,2024-10-31,CUST1897,Peshawar,KPK,Marble,Multi Red,Polished,16,86.2,208.6,10.0,16183.19,Cash,Zain Abbas,Main Yard - Chiniot,Cancelled,9.0
ORD101144,2024-07-23,CUST1841,Karachi,Sindh,Granite,Chaghi Golden,Honed,30,62.3,324.43,10.0,18190.79,Cash,Fahad Malik,Depot - Karachi,Cancelled,8.0
ORD102099,2025-03-31,CUST3046,Rawalpindi,Punjab,Tile,Emperador Brown,Leather,30,267.6,113.33,0.0,30327.11,Credit (30 days),Zain Abbas,Depot - Multan,Delivered,9.0
ORD104210,2024-12-17,CUST3214,Quetta,Balochistan,Tile,Rangeela Marble,Polished,18,96.2,94.25,0.0,9066.85,Bank Transfer,Hamza Sheikh,Depot - Karachi,Pending,8.0
ORD104661,2024-05-18,CUST2869,Karachi,Sindh,Marble,Ziarat White,Polished,30,190.3,216.56,0.0,41211.37,Bank Transfer,Tariq Mehmood,Depot - Multan,Delivered,8.0
ORD100799,2024-12-02,CUST2896,Gujranwala,Punjab,Granite,Black Galaxy,Polished,16,191.2,253.71,0.0,48509.35,Cash,Tariq Mehmood,Main Yard - Chiniot,Delivered,9.0
ORD101657,2025-03-11,CUST2022,Sialkot,Punjab,Marble,Ziarat White,Bush Hammered,18,140.0,189.32,0.0,26504.8,Credit (30 days),Bilal Khan,Depot - Multan,Pending,5.0
ORD101362,2025-05-03,CUST3339,Sialkot,Punjab,Marble,Sunny Grey,Polished,16,20.0,167.24,0.0,3344.8,Cash,Usman Tariq,Depot - Multan,Cancelled,6.0
ORD103724,2025-08-08,CUST2933,Sialkot,Punjab,Tile,Sunny Grey,Flamed,20,67.7,107.04,0.0,7246.61,Cash,Ahmed Raza,Depot - Karachi,In Transit,6.0
ORD103150,2025-04-06,CUST1216,Quetta,Balochistan,Granite,Sunny Grey,Polished,18,100.9,286.72,0.0,28930.05,Credit (30 days),Usman Tariq,Depot - Karachi,Delivered,4.0
ORD101890,2024-10-14,CUST3437,Rawalpindi,Punjab,Granite,Indus Green,Polished,30,59.3,258.37,0.0,15321.34,Cash,Tariq Mehmood,Depot - Lahore,Pending,6.0
ORD104629,2025-11-10,CUST2637,Quetta,Balochistan,Granite,Emperador Brown,Leather,30,63.0,322.21,0.0,20299.23,Cash,Fahad Malik,Depot - Lahore,Pending,9.0
ORD104066,2025-01-16,CUST2676,Quetta,Balochistan,Marble,Chiniot Black,Polished,22,20.0,203.83,0.0,4076.6,Cheque,Hamza Sheikh,Depot - Lahore,Delivered,6.0
ORD100807,2024-03-10,CUST3375,Islamabad,Federal,Tile,Botticino Beige,Honed,18,205.3,93.59,0.0,19214.03,Credit (30 days),Ahmed Raza,Depot - Lahore,Delivered,9.0
ORD100546,2024-04-02,CUST1330,Gujranwala,Punjab,Marble,Emperador Brown,Honed,22,145.4,247.53,0.0,35990.86,Cash,Bilal Khan,Depot - Karachi,Delivered,8.0
ORD100551,2024-01-12,CUST2500,Mianwali,Punjab,Onyx,Chaghi Golden,Polished,22,54.0,345.07,10.0,16770.4,Cash,Zain Abbas,Main Yard - Chiniot,Cancelled,4.0
ORD103950,2024-09-19,CUST3390,Mianwali,Punjab,Marble,Botticino Beige,Polished,16,94.3,172.97,0.0,16311.07,Credit (30 days),Hamza Sheikh,Depot - Karachi,Delivered,6.0
ORD103578,2025-06-06,CUST2474,Peshawar,KPK,Marble,Sunny Grey,Polished,30,89.9,225.64,0.0,20285.04,Credit (30 days),Fahad Malik,Depot - Multan,Delivered,6.0
ORD103882,2025-04-22,CUST2523,Sialkot,Punjab,Granite,Chiniot Black,Honed,20,58.5,204.39,0.0,11956.81,Cash,Fahad Malik,Main Yard - Chiniot,In Transit,3.0
ORD101527,2024-07-18,CUST2185,Quetta,Balochistan,Marble,Chiniot Black,Polished,16,45.8,164.49,0.0,7533.64,Bank Transfer,Tariq Mehmood,Depot - Lahore,Delivered,10.0
ORD103273,2024-08-22,CUST1252,Rawalpindi,Punjab,Marble,Emperador Brown,Polished,16,152.8,169.05,5.0,24539.3,Bank Transfer,Hamza Sheikh,Depot - Karachi,Pending,8.0
ORD104028,2025-07-08,CUST2439,Rawalpindi,Punjab,Tile,Teri White,Polished,22,71.5,82.23,5.0,5585.47,Cash,Hamza Sheikh,Main Yard - Chiniot,In Transit,5.0
ORD102429,2024-01-17,CUST3017,Chiniot,Punjab,Granite,Ziarat White,Polished,22,20.0,243.22,10.0,4377.96,Bank Transfer,Bilal Khan,Depot - Multan,Cancelled,4.0
ORD103759,2024-05-26,CUST3313,Karachi,Sindh,Marble,Chiniot Black,Polished,16,78.8,220.13,0.0,17346.24,Credit (30 days),Hamza Sheikh,Depot - Karachi,Delivered,5.0
ORD100311,2025-10-29,CUST1792,Gujranwala,Punjab,Marble,Chaghi Golden,Polished,18,279.1,191.37,10.0,48070.23,Credit (30 days),Zain Abbas,Depot - Karachi,In Transit,6.0
ORD102547,2024-04-21,CUST3433,Faisalabad,Punjab,Granite,Emperador Brown,Bush Hammered,18,70.1,298.28,0.0,20909.43,Credit (30 days),Hamza Sheikh,Main Yard - Chiniot,Pending,5.0
ORD104590,2024-10-03,CUST1583,Quetta,Balochistan,Marble,Teri White,Polished,30,286.4,199.15,0.0,57036.56,Cheque,Bilal Khan,Depot - Karachi,Delivered,2.0
ORD102443,2024-02-04,CUST1944,Peshawar,KPK,Marble,Black Galaxy,Polished,20,70.4,175.73,0.0,12371.39,Cheque,Usman Tariq,Depot - Lahore,Delivered,8.0
ORD102370,2025-01-13,CUST2493,Gujranwala,Punjab,Tile,Ziarat White,Leather,16,43.9,95.11,0.0,4175.33,Cash,Zain Abbas,Depot - Multan,Pending,6.0
ORD102151,2024-07-21,CUST1776,Karachi,Sindh,Marble,Ziarat White,Polished,16,26.6,135.21,0.0,3596.59,Cheque,Fahad Malik,Depot - Lahore,Delivered,9.0
ORD100730,2024-08-12,CUST2778,Chiniot,Punjab,Marble,Multi Red,Polished,18,113.0,192.75,0.0,21780.75,Cash,Hamza Sheikh,Depot - Karachi,Pending,6.0
ORD103507,2025-08-30,CUST3225,Chiniot,Punjab,Marble,Rangeela Marble,Flamed,22,72.2,203.55,0.0,14696.31,Cheque,Bilal Khan,Depot - Karachi,Delivered,8.0
ORD100236,2024-09-04,CUST3007,Peshawar,KPK,Marble,Rangeela Marble,Flamed,18,142.2,167.75,0.0,23854.05,Cash,Hamza Sheikh,Depot - Lahore,Delivered,4.0
ORD102284,2025-09-18,CUST3063,Gujranwala,Punjab,Marble,Sunny Grey,Leather,18,244.3,223.21,0.0,54530.2,Credit (30 days),Hamza Sheikh,Depot - Multan,In Transit,9.0
ORD100539,2025-09-16,CUST3017,Chiniot,Punjab,Granite,Emperador Brown,Flamed,18,359.6,260.19,0.0,93564.32,Bank Transfer,Tariq Mehmood,Depot - Lahore,Pending,9.0
ORD103696,2025-04-09,CUST3134,Mianwali,Punjab,Marble,Buff Marble,Honed,22,40.4,169.11,0.0,6832.04,Credit (30 days),Fahad Malik,Depot - Multan,Delivered,5.0
ORD103593,2024-01-06,CUST1309,Chiniot,Punjab,Marble,Rangeela Marble,Polished,16,91.6,169.78,0.0,15551.85,Bank Transfer,Usman Tariq,Depot - Karachi,In Transit,2.0
ORD102883,2024-05-03,CUST2054,Quetta,Balochistan,Marble,Indus Green,Leather,18,116.4,152.72,0.0,17776.61,Cheque,Saad Iqbal,Main Yard - Chiniot,Cancelled,6.0
ORD100066,2025-06-07,CUST2982,Quetta,Balochistan,Marble,Sunny Grey,Polished,22,166.2,202.91,0.0,33723.64,Cash,Usman Tariq,Depot - Lahore,Delivered,7.0
ORD103668,2025-09-04,CUST2818,Rawalpindi,Punjab,Marble,Emperador Brown,Polished,18,114.2,184.89,5.0,20058.72,Cheque,Usman Tariq,Depot - Karachi,Pending,6.0
ORD103847,2024-09-19,CUST1546,Multan,Punjab,Tile,Rangeela Marble,Polished,22,150.7,103.9,15.0,13309.07,Bank Transfer,Bilal Khan,Depot - Multan,Delivered,6.0
ORD101292,2025-02-25,CUST1185,Karachi,Sindh,Tile,Buff Marble,Honed,22,180.5,95.31,0.0,17203.46,Cheque,Zain Abbas,Depot - Multan,Delivered,7.0
ORD101901,2024-02-22,CUST1872,Mianwali,Punjab,Granite,Sunny Grey,Polished,16,159.5,273.09,0.0,43557.86,Cheque,Usman Tariq,Depot - Karachi,Delivered,7.0
ORD103917,2024-01-28,CUST1957,Lahore,Punjab,Marble,Black Galaxy,Leather,20,59.8,200.97,0.0,12018.01,Credit (30 days),Tariq Mehmood,Depot - Karachi,Delivered,8.0
ORD101273,2025-11-14,CUST1360,Chiniot,Punjab,Granite,Buff Marble,Polished,30,231.5,321.35,0.0,74392.53,Cheque,Tariq Mehmood,Main Yard - Chiniot,Pending,8.0
ORD101739,2024-01-19,CUST1945,Islamabad,Federal,Marble,Rangeela Marble,Polished,20,20.4,152.05,5.0,2946.73,Bank Transfer,Saad Iqbal,Depot - Karachi,Cancelled,7.0
ORD100733,2024-03-23,CUST3189,Mianwali,Punjab,Marble,Chiniot Black,Leather,22,152.5,167.54,0.0,25549.85,Cheque,Zain Abbas,Depot - Lahore,Delivered,5.0
ORD102797,2024-07-27,CUST1916,Sialkot,Punjab,Marble,Multi Red,Bush Hammered,20,108.8,215.89,10.0,21139.95,Bank Transfer,Zain Abbas,Depot - Lahore,Delivered,3.0
ORD104275,2025-01-16,CUST1591,Faisalabad,Punjab,Onyx,Multi Red,Polished,16,67.6,266.42,5.0,17109.49,Credit (30 days),Hamza Sheikh,Depot - Lahore,In Transit,6.0
ORD100847,2024-12-17,CUST1253,Faisalabad,Punjab,Marble,Indus Green,Bush Hammered,18,97.7,168.99,10.0,14859.29,Credit (30 days),Fahad Malik,Depot - Karachi,Pending,9.0
ORD101652,2024-06-02,CUST1214,Lahore,Punjab,Tile,Teri White,Bush Hammered,20,63.3,97.49,0.0,6171.12,Cash,Hamza Sheikh,Depot - Multan,Delivered,9.0
ORD101623,2024-08-31,CUST1200,Islamabad,Federal,Marble,Emperador Brown,Leather,18,56.1,173.54,0.0,9735.59,Bank Transfer,Ahmed Raza,Depot - Lahore,In Transit,11.0
ORD100866,2025-01-07,CUST2995,Quetta,Balochistan,Onyx,Botticino Beige,Flamed,16,34.8,459.16,10.0,14380.89,Bank Transfer,Usman Tariq,Depot - Karachi,In Transit,4.0
ORD100073,2025-08-10,CUST1493,Lahore,Punjab,Marble,Multi Red,Honed,16,94.9,148.53,0.0,14095.5,Cheque,Bilal Khan,Depot - Lahore,Delivered,8.0
ORD100187,2025-03-24,CUST1896,Mianwali,Punjab,Granite,Sunny Grey,Honed,22,197.9,187.29,15.0,31504.99,Credit (30 days),Ahmed Raza,Depot - Karachi,Cancelled,4.0
ORD103317,2025-07-13,CUST2700,Rawalpindi,Punjab,Tile,Teri White,Leather,30,59.2,90.9,0.0,5381.28,Credit (30 days),Zain Abbas,Depot - Karachi,Cancelled,5.0
ORD102374,2025-08-28,CUST2494,Sialkot,Punjab,Marble,Multi Red,Polished,22,20.0,231.85,0.0,4637.0,Cash,Hamza Sheikh,Depot - Multan,Pending,7.0
ORD100074,2025-10-05,CUST3009,Sialkot,Punjab,Granite,Black Galaxy,Leather,20,108.1,219.73,0.0,23752.81,Bank Transfer,Hamza Sheikh,Depot - Karachi,Delivered,7.0
ORD101452,2025-12-15,CUST2008,Gujranwala,Punjab,Marble,Ziarat White,Flamed,18,194.2,161.49,0.0,31361.36,Cash,Fahad Malik,Depot - Karachi,Delivered,7.0
ORD102079,2025-09-08,CUST1029,Chiniot,Punjab,Tile,Rangeela Marble,Polished,20,294.0,74.92,0.0,22026.48,Credit (30 days),Tariq Mehmood,Depot - Karachi,Pending,9.0
ORD103905,2025-12-21,CUST1473,Mianwali,Punjab,Granite,Teri White,Polished,18,178.8,196.67,0.0,35164.6,Cash,Tariq Mehmood,Depot - Karachi,Delivered,8.0
ORD102114,2025-04-15,CUST2512,Gujranwala,Punjab,Marble,Chaghi Golden,Polished,30,196.2,230.71,0.0,45265.3,Credit (30 days),Zain Abbas,Main Yard - Chiniot,Delivered,9.0
ORD100637,2025-09-14,CUST3118,Multan,Punjab,Onyx,Sunny Grey,Polished,22,86.3,460.88,0.0,39773.94,Cash,Tariq Mehmood,Main Yard - Chiniot,Delivered,7.0
ORD104078,2024-09-22,CUST2367,Sialkot,Punjab,Marble,Chiniot Black,Polished,22,417.0,207.92,0.0,86702.64,Cash,Tariq Mehmood,Depot - Lahore,Delivered,9.0
ORD100129,2024-06-02,CUST1470,Quetta,Balochistan,Granite,Black Galaxy,Honed,18,77.3,313.42,10.0,21804.63,Cash,Ahmed Raza,Main Yard - Chiniot,Delivered,9.0
ORD102153,2025-09-16,CUST1368,Peshawar,KPK,Marble,Chiniot Black,Polished,20,162.6,182.61,5.0,28207.77,Bank Transfer,Fahad Malik,Depot - Lahore,Cancelled,2.0
ORD103926,2025-07-11,CUST3383,Mianwali,Punjab,Marble,Ziarat White,Flamed,30,49.6,216.27,0.0,10726.99,Bank Transfer,Fahad Malik,Depot - Karachi,In Transit,5.0
ORD100094,2024-01-13,CUST1870,Gujranwala,Punjab,Marble,Botticino Beige,Polished,18,20.0,198.18,0.0,3963.6,Credit (30 days),Tariq Mehmood,Depot - Karachi,Pending,7.0
ORD102427,2025-06-04,CUST2022,Multan,Punjab,Marble,Emperador Brown,Polished,22,115.9,196.39,0.0,22761.6,Cash,Bilal Khan,Depot - Multan,Delivered,4.0
ORD100487,2024-10-26,CUST2321,Multan,Punjab,Onyx,Buff Marble,Honed,30,87.6,422.26,0.0,36989.98,Bank Transfer,Saad Iqbal,Depot - Karachi,In Transit,11.0
ORD101487,2025-07-05,CUST2588,Peshawar,KPK,Marble,Black Galaxy,Honed,20,25.8,112.14,5.0,2748.55,Cash,Zain Abbas,Depot - Multan,Delivered,9.0
ORD101312,2025-07-08,CUST1370,Multan,Punjab,Marble,Chaghi Golden,Polished,18,20.0,136.91,0.0,2738.2,Bank Transfer,Zain Abbas,Depot - Lahore,In Transit,10.0
ORD104866,2024-08-08,CUST2677,Islamabad,Federal,Onyx,Ziarat White,Bush Hammered,20,62.7,427.94,0.0,26831.84,Cheque,Bilal Khan,Depot - Karachi,Delivered,10.0
ORD102585,2025-02-05,CUST1925,Islamabad,Federal,Granite,Chaghi Golden,Leather,20,221.8,306.13,0.0,67899.63,Credit (30 days),Saad Iqbal,Main Yard - Chiniot,Pending,5.0
ORD100041,2025-10-22,CUST2184,Faisalabad,Punjab,Marble,Emperador Brown,Polished,16,41.5,198.95,0.0,8256.42,Bank Transfer,Saad Iqbal,Depot - Karachi,Delivered,4.0
ORD100244,2025-07-10,CUST1786,Faisalabad,Punjab,Marble,Multi Red,Leather,18,338.7,174.18,0.0,58994.77,Bank Transfer,Hamza Sheikh,Depot - Karachi,Pending,9.0
ORD104374,2025-11-25,CUST1656,Mianwali,Punjab,Marble,Multi Red,Bush Hammered,18,32.8,152.34,0.0,4746.91,Bank Transfer,Zain Abbas,Depot - Lahore,Cancelled,9.0
ORD100745,2025-01-30,CUST1238,Chiniot,Punjab,Marble,Black Galaxy,Polished,18,93.5,156.02,0.0,14587.87,Credit (30 days),Fahad Malik,Depot - Multan,Delivered,8.0
ORD104459,2024-08-09,CUST2874,Sialkot,Punjab,Marble,Buff Marble,Polished,16,26.7,181.64,0.0,4849.79,Cash,Hamza Sheikh,Depot - Karachi,In Transit,6.0
ORD103268,2025-08-24,CUST2142,Chiniot,Punjab,Granite,Multi Red,Polished,22,52.6,377.48,0.0,19855.45,Cash,Tariq Mehmood,Depot - Lahore,Delivered,3.0
ORD103828,2025-01-02,CUST3428,Karachi,Sindh,Marble,Sunny Grey,Polished,18,33.7,166.22,0.0,5601.61,Cash,Tariq Mehmood,Main Yard - Chiniot,In Transit,7.0
ORD101825,2025-01-13,CUST1605,Peshawar,KPK,Marble,Indus Green,Flamed,22,188.1,190.21,0.0,35778.5,Cheque,Zain Abbas,Depot - Karachi,In Transit,5.0
ORD101140,2025-12-15,CUST1212,Sialkot,Punjab,Onyx,Multi Red,Leather,20,125.3,444.45,0.0,55689.58,Bank Transfer,Tariq Mehmood,Depot - Multan,Pending,5.0
ORD101400,2024-11-13,CUST2498,Islamabad,Federal,Onyx,Ziarat White,Polished,22,45.7,385.82,10.0,15868.78,Cheque,Tariq Mehmood,Depot - Multan,In Transit,4.0
ORD102017,2024-10-06,CUST2071,Mianwali,Punjab,Marble,Rangeela Marble,Honed,20,187.2,214.63,10.0,36160.86,Bank Transfer,Hamza Sheikh,Depot - Lahore,Cancelled,3.0
ORD104390,2024-10-15,CUST3297,Peshawar,KPK,Granite,Botticino Beige,Polished,20,178.7,274.58,0.0,49067.45,Bank Transfer,Zain Abbas,Main Yard - Chiniot,In Transit,6.0
ORD104675,2024-08-29,CUST1500,Sialkot,Punjab,Marble,Multi Red,Polished,16,56.1,173.13,0.0,9712.59,Cash,Ahmed Raza,Main Yard - Chiniot,Delivered,9.0
ORD102536,2025-02-02,CUST2475,Faisalabad,Punjab,Onyx,Chaghi Golden,Honed,30,139.6,510.91,0.0,71323.04,Cash,Zain Abbas,Depot - Multan,Delivered,3.0
ORD103808,2025-08-13,CUST2061,Multan,Punjab,Marble,Ziarat White,Polished,20,35.0,246.72,0.0,8635.2,Cash,Hamza Sheikh,Depot - Multan,Cancelled,7.0
ORD100713,2024-01-07,CUST1582,Gujranwala,Punjab,Marble,Sunny Grey,Polished,16,43.5,211.98,0.0,9221.13,Bank Transfer,Usman Tariq,Depot - Karachi,Delivered,10.0
ORD100255,2024-09-11,CUST2798,Karachi,Sindh,Marble,Teri White,Honed,30,163.8,166.68,0.0,27302.18,Cash,Bilal Khan,Depot - Multan,In Transit,9.0
ORD104238,2025-02-02,CUST3348,Peshawar,KPK,Marble,Black Galaxy,Flamed,16,149.3,163.89,10.0,22021.9,Credit (30 days),Zain Abbas,Depot - Karachi,Delivered,3.0
ORD102372,2025-11-19,CUST1867,Peshawar,KPK,Tile,Chiniot Black,Polished,20,142.0,89.42,0.0,12697.64,Bank Transfer,Tariq Mehmood,Main Yard - Chiniot,Delivered,8.0
ORD103955,2025-05-02,CUST3462,Islamabad,Federal,Granite,Multi Red,Honed,18,106.9,238.81,0.0,25528.79,Cash,Ahmed Raza,Depot - Karachi,Delivered,9.0
ORD103561,2025-10-02,CUST1641,Gujranwala,Punjab,Granite,Sunny Grey,Flamed,16,134.7,240.01,5.0,30712.88,Cheque,Tariq Mehmood,Depot - Multan,Delivered,11.0
ORD103698,2025-04-10,CUST2223,Multan,Punjab,Marble,Sunny Grey,Flamed,16,89.7,177.35,10.0,14317.47,Bank Transfer,Saad Iqbal,Depot - Lahore,Delivered,8.0
ORD100957,2025-04-05,CUST3402,Chiniot,Punjab,Granite,Indus Green,Polished,18,25.3,205.21,5.0,4932.22,Cash,Saad Iqbal,Depot - Lahore,Cancelled,9.0
ORD104726,2024-02-17,CUST2043,Sialkot,Punjab,Tile,Multi Red,Polished,18,114.8,91.88,10.0,9493.04,Cash,Tariq Mehmood,Depot - Multan,Delivered,10.0
ORD103217,2024-08-30,CUST3014,Faisalabad,Punjab,Marble,Black Galaxy,Polished,30,39.8,250.09,0.0,9953.58,Bank Transfer,Zain Abbas,Depot - Karachi,Pending,7.0
ORD101032,2025-06-20,CUST3111,Sialkot,Punjab,Tile,Emperador Brown,Bush Hammered,16,134.3,115.09,5.0,14683.76,Cash,Fahad Malik,Main Yard - Chiniot,Delivered,5.0
ORD103516,2024-10-31,CUST1830,Sialkot,Punjab,Marble,Chaghi Golden,Polished,30,50.0,266.21,0.0,13310.5,Cash,Tariq Mehmood,Main Yard - Chiniot,Delivered,7.0
ORD104692,2024-08-02,CUST2039,Peshawar,KPK,Marble,Multi Red,Honed,30,109.9,207.2,0.0,22771.28,Bank Transfer,Usman Tariq,Depot - Multan,Delivered,8.0
ORD102120,2024-10-21,CUST2880,Chiniot,Punjab,Granite,Buff Marble,Polished,30,20.0,169.12,0.0,3382.4,Credit (30 days),Tariq Mehmood,Depot - Lahore,In Transit,6.0
ORD103324,2024-02-25,CUST1696,Islamabad,Federal,Onyx,Multi Red,Polished,20,164.0,472.99,5.0,73691.84,Bank Transfer,Saad Iqbal,Depot - Karachi,Cancelled,12.0
ORD104889,2024-12-24,CUST1292,Peshawar,KPK,Marble,Multi Red,Polished,20,158.7,200.91,0.0,31884.42,Cheque,Ahmed Raza,Depot - Multan,Delivered,7.0
ORD104207,2024-06-19,CUST2268,Rawalpindi,Punjab,Marble,Sunny Grey,Polished,20,117.9,200.6,0.0,23650.74,Cash,Zain Abbas,Depot - Multan,In Transit,12.0
ORD104828,2025-11-27,CUST2569,Islamabad,Federal,Tile,Chiniot Black,Polished,20,97.8,82.82,0.0,8099.8,Bank Transfer,Ahmed Raza,Depot - Multan,Delivered,5.0
ORD100377,2025-08-23,CUST3397,Multan,Punjab,Marble,Teri White,Polished,22,79.7,168.16,10.0,12062.12,Bank Transfer,Saad Iqbal,Depot - Lahore,Delivered,4.0
ORD100504,2024-09-28,CUST1901,Quetta,Balochistan,Granite,Botticino Beige,Polished,20,98.0,266.69,0.0,26135.62,Bank Transfer,Bilal Khan,Depot - Karachi,Delivered,6.0
ORD104344,2024-12-29,CUST2216,Peshawar,KPK,Marble,Ziarat White,Polished,30,123.0,207.25,0.0,25491.75,Cash,Bilal Khan,Depot - Lahore,Delivered,7.0
ORD104584,2024-01-21,CUST1823,Chiniot,Punjab,Granite,Chaghi Golden,Flamed,18,102.7,281.01,0.0,28859.73,Cash,Ahmed Raza,Depot - Multan,Pending,5.0
ORD100572,2024-05-31,CUST1648,Islamabad,Federal,Granite,Rangeela Marble,Polished,30,82.4,284.69,0.0,23458.46,Bank Transfer,Usman Tariq,Depot - Multan,Pending,6.0
ORD101364,2024-09-26,CUST3297,Faisalabad,Punjab,Marble,Chaghi Golden,Bush Hammered,16,65.8,188.12,0.0,12378.3,Bank Transfer,Fahad Malik,Depot - Lahore,Delivered,7.0
ORD104704,2025-06-26,CUST1169,Mianwali,Punjab,Tile,Chiniot Black,Polished,22,139.3,94.66,0.0,13186.14,Credit (30 days),Usman Tariq,Depot - Karachi,Delivered,12.0
ORD101819,2024-04-08,CUST2101,Gujranwala,Punjab,Marble,Chaghi Golden,Polished,22,59.1,167.9,10.0,8930.6,Cash,Ahmed Raza,Main Yard - Chiniot,Pending,7.0
ORD104148,2024-07-07,CUST1532,Gujranwala,Punjab,Marble,Rangeela Marble,Bush Hammered,18,65.0,166.71,0.0,10836.15,Cash,Zain Abbas,Depot - Lahore,Cancelled,4.0
ORD103220,2025-12-05,CUST1928,Mianwali,Punjab,Tile,Black Galaxy,Polished,30,72.6,106.94,10.0,6987.46,Credit (30 days),Bilal Khan,Depot - Karachi,Delivered,10.0
ORD100037,2025-02-13,CUST2471,Sialkot,Punjab,Tile,Multi Red,Leather,18,190.7,86.62,0.0,16518.43,Cheque,Fahad Malik,Main Yard - Chiniot,Delivered,9.0
ORD100801,2024-02-01,CUST2443,Karachi,Sindh,Marble,Buff Marble,Bush Hammered,30,153.6,227.44,0.0,34934.78,Cash,Saad Iqbal,Depot - Multan,Pending,7.0
ORD103712,2025-05-09,CUST3387,Sialkot,Punjab,Marble,Chaghi Golden,Polished,18,96.4,213.99,0.0,20628.64,Credit (30 days),Tariq Mehmood,Main Yard - Chiniot,Pending,7.0
ORD100561,2025-12-12,CUST3258,Islamabad,Federal,Marble,Buff Marble,Honed,30,24.4,239.86,0.0,5852.58,Bank Transfer,Hamza Sheikh,Depot - Karachi,Delivered,8.0
ORD103136,2024-08-01,CUST1352,Chiniot,Punjab,Tile,Indus Green,Polished,30,34.1,107.65,10.0,3303.78,Credit (30 days),Bilal Khan,Main Yard - Chiniot,Delivered,16.0
ORD101797,2024-09-27,CUST2122,Gujranwala,Punjab,Granite,Chiniot Black,Polished,22,170.7,261.28,0.0,44600.5,Credit (30 days),Saad Iqbal,Depot - Karachi,Delivered,12.0
ORD101170,2024-05-21,CUST1614,Faisalabad,Punjab,Marble,Ziarat White,Polished,22,214.1,195.73,0.0,41905.79,Cheque,Hamza Sheikh,Main Yard - Chiniot,Delivered,9.0
ORD100929,2025-03-23,CUST2362,Gujranwala,Punjab,Marble,Sunny Grey,Honed,18,330.2,178.5,5.0,55993.66,Cash,Usman Tariq,Depot - Lahore,Delivered,8.0
ORD103401,2024-12-24,CUST3149,Mianwali,Punjab,Tile,Botticino Beige,Flamed,20,125.2,91.13,0.0,11409.48,Credit (30 days),Hamza Sheikh,Depot - Lahore,In Transit,5.0
ORD103587,2025-07-03,CUST1921,Multan,Punjab,Onyx,Indus Green,Flamed,22,41.6,408.58,5.0,16147.08,Credit (30 days),Zain Abbas,Depot - Multan,Cancelled,6.0
ORD101209,2024-12-16,CUST2841,Faisalabad,Punjab,Tile,Ziarat White,Bush Hammered,22,99.0,98.18,0.0,9719.82,Credit (30 days),Tariq Mehmood,Depot - Karachi,Cancelled,7.0
ORD104299,2025-05-10,CUST2620,Lahore,Punjab,Marble,Multi Red,Polished,18,180.7,175.45,0.0,31703.81,Cash,Bilal Khan,Depot - Lahore,Delivered,7.0
ORD104204,2024-05-29,CUST2045,Gujranwala,Punjab,Marble,Multi Red,Polished,22,20.0,166.19,0.0,3323.8,Bank Transfer,Usman Tariq,Depot - Lahore,Delivered,8.0
ORD101569,2024-03-31,CUST2634,Islamabad,Federal,Marble,Emperador Brown,Leather,18,311.6,153.57,0.0,47852.41,Bank Transfer,Ahmed Raza,Main Yard - Chiniot,Delivered,6.0
ORD100589,2024-05-24,CUST1319,Lahore,Punjab,Granite,Teri White,Polished,20,67.5,245.2,0.0,16551.0,Bank Transfer,Hamza Sheikh,Depot - Multan,Delivered,7.0
ORD101250,2024-02-01,CUST3299,Multan,Punjab,Tile,Rangeela Marble,Polished,22,47.9,95.26,0.0,4562.95,Credit (30 days),Hamza Sheikh,Depot - Lahore,Delivered,6.0
ORD100242,2025-12-16,CUST1100,Chiniot,Punjab,Granite,Multi Red,Polished,22,71.1,298.07,0.0,21192.78,Credit (30 days),Usman Tariq,Depot - Lahore,Delivered,5.0
ORD101769,2024-10-18,CUST3449,Peshawar,KPK,Onyx,Rangeela Marble,Flamed,18,260.9,439.19,0.0,114584.67,Cash,Usman Tariq,Depot - Karachi,Cancelled,7.0
ORD103409,2025-08-16,CUST2522,Chiniot,Punjab,Granite,Chaghi Golden,Flamed,18,47.7,310.01,5.0,14048.1,Credit (30 days),Fahad Malik,Depot - Karachi,In Transit,7.0
ORD102476,2025-12-26,CUST3476,Islamabad,Federal,Granite,Rangeela Marble,Honed,20,55.9,325.31,0.0,18184.83,Bank Transfer,Bilal Khan,Depot - Karachi,Delivered,7.0
ORD103272,2025-05-05,CUST3254,Islamabad,Federal,Tile,Indus Green,Leather,18,48.4,81.68,0.0,3953.31,Cheque,Zain Abbas,Depot - Multan,Delivered,7.0
ORD101177,2025-08-07,CUST2631,Mianwali,Punjab,Marble,Black Galaxy,Polished,16,21.2,192.57,0.0,4082.48,Bank Transfer,Ahmed Raza,Depot - Lahore,In Transit,9.0
ORD102165,2025-09-30,CUST1488,Multan,Punjab,Marble,Ziarat White,Bush Hammered,22,88.1,173.05,0.0,15245.7,Credit (30 days),Saad Iqbal,Depot - Multan,Pending,9.0
ORD104542,2024-10-19,CUST2559,Faisalabad,Punjab,Marble,Botticino Beige,Polished,30,157.3,160.09,0.0,25182.16,Cash,Ahmed Raza,Depot - Multan,Pending,13.0
ORD100160,2024-12-19,CUST2621,Lahore,Punjab,Marble,Black Galaxy,Honed,30,60.9,192.89,0.0,11747.0,Bank Transfer,Zain Abbas,Main Yard - Chiniot,Delivered,16.0
ORD101841,2025-01-03,CUST2626,Rawalpindi,Punjab,Marble,Botticino Beige,Honed,30,67.4,184.35,0.0,12425.19,Cheque,Bilal Khan,Main Yard - Chiniot,Cancelled,7.0
ORD103565,2024-12-18,CUST1277,Multan,Punjab,Marble,Ziarat White,Honed,16,20.0,175.77,0.0,3515.4,Bank Transfer,Hamza Sheikh,Main Yard - Chiniot,Pending,4.0
ORD101712,2025-08-27,CUST2308,Islamabad,Federal,Marble,Botticino Beige,Flamed,20,66.3,171.61,0.0,11377.74,Credit (30 days),Tariq Mehmood,Depot - Lahore,Delivered,6.0
ORD103514,2025-11-30,CUST2258,Faisalabad,Punjab,Onyx,Black Galaxy,Flamed,22,92.4,414.2,0.0,38272.08,Bank Transfer,Zain Abbas,Main Yard - Chiniot,Cancelled,7.0
ORD101020,2025-03-31,CUST3193,Faisalabad,Punjab,Onyx,Multi Red,Honed,18,29.1,383.71,0.0,11165.96,Cash,Saad Iqbal,Depot - Multan,Delivered,5.0
ORD102516,2025-10-25,CUST2476,Lahore,Punjab,Marble,Chaghi Golden,Polished,18,123.4,210.95,0.0,26031.23,Credit (30 days),Tariq Mehmood,Depot - Multan,Delivered,6.0
ORD100213,2025-03-30,CUST2782,Gujranwala,Punjab,Granite,Buff Marble,Bush Hammered,30,355.2,287.89,0.0,102258.53,Credit (30 days),Bilal Khan,Depot - Karachi,In Transit,7.0
ORD100275,2025-10-11,CUST1922,Karachi,Sindh,Marble,Teri White,Honed,16,63.7,181.47,0.0,11559.64,Cash,Hamza Sheikh,Main Yard - Chiniot,Cancelled,6.0
ORD101419,2024-06-29,CUST1887,Peshawar,KPK,Marble,Rangeela Marble,Bush Hammered,18,104.5,220.35,15.0,19572.59,Bank Transfer,Saad Iqbal,Main Yard - Chiniot,Delivered,8.0
ORD102844,2024-12-12,CUST1906,Multan,Punjab,Marble,Rangeela Marble,Polished,22,38.5,242.6,0.0,9340.1,Cheque,Tariq Mehmood,Depot - Multan,Cancelled,8.0
ORD102254,2024-12-14,CUST2494,Quetta,Balochistan,Marble,Botticino Beige,Polished,22,242.4,182.95,10.0,39912.37,Credit (30 days),Hamza Sheikh,Depot - Karachi,Delivered,6.0
ORD100239,2024-02-23,CUST2221,Gujranwala,Punjab,Marble,Chaghi Golden,Flamed,20,83.4,192.4,10.0,14441.54,Cheque,Hamza Sheikh,Depot - Multan,Delivered,8.0
ORD102415,2025-05-16,CUST3475,Quetta,Balochistan,Granite,Chiniot Black,Polished,18,106.6,269.19,0.0,28695.65,Cash,Zain Abbas,Main Yard - Chiniot,Cancelled,8.0
ORD102360,2024-09-18,CUST1576,Lahore,Punjab,Granite,Ziarat White,Bush Hammered,20,63.5,333.01,10.0,19031.52,Bank Transfer,Usman Tariq,Depot - Multan,In Transit,9.0
ORD102115,2024-08-23,CUST1668,Faisalabad,Punjab,Tile,Multi Red,Polished,16,88.5,84.28,5.0,7085.84,Cash,Saad Iqbal,Main Yard - Chiniot,Pending,7.0
ORD103222,2024-01-07,CUST1100,Gujranwala,Punjab,Tile,Buff Marble,Bush Hammered,30,41.0,100.31,0.0,4112.71,Cash,Tariq Mehmood,Depot - Multan,Cancelled,2.0
ORD101173,2025-11-26,CUST2563,Rawalpindi,Punjab,Granite,Emperador Brown,Leather,20,20.0,312.79,10.0,5630.22,Cash,Bilal Khan,Depot - Multan,Delivered,7.0
ORD101431,2024-11-12,CUST2326,Chiniot,Punjab,Marble,Ziarat White,Polished,18,147.1,165.09,0.0,24284.74,Cash,Usman Tariq,Main Yard - Chiniot,Delivered,9.0
ORD103247,2025-05-09,CUST3323,Multan,Punjab,Marble,Multi Red,Honed,18,166.8,227.73,0.0,37985.36,Bank Transfer,Fahad Malik,Depot - Karachi,Delivered,4.0
ORD103182,2025-10-24,CUST3235,Islamabad,Federal,Marble,Chaghi Golden,Polished,16,333.3,173.57,5.0,54958.34,Bank Transfer,Ahmed Raza,Main Yard - Chiniot,Delivered,5.0
ORD103715,2025-01-04,CUST3337,Lahore,Punjab,Granite,Emperador Brown,Polished,16,151.7,238.93,0.0,36245.68,Cheque,Hamza Sheikh,Main Yard - Chiniot,Cancelled,7.0
ORD103582,2025-06-25,CUST1340,Karachi,Sindh,Onyx,Buff Marble,Polished,20,55.9,427.44,0.0,23893.9,Cash,Bilal Khan,Main Yard - Chiniot,Pending,10.0
ORD101612,2024-07-11,CUST1237,Rawalpindi,Punjab,Marble,Rangeela Marble,Polished,16,20.0,179.67,0.0,3593.4,Cash,Tariq Mehmood,Main Yard - Chiniot,Delivered,8.0
ORD101789,2024-11-18,CUST2817,Quetta,Balochistan,Marble,Ziarat White,Polished,30,119.3,188.86,0.0,22531.0,Credit (30 days),Bilal Khan,Main Yard - Chiniot,Delivered,9.0
ORD101031,2024-03-28,CUST3343,Quetta,Balochistan,Marble,Black Galaxy,Polished,20,210.3,102.15,5.0,20408.04,Cash,Saad Iqbal,Depot - Lahore,Cancelled,6.0
ORD101962,2024-10-11,CUST3325,Chiniot,Punjab,Tile,Chaghi Golden,Polished,16,49.6,114.79,0.0,5693.58,Bank Transfer,Zain Abbas,Main Yard - Chiniot,Cancelled,5.0
ORD100407,2025-03-04,CUST3365,Islamabad,Federal,Marble,Multi Red,Leather,18,189.9,169.74,0.0,32233.63,Cash,Tariq Mehmood,Depot - Lahore,Pending,7.0
ORD103097,2025-11-10,CUST1377,Sialkot,Punjab,Marble,Emperador Brown,Leather,30,556.8,165.26,0.0,92016.77,Credit (30 days),Fahad Malik,Main Yard - Chiniot,Delivered,5.0
ORD104971,2024-05-07,CUST2583,Sialkot,Punjab,Granite,Sunny Grey,Polished,18,343.0,244.01,0.0,83695.43,Cash,Usman Tariq,Depot - Multan,Cancelled,5.0
ORD102166,2024-11-17,CUST2499,Islamabad,Federal,Marble,Teri White,Bush Hammered,18,168.3,192.61,0.0,32416.26,Credit (30 days),Hamza Sheikh,Main Yard - Chiniot,Delivered,7.0
ORD103985,2025-05-31,CUST1945,Multan,Punjab,Granite,Chiniot Black,Honed,18,127.1,243.45,0.0,30942.5,Credit (30 days),Hamza Sheikh,Main Yard - Chiniot,In Transit,5.0
ORD103626,2025-02-16,CUST1190,Faisalabad,Punjab,Tile,Sunny Grey,Polished,22,21.0,79.75,0.0,1674.75,Cash,Saad Iqbal,Depot - Karachi,Delivered,8.0
ORD101917,2024-10-27,CUST3067,Quetta,Balochistan,Marble,Multi Red,Flamed,22,116.8,159.0,0.0,18571.2,Cheque,Usman Tariq,Depot - Karachi,Delivered,5.0
ORD100447,2024-09-26,CUST2931,Lahore,Punjab,Onyx,Indus Green,Flamed,16,126.8,397.17,0.0,50361.16,Credit (30 days),Ahmed Raza,Depot - Karachi,Delivered,6.0
ORD101139,2025-01-22,CUST1031,Rawalpindi,Punjab,Marble,Buff Marble,Polished,22,75.7,220.47,5.0,15855.1,Bank Transfer,Ahmed Raza,Main Yard - Chiniot,Pending,6.0
ORD104118,2025-10-29,CUST2058,Lahore,Punjab,Marble,Emperador Brown,Bush Hammered,20,139.7,161.23,10.0,20271.45,Credit (30 days),Hamza Sheikh,Depot - Multan,In Transit,7.0
ORD101862,2024-10-08,CUST1732,Mianwali,Punjab,Marble,Botticino Beige,Polished,30,167.2,215.63,0.0,36053.34,Credit (30 days),Ahmed Raza,Depot - Multan,Delivered,5.0
ORD104765,2024-10-01,CUST2305,Chiniot,Punjab,Marble,Black Galaxy,Leather,18,304.7,189.52,0.0,57746.74,Cash,Fahad Malik,Main Yard - Chiniot,Cancelled,7.0
ORD102229,2025-10-17,CUST3256,Mianwali,Punjab,Onyx,Chaghi Golden,Polished,16,164.3,350.18,10.0,51781.12,Cash,Bilal Khan,Depot - Karachi,Cancelled,6.0
ORD104914,2024-05-09,CUST1715,Faisalabad,Punjab,Marble,Emperador Brown,Leather,30,20.0,234.61,5.0,4457.59,Cash,Usman Tariq,Main Yard - Chiniot,Delivered,9.0
ORD104612,2024-01-16,CUST2386,Mianwali,Punjab,Marble,Chaghi Golden,Bush Hammered,16,124.9,183.87,0.0,22965.36,Credit (30 days),Fahad Malik,Depot - Lahore,Pending,6.0
ORD104648,2025-07-01,CUST1798,Faisalabad,Punjab,Granite,Indus Green,Flamed,30,65.6,297.11,0.0,19490.42,Bank Transfer,Saad Iqbal,Depot - Lahore,Delivered,10.0
ORD104332,2024-12-31,CUST3276,Gujranwala,Punjab,Tile,Sunny Grey,Honed,16,64.4,82.54,0.0,5315.58,Credit (30 days),Hamza Sheikh,Depot - Lahore,Pending,9.0
ORD103963,2025-08-23,CUST2565,Faisalabad,Punjab,Marble,Botticino Beige,Honed,16,74.7,201.58,0.0,15058.03,Bank Transfer,Hamza Sheikh,Depot - Lahore,Cancelled,7.0
ORD101738,2025-04-20,CUST2602,Quetta,Balochistan,Marble,Buff Marble,Polished,18,265.1,204.46,0.0,54202.35,Bank Transfer,Zain Abbas,Depot - Multan,Delivered,6.0
ORD103584,2025-05-17,CUST3146,Quetta,Balochistan,Granite,Black Galaxy,Polished,20,311.6,251.43,0.0,78345.59,Cash,Saad Iqbal,Depot - Lahore,In Transit,6.0
ORD101228,2024-04-02,CUST3187,Gujranwala,Punjab,Tile,Emperador Brown,Polished,20,55.7,120.21,0.0,6695.7,Cash,Bilal Khan,Main Yard - Chiniot,Cancelled,5.0
ORD102543,2024-05-27,CUST2997,Karachi,Sindh,Marble,Teri White,Honed,20,171.0,188.34,0.0,32206.14,Cash,Saad Iqbal,Depot - Karachi,Delivered,8.0
ORD100834,2024-07-06,CUST2338,Sialkot,Punjab,Granite,Emperador Brown,Flamed,22,79.4,284.07,0.0,22555.16,Bank Transfer,Hamza Sheikh,Main Yard - Chiniot,Delivered,13.0
ORD104071,2024-01-11,CUST2444,Multan,Punjab,Marble,Sunny Grey,Polished,30,66.3,169.41,0.0,11231.88,Bank Transfer,Saad Iqbal,Depot - Multan,Delivered,4.0
ORD103625,2024-08-03,CUST1342,Rawalpindi,Punjab,Marble,Buff Marble,Polished,20,24.3,175.9,0.0,4274.37,Bank Transfer,Zain Abbas,Depot - Karachi,Cancelled,8.0
ORD101594,2024-03-01,CUST2088,Chiniot,Punjab,Onyx,Rangeela Marble,Polished,30,371.9,505.94,0.0,188159.09,Cash,Usman Tariq,Depot - Karachi,In Transit,6.0
ORD101976,2024-05-11,CUST3442,Mianwali,Punjab,Marble,Sunny Grey,Leather,18,200.8,160.07,10.0,28927.85,Credit (30 days),Zain Abbas,Depot - Multan,Delivered,7.0
ORD102055,2024-01-10,CUST2596,Lahore,Punjab,Marble,Botticino Beige,Polished,16,80.6,212.57,15.0,14563.17,Credit (30 days),Ahmed Raza,Main Yard - Chiniot,Delivered,5.0
ORD100992,2024-04-16,CUST3397,Sialkot,Punjab,Granite,Rangeela Marble,Polished,20,89.2,235.81,0.0,21034.25,Cash,Bilal Khan,Main Yard - Chiniot,Delivered,5.0
ORD104267,2024-12-17,CUST2666,Rawalpindi,Punjab,Marble,Sunny Grey,Leather,20,123.5,183.57,0.0,22670.9,Cheque,Zain Abbas,Depot - Multan,Pending,6.0
ORD104010,2024-11-08,CUST2091,Mianwali,Punjab,Marble,Chiniot Black,Polished,30,195.0,183.16,10.0,32144.58,Bank Transfer,Tariq Mehmood,Depot - Multan,Delivered,9.0
ORD104762,2025-01-16,CUST3105,Sialkot,Punjab,Granite,Black Galaxy,Polished,30,42.1,200.41,10.0,7593.53,Cash,Zain Abbas,Depot - Lahore,In Transit,8.0
ORD103077,2024-02-25,CUST3307,Chiniot,Punjab,Onyx,Black Galaxy,Polished,22,69.9,459.01,5.0,30480.56,Cheque,Bilal Khan,Main Yard - Chiniot,In Transit,12.0
ORD103873,2024-09-30,CUST1595,Faisalabad,Punjab,Granite,Black Galaxy,Leather,30,83.7,317.51,0.0,26575.59,Cash,Bilal Khan,Main Yard - Chiniot,Cancelled,4.0
ORD103428,2024-12-24,CUST1909,Peshawar,KPK,Granite,Emperador Brown,Polished,22,85.1,286.62,15.0,20732.66,Credit (30 days),Tariq Mehmood,Depot - Lahore,Delivered,8.0
ORD103269,2024-06-01,CUST3416,Peshawar,KPK,Marble,Emperador Brown,Polished,16,80.8,196.12,15.0,13469.52,Cash,Saad Iqbal,Depot - Lahore,Pending,6.0
ORD100360,2024-07-17,CUST1760,Rawalpindi,Punjab,Onyx,Botticino Beige,Flamed,18,36.4,386.26,0.0,14059.86,Bank Transfer,Usman Tariq,Depot - Karachi,Delivered,2.0
ORD101718,2025-05-01,CUST1761,Islamabad,Federal,Marble,Indus Green,Polished,18,27.4,196.71,0.0,5389.85,Bank Transfer,Tariq Mehmood,Depot - Multan,In Transit,9.0
ORD100836,2025-03-09,CUST2566,Islamabad,Federal,Marble,Teri White,Leather,16,171.6,175.41,0.0,30100.36,Bank Transfer,Bilal Khan,Depot - Multan,Pending,6.0
ORD100629,2024-02-17,CUST2673,Rawalpindi,Punjab,Onyx,Indus Green,Honed,20,20.0,380.86,5.0,7236.34,Bank Transfer,Tariq Mehmood,Depot - Karachi,Delivered,5.0
ORD104540,2025-05-25,CUST2524,Chiniot,Punjab,Granite,Teri White,Leather,16,112.9,215.81,0.0,24364.95,Cash,Ahmed Raza,Main Yard - Chiniot,Delivered,5.0
ORD102184,2024-05-01,CUST1199,Karachi,Sindh,Tile,Emperador Brown,Leather,16,278.6,117.68,5.0,31146.37,Cash,Zain Abbas,Depot - Multan,In Transit,7.0
ORD101581,2024-01-07,CUST2356,Karachi,Sindh,Marble,Botticino Beige,Honed,22,117.2,198.28,5.0,22076.5,Bank Transfer,Ahmed Raza,Depot - Multan,Delivered,6.0
ORD102919,2025-10-06,CUST2290,Sialkot,Punjab,Tile,Teri White,Honed,16,40.7,88.23,0.0,3590.96,Bank Transfer,Hamza Sheikh,Depot - Lahore,Delivered,5.0
ORD101157,2024-07-29,CUST2392,Multan,Punjab,Marble,Chaghi Golden,Polished,22,51.7,225.25,0.0,11645.42,Bank Transfer,Bilal Khan,Main Yard - Chiniot,Delivered,12.0
ORD104114,2025-06-17,CUST1172,Quetta,Balochistan,Marble,Rangeela Marble,Honed,18,134.6,188.31,0.0,25346.53,Bank Transfer,Zain Abbas,Depot - Karachi,In Transit,3.0
ORD100640,2024-09-07,CUST2422,Chiniot,Punjab,Marble,Black Galaxy,Polished,30,197.4,200.38,0.0,39555.01,Cash,Hamza Sheikh,Depot - Karachi,Cancelled,7.0
ORD101017,2024-05-10,CUST2190,Karachi,Sindh,Marble,Buff Marble,Polished,30,273.7,250.29,5.0,65079.15,Cash,Bilal Khan,Depot - Multan,Pending,3.0
ORD103754,2025-06-22,CUST2081,Karachi,Sindh,Marble,Chaghi Golden,Honed,22,112.1,217.29,0.0,24358.21,Cash,Hamza Sheikh,Depot - Multan,In Transit,8.0
ORD100250,2024-04-15,CUST1873,Multan,Punjab,Granite,Multi Red,Bush Hammered,20,148.5,261.86,0.0,38886.21,Bank Transfer,Saad Iqbal,Depot - Karachi,Pending,7.0
ORD100960,2025-07-23,CUST1392,Faisalabad,Punjab,Marble,Multi Red,Bush Hammered,22,75.6,237.15,0.0,17928.54,Cash,Tariq Mehmood,Depot - Karachi,Pending,5.0
ORD100358,2025-08-12,CUST1990,Chiniot,Punjab,Marble,Indus Green,Leather,22,38.0,217.92,0.0,8280.96,Cheque,Hamza Sheikh,Depot - Multan,Delivered,7.0
ORD104423,2024-10-28,CUST3234,Quetta,Balochistan,Marble,Sunny Grey,Flamed,30,57.0,185.48,0.0,10572.36,Cash,Bilal Khan,Depot - Lahore,Delivered,6.0
ORD101331,2025-12-13,CUST1095,Faisalabad,Punjab,Marble,Botticino Beige,Honed,30,195.2,268.87,0.0,52483.42,Cheque,Fahad Malik,Main Yard - Chiniot,Pending,2.0
ORD104093,2024-02-03,CUST2354,Faisalabad,Punjab,Granite,Chiniot Black,Polished,18,22.4,296.05,5.0,6299.94,Bank Transfer,Hamza Sheikh,Depot - Karachi,Pending,8.0
ORD104249,2025-03-19,CUST2353,Quetta,Balochistan,Tile,Multi Red,Flamed,22,149.8,91.17,0.0,13657.27,Credit (30 days),Tariq Mehmood,Depot - Karachi,Delivered,8.0
ORD102926,2024-11-12,CUST2908,Karachi,Sindh,Granite,Indus Green,Polished,18,481.8,243.13,0.0,117140.03,Cash,Bilal Khan,Depot - Karachi,Pending,5.0
ORD102074,2024-12-09,CUST2212,Gujranwala,Punjab,Tile,Chiniot Black,Polished,18,59.0,103.46,0.0,6104.14,Credit (30 days),Hamza Sheikh,Main Yard - Chiniot,Cancelled,7.0
ORD100963,2025-08-09,CUST1261,Multan,Punjab,Tile,Multi Red,Flamed,16,175.8,93.02,0.0,16352.92,Bank Transfer,Saad Iqbal,Main Yard - Chiniot,Cancelled,8.0
ORD100645,2025-01-02,CUST3094,Sialkot,Punjab,Tile,Buff Marble,Polished,18,20.0,86.41,0.0,1728.2,Credit (30 days),Zain Abbas,Main Yard - Chiniot,In Transit,6.0
ORD103101,2024-07-24,CUST3184,Peshawar,KPK,Marble,Emperador Brown,Honed,22,95.3,213.0,5.0,19283.95,Cash,Hamza Sheikh,Depot - Karachi,Delivered,4.0
ORD100829,2024-08-20,CUST3035,Multan,Punjab,Granite,Teri White,Bush Hammered,30,34.4,315.55,0.0,10854.92,Bank Transfer,Ahmed Raza,Main Yard - Chiniot,In Transit,6.0
ORD103614,2024-11-19,CUST2576,Sialkot,Punjab,Marble,Multi Red,Polished,22,211.5,188.6,5.0,37894.46,Cash,Usman Tariq,Depot - Multan,Pending,7.0
ORD104656,2025-05-05,CUST1504,Chiniot,Punjab,Granite,Teri White,Flamed,20,170.0,196.02,0.0,33323.4,Credit (30 days),Tariq Mehmood,Depot - Multan,Pending,4.0
ORD102417,2025-12-26,CUST2513,Multan,Punjab,Marble,Emperador Brown,Honed,16,111.3,195.59,0.0,21769.17,Credit (30 days),Tariq Mehmood,Depot - Multan,Delivered,9.0
ORD102503,2025-08-30,CUST1530,Karachi,Sindh,Marble,Sunny Grey,Flamed,20,40.8,149.51,0.0,6100.01,Bank Transfer,Fahad Malik,Main Yard - Chiniot,Delivered,4.0
ORD100413,2024-08-14,CUST2670,Karachi,Sindh,Granite,Chiniot Black,Honed,30,199.3,247.7,0.0,49366.61,Bank Transfer,Saad Iqbal,Depot - Karachi,Pending,7.0
ORD103124,2025-02-10,CUST2949,Peshawar,KPK,Onyx,Emperador Brown,Leather,22,40.2,559.35,0.0,22485.87,Bank Transfer,Bilal Khan,Depot - Lahore,Delivered,11.0
ORD104363,2025-01-04,CUST1208,Faisalabad,Punjab,Tile,Emperador Brown,Polished,30,69.5,109.85,0.0,7634.58,Cash,Saad Iqbal,Main Yard - Chiniot,Cancelled,7.0
ORD100883,2025-03-22,CUST2580,Faisalabad,Punjab,Marble,Sunny Grey,Polished,22,68.9,214.9,0.0,14806.61,Cash,Bilal Khan,Depot - Multan,Pending,7.0
ORD103163,2024-09-20,CUST3156,Mianwali,Punjab,Granite,Rangeela Marble,Honed,20,63.7,306.07,0.0,19496.66,Bank Transfer,Usman Tariq,Depot - Multan,Cancelled,6.0
ORD101538,2024-11-19,CUST2680,Gujranwala,Punjab,Granite,Ziarat White,Polished,30,110.4,238.47,0.0,26327.09,Bank Transfer,Hamza Sheikh,Depot - Multan,Delivered,5.0
ORD102871,2025-12-07,CUST2070,Karachi,Sindh,Onyx,Buff Marble,Polished,22,109.6,461.47,0.0,50577.11,Cash,Zain Abbas,Depot - Lahore,Pending,7.0
ORD104549,2025-05-03,CUST3235,Quetta,Balochistan,Marble,Multi Red,Flamed,16,91.1,180.34,0.0,16428.97,Cash,Hamza Sheikh,Main Yard - Chiniot,Delivered,7.0
ORD102301,2025-08-12,CUST1766,Peshawar,KPK,Marble,Sunny Grey,Bush Hammered,16,63.3,168.2,0.0,10647.06,Cash,Fahad Malik,Main Yard - Chiniot,Delivered,11.0
ORD104025,2024-06-04,CUST1923,Islamabad,Federal,Granite,Chaghi Golden,Polished,22,176.5,297.04,10.0,47184.8,Cash,Ahmed Raza,Main Yard - Chiniot,Cancelled,8.0
ORD103713,2024-12-29,CUST2416,Peshawar,KPK,Tile,Indus Green,Polished,18,39.0,80.11,0.0,3124.29,Bank Transfer,Saad Iqbal,Depot - Multan,Delivered,11.0
ORD103602,2025-03-14,CUST2770,Islamabad,Federal,Marble,Indus Green,Polished,30,406.7,215.37,0.0,87590.98,Bank Transfer,Saad Iqbal,Main Yard - Chiniot,In Transit,8.0
ORD101985,2024-08-14,CUST2889,Karachi,Sindh,Marble,Botticino Beige,Polished,18,172.1,180.04,5.0,29435.64,Cash,Bilal Khan,Depot - Karachi,Delivered,6.0
ORD104872,2024-03-06,CUST2137,Chiniot,Punjab,Granite,Rangeela Marble,Bush Hammered,16,99.2,241.1,10.0,21525.41,Credit (30 days),Hamza Sheikh,Depot - Multan,Delivered,7.0
ORD103500,2025-07-18,CUST3441,Islamabad,Federal,Marble,Sunny Grey,Leather,16,20.0,236.83,0.0,4736.6,Bank Transfer,Tariq Mehmood,Depot - Lahore,Pending,4.0
ORD100446,2025-06-27,CUST3487,Sialkot,Punjab,Marble,Botticino Beige,Polished,16,182.8,174.78,5.0,30352.29,Bank Transfer,Saad Iqbal,Depot - Multan,In Transit,5.0
ORD103935,2024-07-15,CUST3060,Karachi,Sindh,Granite,Rangeela Marble,Bush Hammered,20,155.7,287.12,0.0,44704.58,Cash,Saad Iqbal,Depot - Lahore,Pending,7.0
ORD103529,2025-04-26,CUST2450,Mianwali,Punjab,Tile,Rangeela Marble,Honed,16,101.4,88.96,0.0,9020.54,Credit (30 days),Zain Abbas,Depot - Karachi,Cancelled,5.0
ORD101035,2024-07-14,CUST1550,Islamabad,Federal,Marble,Buff Marble,Polished,22,20.0,227.66,0.0,4553.2,Bank Transfer,Zain Abbas,Main Yard - Chiniot,Pending,6.0
ORD103144,2025-12-09,CUST1483,Multan,Punjab,Marble,Black Galaxy,Leather,16,68.6,187.56,0.0,12866.62,Cheque,Saad Iqbal,Depot - Karachi,In Transit,7.0
ORD102404,2025-05-04,CUST1183,Quetta,Balochistan,Onyx,Indus Green,Honed,20,162.5,541.01,10.0,79122.71,Cash,Saad Iqbal,Depot - Multan,Pending,8.0
ORD104226,2025-05-28,CUST1064,Gujranwala,Punjab,Granite,Buff Marble,Polished,30,239.8,322.24,0.0,77273.15,Cash,Tariq Mehmood,Depot - Karachi,Delivered,2.0
ORD102095,2025-08-23,CUST3093,Gujranwala,Punjab,Granite,Botticino Beige,Honed,30,55.9,271.0,5.0,14391.45,Bank Transfer,Tariq Mehmood,Depot - Lahore,In Transit,9.0
ORD101251,2025-08-26,CUST1515,Chiniot,Punjab,Marble,Buff Marble,Polished,20,67.9,198.74,0.0,13494.45,Bank Transfer,Bilal Khan,Main Yard - Chiniot,In Transit,6.0
ORD101488,2025-10-01,CUST2549,Mianwali,Punjab,Marble,Multi Red,Honed,16,131.5,199.75,5.0,24953.77,Credit (30 days),Fahad Malik,Depot - Multan,Cancelled,14.0
ORD101810,2025-01-11,CUST2930,Multan,Punjab,Marble,Emperador Brown,Leather,22,55.4,170.88,10.0,8520.08,Cash,Hamza Sheikh,Main Yard - Chiniot,Delivered,8.0
ORD100846,2025-12-13,CUST1155,Chiniot,Punjab,Marble,Rangeela Marble,Polished,18,54.9,195.1,0.0,10710.99,Cash,Hamza Sheikh,Depot - Multan,In Transit,7.0
ORD100668,2024-04-23,CUST2372,Karachi,Sindh,Marble,Emperador Brown,Polished,18,248.4,214.41,0.0,53259.44,Bank Transfer,Zain Abbas,Main Yard - Chiniot,Delivered,6.0
ORD100855,2024-12-17,CUST3267,Chiniot,Punjab,Marble,Emperador Brown,Polished,18,50.0,166.78,5.0,7922.05,Credit (30 days),Tariq Mehmood,Depot - Lahore,Delivered,3.0
ORD104558,2025-01-02,CUST1991,Lahore,Punjab,Marble,Buff Marble,Polished,20,396.2,169.72,0.0,67243.06,Cash,Fahad Malik,Depot - Karachi,Delivered,14.0
ORD102382,2025-06-19,CUST1335,Faisalabad,Punjab,Tile,Chaghi Golden,Polished,30,114.2,112.99,0.0,12903.46,Bank Transfer,Zain Abbas,Depot - Multan,Delivered,7.0
ORD100970,2024-07-17,CUST1704,Chiniot,Punjab,Onyx,Teri White,Polished,18,20.0,515.5,0.0,10310.0,Cash,Hamza Sheikh,Depot - Karachi,Delivered,9.0
ORD101299,2025-04-11,CUST2696,Lahore,Punjab,Marble,Rangeela Marble,Polished,20,192.9,201.97,0.0,38960.01,Cash,Saad Iqbal,Depot - Lahore,Pending,10.0
ORD101297,2024-01-12,CUST3379,Rawalpindi,Punjab,Marble,Emperador Brown,Bush Hammered,22,45.3,211.64,10.0,8628.56,Credit (30 days),Zain Abbas,Depot - Multan,Delivered,10.0
ORD100821,2024-01-05,CUST2210,Chiniot,Punjab,Marble,Chaghi Golden,Polished,30,319.2,224.89,0.0,71784.89,Cash,Zain Abbas,Depot - Multan,Delivered,5.0
ORD103347,2025-05-15,CUST3151,Islamabad,Federal,Marble,Botticino Beige,Flamed,18,220.4,157.92,0.0,34805.57,Bank Transfer,Zain Abbas,Depot - Multan,Delivered,3.0
ORD100056,2025-08-02,CUST2199,Rawalpindi,Punjab,Granite,Chiniot Black,Polished,20,52.0,241.37,10.0,11296.12,Cash,Bilal Khan,Main Yard - Chiniot,Delivered,5.0
ORD100201,2024-06-19,CUST2397,Gujranwala,Punjab,Tile,Sunny Grey,Polished,20,322.0,94.0,0.0,30268.0,Cash,Fahad Malik,Depot - Multan,Delivered,5.0
ORD104009,2025-06-13,CUST1500,Faisalabad,Punjab,Marble,Ziarat White,Polished,30,139.0,169.9,0.0,23616.1,Cheque,Ahmed Raza,Depot - Multan,Delivered,11.0
ORD102947,2024-06-21,CUST3318,Sialkot,Punjab,Marble,Rangeela Marble,Honed,20,88.0,190.36,0.0,16751.68,Cheque,Zain Abbas,Main Yard - Chiniot,Delivered,3.0
ORD104391,2024-03-20,CUST2280,Faisalabad,Punjab,Marble,Buff Marble,Polished,20,101.8,219.22,0.0,22316.6,Cash,Tariq Mehmood,Depot - Lahore,In Transit,6.0
ORD104884,2024-08-20,CUST1205,Faisalabad,Punjab,Marble,Chiniot Black,Honed,30,98.3,240.65,0.0,23655.9,Bank Transfer,Bilal Khan,Main Yard - Chiniot,Delivered,9.0
ORD103609,2025-11-19,CUST3453,Chiniot,Punjab,Tile,Sunny Grey,Polished,22,98.6,75.82,0.0,7475.85,Bank Transfer,Tariq Mehmood,Depot - Karachi,Delivered,10.0
ORD101647,2025-08-31,CUST1375,Karachi,Sindh,Granite,Chiniot Black,Honed,22,32.7,259.62,10.0,7640.62,Bank Transfer,Tariq Mehmood,Depot - Karachi,Pending,7.0
ORD101367,2025-12-07,CUST2548,Faisalabad,Punjab,Marble,Chiniot Black,Flamed,30,20.0,174.07,10.0,3133.26,Bank Transfer,Hamza Sheikh,Depot - Multan,Pending,5.0
ORD102464,2025-12-21,CUST1884,Quetta,Balochistan,Tile,Buff Marble,Leather,20,20.0,80.54,0.0,1610.8,Cheque,Usman Tariq,Depot - Multan,Delivered,4.0
ORD103479,2025-06-05,CUST2828,Peshawar,KPK,Granite,Black Galaxy,Polished,22,132.3,259.53,0.0,34335.82,Credit (30 days),Saad Iqbal,Depot - Karachi,Delivered,5.0
ORD103198,2025-06-23,CUST1498,Peshawar,KPK,Marble,Black Galaxy,Polished,20,265.4,159.62,0.0,42363.15,Bank Transfer,Bilal Khan,Main Yard - Chiniot,Delivered,8.0
ORD101975,2024-06-18,CUST3110,Mianwali,Punjab,Marble,Black Galaxy,Leather,30,56.6,221.82,10.0,11299.51,Bank Transfer,Saad Iqbal,Depot - Multan,In Transit,6.0
ORD100667,2024-06-16,CUST3143,Rawalpindi,Punjab,Marble,Indus Green,Bush Hammered,20,156.2,134.32,0.0,20980.78,Bank Transfer,Fahad Malik,Depot - Lahore,Delivered,5.0
ORD101065,2024-03-30,CUST1494,Quetta,Balochistan,Tile,Botticino Beige,Polished,18,124.0,108.98,5.0,12837.84,Cash,Fahad Malik,Depot - Multan,In Transit,7.0
ORD102895,2024-04-02,CUST2797,Karachi,Sindh,Granite,Chiniot Black,Flamed,20,31.0,311.73,0.0,9663.63,Bank Transfer,Bilal Khan,Depot - Karachi,Delivered,5.0
ORD104453,2024-04-02,CUST3466,Mianwali,Punjab,Tile,Chaghi Golden,Polished,30,119.0,93.12,0.0,11081.28,Cash,Tariq Mehmood,Depot - Karachi,Delivered,5.0
ORD101847,2025-04-12,CUST1224,Quetta,Balochistan,Granite,Chaghi Golden,Bush Hammered,20,328.5,207.03,0.0,68009.36,Credit (30 days),Saad Iqbal,Main Yard - Chiniot,Cancelled,11.0
ORD104630,2025-01-01,CUST2876,Islamabad,Federal,Marble,Ziarat White,Polished,30,75.5,217.7,0.0,16436.35,Cash,Fahad Malik,Depot - Karachi,Cancelled,8.0
ORD104925,2025-02-02,CUST3318,Gujranwala,Punjab,Marble,Rangeela Marble,Honed,30,30.4,220.56,0.0,6705.02,Cash,Hamza Sheikh,Main Yard - Chiniot,Delivered,10.0
ORD103233,2024-06-13,CUST1899,Mianwali,Punjab,Tile,Chaghi Golden,Polished,20,116.2,100.56,0.0,11685.07,Cheque,Saad Iqbal,Main Yard - Chiniot,Delivered,8.0
ORD100426,2025-02-09,CUST2513,Karachi,Sindh,Tile,Ziarat White,Polished,20,159.1,101.45,0.0,16140.7,Credit (30 days),Ahmed Raza,Main Yard - Chiniot,Pending,6.0
ORD103459,2024-08-16,CUST1422,Peshawar,KPK,Marble,Chaghi Golden,Polished,16,172.2,155.4,0.0,26759.88,Bank Transfer,Bilal Khan,Depot - Multan,Delivered,6.0
ORD100694,2024-07-30,CUST3471,Chiniot,Punjab,Granite,Buff Marble,Polished,16,118.7,258.3,0.0,30660.21,Credit (30 days),Tariq Mehmood,Depot - Lahore,Delivered,8.0
ORD100499,2025-01-20,CUST3466,Faisalabad,Punjab,Tile,Multi Red,Polished,18,165.4,99.61,0.0,16475.49,Bank Transfer,Usman Tariq,Depot - Multan,Pending,8.0
ORD102815,2024-02-22,CUST2149,Quetta,Balochistan,Onyx,Multi Red,Polished,18,103.6,393.7,0.0,40787.32,Credit (30 days),Hamza Sheikh,Depot - Lahore,Cancelled,8.0
ORD103557,2024-05-10,CUST2557,Sialkot,Punjab,Marble,Black Galaxy,Polished,30,73.2,226.21,0.0,16558.57,Cash,Ahmed Raza,Depot - Multan,Delivered,4.0
ORD103717,2025-12-20,CUST2799,Faisalabad,Punjab,Marble,Rangeela Marble,Polished,22,235.9,180.77,0.0,42643.64,Cash,Hamza Sheikh,Depot - Multan,Pending,9.0
ORD103190,2025-10-24,CUST2003,Gujranwala,Punjab,Granite,Indus Green,Leather,20,115.1,264.43,0.0,30435.89,Cheque,Usman Tariq,Depot - Lahore,Delivered,6.0
ORD100117,2024-04-27,CUST1048,Faisalabad,Punjab,Marble,Rangeela Marble,Leather,20,164.0,199.46,15.0,27804.72,Cheque,Bilal Khan,Main Yard - Chiniot,Pending,5.0
ORD104825,2025-11-14,CUST2214,Faisalabad,Punjab,Marble,Indus Green,Polished,30,116.8,199.17,0.0,23263.06,Cash,Bilal Khan,Depot - Lahore,Delivered,9.0
ORD104864,2025-08-12,CUST2899,Gujranwala,Punjab,Marble,Teri White,Honed,20,85.8,194.9,0.0,16722.42,Cash,Zain Abbas,Depot - Multan,Pending,6.0
ORD100006,2024-04-05,CUST3237,Chiniot,Punjab,Granite,Emperador Brown,Polished,30,92.3,255.88,5.0,22436.84,Credit (30 days),Ahmed Raza,Main Yard - Chiniot,Pending,6.0
ORD103224,2025-08-29,CUST1550,Mianwali,Punjab,Marble,Indus Green,Polished,20,51.4,163.02,0.0,8379.23,Credit (30 days),Zain Abbas,Depot - Lahore,Pending,11.0
ORD101522,2025-11-08,CUST3245,Gujranwala,Punjab,Marble,Botticino Beige,Polished,16,57.7,189.77,0.0,10949.73,Credit (30 days),Usman Tariq,Depot - Multan,Cancelled,5.0
ORD104900,2025-01-11,CUST2063,Multan,Punjab,Onyx,Chiniot Black,Polished,20,37.7,346.88,0.0,13077.38,Credit (30 days),Hamza Sheikh,Main Yard - Chiniot,Delivered,5.0
ORD102798,2025-07-04,CUST1142,Islamabad,Federal,Marble,Indus Green,Leather,22,105.9,156.07,0.0,16527.81,Cash,Ahmed Raza,Depot - Lahore,Cancelled,5.0
ORD100124,2024-12-30,CUST1695,Lahore,Punjab,Marble,Multi Red,Polished,16,122.7,175.63,10.0,19394.82,Bank Transfer,Tariq Mehmood,Depot - Lahore,Cancelled,7.0
ORD100366,2024-03-05,CUST1472,Lahore,Punjab,Marble,Multi Red,Polished,16,90.5,141.45,0.0,12801.22,Cash,Hamza Sheikh,Depot - Lahore,Pending,8.0
ORD104936,2025-05-15,CUST3381,Chiniot,Punjab,Tile,Chaghi Golden,Honed,16,303.5,73.07,5.0,21067.91,Bank Transfer,Tariq Mehmood,Depot - Multan,In Transit,3.0
ORD104236,2024-01-27,CUST3033,Peshawar,KPK,Granite,Teri White,Honed,16,90.2,255.94,0.0,23085.79,Credit (30 days),Tariq Mehmood,Depot - Multan,Delivered,7.0
ORD104874,2025-04-27,CUST3452,Multan,Punjab,Marble,Chaghi Golden,Honed,16,181.6,177.47,0.0,32228.55,Bank Transfer,Usman Tariq,Depot - Multan,Delivered,7.0
ORD104044,2025-11-11,CUST1522,Faisalabad,Punjab,Marble,Emperador Brown,Polished,22,93.2,175.34,0.0,16341.69,Cash,Fahad Malik,Depot - Multan,Delivered,6.0
ORD102682,2024-12-13,CUST1707,Multan,Punjab,Marble,Chaghi Golden,Polished,16,120.4,223.18,0.0,26870.87,Cheque,Zain Abbas,Main Yard - Chiniot,Delivered,9.0
ORD102868,2024-10-27,CUST1001,Faisalabad,Punjab,Tile,Botticino Beige,Honed,20,56.0,101.13,0.0,5663.28,Cash,Zain Abbas,Depot - Multan,In Transit,8.0
ORD104673,2024-10-17,CUST1062,Karachi,Sindh,Marble,Sunny Grey,Polished,22,135.3,227.76,0.0,30815.93,Cash,Saad Iqbal,Depot - Multan,Delivered,5.0
ORD102784,2025-06-02,CUST1001,Rawalpindi,Punjab,Marble,Sunny Grey,Honed,20,46.7,161.17,10.0,6773.98,Cash,Bilal Khan,Depot - Lahore,Delivered,6.0
ORD101148,2025-06-11,CUST2411,Islamabad,Federal,Marble,Sunny Grey,Flamed,18,70.9,164.3,5.0,11066.43,Cash,Bilal Khan,Depot - Lahore,Cancelled,5.0
ORD104498,2024-09-01,CUST2806,Islamabad,Federal,Marble,Sunny Grey,Honed,30,343.6,184.26,0.0,63311.74,Bank Transfer,Saad Iqbal,Main Yard - Chiniot,Pending,11.0
ORD103319,2025-12-07,CUST1166,Chiniot,Punjab,Granite,Buff Marble,Polished,22,119.9,274.0,0.0,32852.6,Cheque,Zain Abbas,Main Yard - Chiniot,Delivered,8.0
ORD101203,2024-12-27,CUST1592,Multan,Punjab,Granite,Botticino Beige,Leather,18,219.4,232.7,0.0,51054.38,Credit (30 days),Saad Iqbal,Depot - Karachi,Delivered,6.0
ORD101885,2024-06-12,CUST2944,Rawalpindi,Punjab,Granite,Botticino Beige,Honed,22,76.3,264.32,0.0,20167.62,Bank Transfer,Ahmed Raza,Depot - Lahore,Delivered,5.0
ORD104115,2025-12-13,CUST1958,Sialkot,Punjab,Marble,Rangeela Marble,Polished,20,67.0,239.88,0.0,16071.96,Cash,Fahad Malik,Main Yard - Chiniot,In Transit,5.0
ORD103110,2025-09-03,CUST2958,Quetta,Balochistan,Tile,Black Galaxy,Polished,22,64.8,78.93,0.0,5114.66,Cash,Saad Iqbal,Depot - Lahore,Delivered,5.0
ORD102693,2025-04-06,CUST2024,Islamabad,Federal,Marble,Sunny Grey,Polished,18,254.6,191.47,0.0,48748.26,Cash,Fahad Malik,Main Yard - Chiniot,Delivered,7.0
ORD100373,2025-08-22,CUST1079,Lahore,Punjab,Marble,Rangeela Marble,Honed,22,31.8,193.31,0.0,6147.26,Bank Transfer,Ahmed Raza,Depot - Karachi,Delivered,7.0
ORD101414,2025-08-14,CUST3074,Peshawar,KPK,Marble,Botticino Beige,Polished,18,74.9,160.73,0.0,12038.68,Cash,Ahmed Raza,Depot - Multan,Pending,13.0
ORD103394,2024-09-18,CUST2889,Mianwali,Punjab,Marble,Ziarat White,Honed,30,178.7,252.01,0.0,45034.19,Credit (30 days),Hamza Sheikh,Depot - Lahore,Delivered,12.0
ORD100343,2024-02-16,CUST2728,Sialkot,Punjab,Marble,Chiniot Black,Polished,22,20.0,173.35,0.0,3467.0,Cash,Bilal Khan,Depot - Multan,Delivered,4.0
ORD101832,2025-08-12,CUST2701,Rawalpindi,Punjab,Granite,Sunny Grey,Honed,22,41.5,340.15,0.0,14116.22,Bank Transfer,Ahmed Raza,Depot - Multan,Delivered,7.0
ORD102746,2024-05-23,CUST2762,Multan,Punjab,Marble,Botticino Beige,Honed,30,276.9,207.32,10.0,51666.22,Cheque,Hamza Sheikh,Depot - Multan,Pending,6.0
ORD101745,2024-09-27,CUST1381,Rawalpindi,Punjab,Marble,Ziarat White,Honed,30,39.7,231.67,0.0,9197.3,Cheque,Usman Tariq,Depot - Multan,Delivered,4.0
ORD104409,2024-10-09,CUST1233,Lahore,Punjab,Onyx,Emperador Brown,Leather,22,45.2,416.37,5.0,17878.93,Bank Transfer,Ahmed Raza,Depot - Lahore,Delivered,7.0
ORD100394,2025-03-03,CUST3040,Gujranwala,Punjab,Marble,Chaghi Golden,Bush Hammered,18,39.7,198.07,5.0,7470.21,Credit (30 days),Saad Iqbal,Depot - Karachi,Delivered,5.0
ORD104525,2025-02-25,CUST2243,Islamabad,Federal,Marble,Indus Green,Polished,22,98.4,152.96,0.0,15051.26,Cheque,Usman Tariq,Depot - Karachi,Pending,3.0
ORD103560,2025-07-01,CUST3102,Sialkot,Punjab,Granite,Botticino Beige,Flamed,18,180.6,240.73,5.0,41302.05,Cash,Hamza Sheikh,Depot - Lahore,Delivered,10.0
ORD101184,2024-12-17,CUST2152,Multan,Punjab,Onyx,Emperador Brown,Polished,20,77.6,383.91,0.0,29791.42,Bank Transfer,Usman Tariq,Depot - Multan,Cancelled,5.0
ORD103606,2024-03-23,CUST2005,Gujranwala,Punjab,Marble,Teri White,Polished,22,127.8,151.37,0.0,19345.09,Bank Transfer,Usman Tariq,Depot - Lahore,Delivered,6.0
ORD104258,2025-04-15,CUST1029,Rawalpindi,Punjab,Onyx,Emperador Brown,Polished,20,240.5,358.26,0.0,86161.53,Bank Transfer,Tariq Mehmood,Depot - Multan,Cancelled,4.0
ORD103782,2025-04-19,CUST3406,Faisalabad,Punjab,Marble,Black Galaxy,Polished,18,52.9,178.41,0.0,9437.89,Bank Transfer,Usman Tariq,Depot - Multan,Pending,3.0
ORD103326,2024-10-16,CUST1871,Quetta,Balochistan,Marble,Emperador Brown,Polished,22,73.0,177.52,0.0,12958.96,Bank Transfer,Zain Abbas,Main Yard - Chiniot,Pending,4.0
ORD104142,2024-11-27,CUST2475,Lahore,Punjab,Marble,Chiniot Black,Polished,30,57.1,164.87,0.0,9414.08,Cash,Hamza Sheikh,Depot - Karachi,Delivered,6.0
ORD101846,2024-01-05,CUST3382,Karachi,Sindh,Onyx,Rangeela Marble,Leather,16,185.8,402.14,0.0,74717.61,Cash,Fahad Malik,Main Yard - Chiniot,Cancelled,4.0
ORD102499,2025-08-16,CUST1925,Rawalpindi,Punjab,Marble,Teri White,Honed,20,149.8,245.25,0.0,36738.45,Bank Transfer,Usman Tariq,Depot - Karachi,In Transit,8.0
ORD101391,2024-09-06,CUST1193,Multan,Punjab,Granite,Indus Green,Honed,16,236.7,279.67,0.0,66197.89,Credit (30 days),Bilal Khan,Depot - Lahore,Pending,7.0
ORD102940,2024-02-12,CUST1655,Lahore,Punjab,Granite,Chaghi Golden,Bush Hammered,18,43.3,257.32,0.0,11141.96,Credit (30 days),Bilal Khan,Main Yard - Chiniot,Delivered,8.0
ORD100013,2024-06-09,CUST3455,Peshawar,KPK,Marble,Chiniot Black,Honed,18,41.2,197.15,0.0,8122.58,Cash,Bilal Khan,Depot - Lahore,Delivered,6.0
ORD100003,2024-06-10,CUST2367,Rawalpindi,Punjab,Marble,Botticino Beige,Honed,22,86.3,183.95,0.0,15874.88,Bank Transfer,Hamza Sheikh,Depot - Multan,Pending,5.0
ORD101151,2025-07-22,CUST2539,Chiniot,Punjab,Marble,Teri White,Honed,20,31.5,109.31,5.0,3271.1,Cheque,Ahmed Raza,Main Yard - Chiniot,Delivered,8.0
ORD104371,2025-08-20,CUST3006,Sialkot,Punjab,Marble,Ziarat White,Polished,30,126.1,197.82,10.0,22450.59,Bank Transfer,Ahmed Raza,Main Yard - Chiniot,Delivered,4.0
ORD102217,2025-12-03,CUST1011,Islamabad,Federal,Marble,Black Galaxy,Flamed,20,110.0,167.7,0.0,18447.0,Cash,Zain Abbas,Main Yard - Chiniot,Delivered,4.0
ORD101371,2025-10-13,CUST3151,Karachi,Sindh,Granite,Sunny Grey,Polished,18,361.0,217.44,15.0,66721.46,Bank Transfer,Zain Abbas,Main Yard - Chiniot,Delivered,7.0
ORD104887,2024-12-07,CUST2194,Multan,Punjab,Marble,Teri White,Polished,16,56.4,190.83,0.0,10762.81,Bank Transfer,Usman Tariq,Depot - Multan,In Transit,8.0
ORD102793,2025-05-14,CUST1205,Peshawar,KPK,Marble,Chaghi Golden,Polished,16,104.0,160.39,0.0,16680.56,Cheque,Usman Tariq,Main Yard - Chiniot,Delivered,14.0
ORD100380,2025-09-28,CUST3484,Sialkot,Punjab,Marble,Ziarat White,Polished,30,177.2,190.16,15.0,28641.9,Cash,Hamza Sheikh,Depot - Multan,Delivered,12.0
ORD100481,2024-07-14,CUST2711,Sialkot,Punjab,Onyx,Black Galaxy,Polished,30,41.6,504.88,0.0,21003.01,Bank Transfer,Hamza Sheikh,Depot - Multan,Delivered,8.0
ORD103242,2024-03-30,CUST2211,Sialkot,Punjab,Onyx,Indus Green,Polished,20,169.3,496.23,0.0,84011.74,Credit (30 days),Zain Abbas,Depot - Multan,Delivered,9.0
ORD104314,2024-05-04,CUST2347,Lahore,Punjab,Granite,Black Galaxy,Leather,18,361.7,291.29,0.0,105359.59,Cheque,Saad Iqbal,Main Yard - Chiniot,Pending,10.0
ORD104342,2024-04-16,CUST1710,Multan,Punjab,Tile,Buff Marble,Polished,22,266.6,100.67,0.0,26838.62,Cheque,Hamza Sheikh,Main Yard - Chiniot,Cancelled,11.0
ORD102216,2025-09-28,CUST2669,Gujranwala,Punjab,Marble,Emperador Brown,Polished,16,119.6,227.7,0.0,27232.92,Bank Transfer,Hamza Sheikh,Depot - Lahore,Pending,4.0
ORD104747,2025-01-21,CUST1119,Lahore,Punjab,Marble,Buff Marble,Honed,16,55.3,128.18,10.0,6379.52,Credit (30 days),Hamza Sheikh,Main Yard - Chiniot,Delivered,5.0
ORD102786,2024-07-07,CUST2736,Rawalpindi,Punjab,Tile,Rangeela Marble,Polished,20,44.8,87.33,0.0,3912.38,Bank Transfer,Fahad Malik,Depot - Karachi,In Transit,6.0
ORD104447,2025-09-15,CUST2103,Sialkot,Punjab,Granite,Indus Green,Leather,20,201.7,331.1,0.0,66782.87,Cash,Bilal Khan,Depot - Lahore,Pending,6.0
ORD100120,2025-03-09,CUST3156,Islamabad,Federal,Marble,Indus Green,Bush Hammered,20,20.9,171.75,0.0,3589.58,Cash,Hamza Sheikh,Depot - Lahore,Delivered,10.0
ORD102334,2024-08-03,CUST2278,Islamabad,Federal,Marble,Botticino Beige,Honed,20,40.6,142.4,0.0,5781.44,Cash,Tariq Mehmood,Depot - Multan,Delivered,7.0
ORD101413,2025-07-18,CUST1193,Sialkot,Punjab,Onyx,Teri White,Flamed,30,94.1,566.42,0.0,53300.12,Bank Transfer,Usman Tariq,Depot - Lahore,In Transit,5.0
ORD103073,2024-08-19,CUST2581,Chiniot,Punjab,Granite,Teri White,Flamed,18,20.0,239.67,5.0,4553.73,Credit (30 days),Bilal Khan,Depot - Lahore,Delivered,7.0
ORD100025,2024-05-01,CUST2015,Mianwali,Punjab,Marble,Buff Marble,Polished,18,36.5,158.45,0.0,5783.42,Cash,Zain Abbas,Main Yard - Chiniot,Cancelled,12.0
ORD103276,2024-07-07,CUST1463,Islamabad,Federal,Marble,Sunny Grey,Polished,22,47.7,179.69,0.0,8571.21,Bank Transfer,Saad Iqbal,Main Yard - Chiniot,Delivered,8.0
ORD104136,2025-11-23,CUST1796,Peshawar,KPK,Tile,Chiniot Black,Flamed,18,97.6,92.84,0.0,9061.18,Bank Transfer,Saad Iqbal,Depot - Karachi,Cancelled,7.0
ORD103022,2024-05-22,CUST3379,Islamabad,Federal,Tile,Sunny Grey,Honed,30,153.8,97.85,10.0,13544.4,Bank Transfer,Zain Abbas,Depot - Multan,Pending,3.0
ORD103407,2024-02-17,CUST3349,Peshawar,KPK,Granite,Multi Red,Leather,18,200.5,302.81,0.0,60713.4,Bank Transfer,Fahad Malik,Main Yard - Chiniot,Delivered,4.0
ORD102966,2025-01-22,CUST1576,Chiniot,Punjab,Marble,Chaghi Golden,Polished,22,40.2,251.15,0.0,10096.23,Bank Transfer,Tariq Mehmood,Depot - Karachi,In Transit,6.0
ORD102622,2025-11-18,CUST3114,Gujranwala,Punjab,Tile,Teri White,Polished,30,100.7,105.15,15.0,9000.31,Bank Transfer,Bilal Khan,Main Yard - Chiniot,Delivered,5.0
ORD104317,2025-08-15,CUST1469,Mianwali,Punjab,Onyx,Rangeela Marble,Polished,18,162.8,437.2,0.0,71176.16,Credit (30 days),Saad Iqbal,Depot - Lahore,Delivered,8.0
ORD100802,2025-01-30,CUST2447,Multan,Punjab,Marble,Emperador Brown,Bush Hammered,30,81.5,233.01,10.0,17091.28,Bank Transfer,Bilal Khan,Depot - Karachi,In Transit,9.0
ORD100062,2025-06-10,CUST1377,Sialkot,Punjab,Granite,Sunny Grey,Polished,22,37.7,299.13,0.0,11277.2,Cash,Ahmed Raza,Main Yard - Chiniot,Delivered,5.0
ORD101493,2025-01-03,CUST2831,Gujranwala,Punjab,Granite,Emperador Brown,Polished,18,63.7,315.91,10.0,18111.12,Bank Transfer,Fahad Malik,Main Yard - Chiniot,Pending,7.0
ORD101179,2025-12-19,CUST2621,Peshawar,KPK,Granite,Rangeela Marble,Leather,30,64.5,243.08,0.0,15678.66,Bank Transfer,Usman Tariq,Depot - Lahore,Delivered,5.0
ORD101993,2025-07-03,CUST3070,Faisalabad,Punjab,Marble,Botticino Beige,Leather,16,262.2,175.79,0.0,46092.14,Cash,Ahmed Raza,Depot - Lahore,In Transit,9.0
ORD104959,2024-06-07,CUST2933,Faisalabad,Punjab,Granite,Black Galaxy,Polished,22,78.8,252.98,0.0,19934.82,Bank Transfer,Hamza Sheikh,Depot - Lahore,In Transit,9.0
ORD102320,2024-05-09,CUST3002,Multan,Punjab,Marble,Buff Marble,Leather,22,292.6,214.35,0.0,62718.81,Bank Transfer,Tariq Mehmood,Depot - Lahore,Delivered,5.0
ORD102956,2025-12-18,CUST1328,Faisalabad,Punjab,Marble,Rangeela Marble,Polished,16,66.4,144.24,0.0,9577.54,Credit (30 days),Tariq Mehmood,Depot - Multan,Delivered,8.0
ORD103240,2025-02-19,CUST1881,Multan,Punjab,Tile,Botticino Beige,Polished,30,81.8,103.25,0.0,8445.85,Cheque,Ahmed Raza,Depot - Multan,Delivered,9.0
ORD100445,2025-12-15,CUST1567,Lahore,Punjab,Marble,Buff Marble,Leather,30,52.9,193.29,5.0,9713.79,Cheque,Bilal Khan,Depot - Multan,Pending,5.0
ORD103733,2024-05-21,CUST3459,Chiniot,Punjab,Tile,Multi Red,Polished,30,20.2,94.88,0.0,1916.58,Bank Transfer,Saad Iqbal,Depot - Karachi,In Transit,5.0
ORD100453,2024-01-26,CUST2885,Faisalabad,Punjab,Marble,Sunny Grey,Flamed,18,43.5,203.74,0.0,8862.69,Cash,Bilal Khan,Main Yard - Chiniot,Cancelled,5.0
ORD102845,2024-05-13,CUST3488,Rawalpindi,Punjab,Onyx,Multi Red,Bush Hammered,18,45.5,362.68,10.0,14851.75,Cash,Usman Tariq,Depot - Lahore,Delivered,3.0
ORD104730,2024-05-17,CUST2684,Sialkot,Punjab,Marble,Chaghi Golden,Leather,30,56.9,171.56,0.0,9761.76,Cash,Hamza Sheikh,Main Yard - Chiniot,Pending,10.0
ORD103962,2025-02-13,CUST3189,Karachi,Sindh,Marble,Indus Green,Polished,22,34.8,203.37,0.0,7077.28,Bank Transfer,Zain Abbas,Depot - Karachi,Cancelled,8.0
ORD100913,2024-01-10,CUST2520,Quetta,Balochistan,Tile,Emperador Brown,Polished,18,52.0,102.95,0.0,5353.4,Cheque,Usman Tariq,Depot - Multan,Pending,7.0
ORD100758,2025-03-04,CUST1358,Sialkot,Punjab,Marble,Rangeela Marble,Polished,16,65.4,163.41,0.0,10687.01,Credit (30 days),Zain Abbas,Depot - Karachi,In Transit,9.0
ORD102239,2025-11-07,CUST1600,Peshawar,KPK,Granite,Black Galaxy,Polished,16,102.5,279.27,0.0,28625.18,Bank Transfer,Zain Abbas,Main Yard - Chiniot,Delivered,6.0
ORD103771,2025-11-29,CUST1077,Peshawar,KPK,Marble,Emperador Brown,Bush Hammered,30,367.8,261.6,0.0,96216.48,Bank Transfer,Ahmed Raza,Main Yard - Chiniot,Delivered,7.0
ORD104784,2024-10-18,CUST1957,Quetta,Balochistan,Granite,Multi Red,Polished,20,186.7,288.54,0.0,53870.42,Cash,Tariq Mehmood,Depot - Lahore,Delivered,8.0
ORD100503,2024-01-04,CUST2676,Quetta,Balochistan,Tile,Botticino Beige,Honed,30,24.9,74.39,0.0,1852.31,Credit (30 days),Fahad Malik,Depot - Lahore,Cancelled,4.0
ORD104653,2025-12-28,CUST2238,Gujranwala,Punjab,Granite,Rangeela Marble,Polished,18,20.0,225.76,0.0,4515.2,Cash,Hamza Sheikh,Depot - Multan,Delivered,12.0
ORD101062,2025-01-22,CUST2124,Karachi,Sindh,Marble,Chaghi Golden,Polished,30,135.4,193.52,0.0,26202.61,Credit (30 days),Saad Iqbal,Depot - Karachi,In Transit,6.0
ORD102750,2024-04-13,CUST3381,Sialkot,Punjab,Marble,Sunny Grey,Polished,22,96.8,146.77,0.0,14207.34,Cash,Hamza Sheikh,Depot - Karachi,Delivered,5.0
ORD103304,2025-03-26,CUST3108,Chiniot,Punjab,Granite,Black Galaxy,Polished,20,113.3,236.75,0.0,26823.78,Cash,Bilal Khan,Depot - Multan,Delivered,6.0
ORD101095,2024-12-21,CUST1105,Islamabad,Federal,Onyx,Emperador Brown,Honed,20,72.6,395.5,0.0,28713.3,Bank Transfer,Ahmed Raza,Depot - Multan,In Transit,6.0
ORD104826,2025-09-27,CUST2842,Mianwali,Punjab,Granite,Botticino Beige,Leather,22,46.4,261.23,0.0,12121.07,Credit (30 days),Tariq Mehmood,Depot - Karachi,Pending,6.0
ORD102799,2025-07-02,CUST1899,Rawalpindi,Punjab,Onyx,Sunny Grey,Leather,16,80.2,381.05,0.0,30560.21,Credit (30 days),Tariq Mehmood,Depot - Karachi,Delivered,7.0
ORD102719,2025-06-17,CUST2812,Lahore,Punjab,Marble,Sunny Grey,Polished,22,20.0,149.04,0.0,2980.8,Bank Transfer,Usman Tariq,Depot - Lahore,Delivered,6.0
ORD101067,2024-11-11,CUST2910,Quetta,Balochistan,Marble,Botticino Beige,Honed,22,147.5,214.4,0.0,31624.0,Bank Transfer,Hamza Sheikh,Main Yard - Chiniot,Cancelled,6.0
ORD102614,2024-10-29,CUST1182,Sialkot,Punjab,Tile,Indus Green,Polished,18,100.0,82.01,15.0,6970.85,Credit (30 days),Ahmed Raza,Depot - Multan,Delivered,13.0
ORD101957,2025-02-03,CUST2732,Rawalpindi,Punjab,Tile,Emperador Brown,Polished,16,33.8,78.1,0.0,2639.78,Cash,Usman Tariq,Depot - Karachi,In Transit,6.0
ORD103672,2024-02-04,CUST1477,Faisalabad,Punjab,Tile,Teri White,Polished,18,24.8,79.75,0.0,1977.8,Bank Transfer,Saad Iqbal,Depot - Lahore,In Transit,5.0
ORD103053,2024-03-17,CUST2870,Islamabad,Federal,Marble,Sunny Grey,Honed,30,92.7,239.18,0.0,22171.99,Cash,Fahad Malik,Depot - Multan,Delivered,6.0
ORD102152,2024-07-06,CUST3353,Quetta,Balochistan,Tile,Ziarat White,Polished,22,73.4,88.54,0.0,6498.84,Cash,Saad Iqbal,Depot - Multan,Delivered,8.0
ORD104991,2025-07-02,CUST1694,Multan,Punjab,Marble,Ziarat White,Honed,30,20.0,174.09,0.0,3481.8,Bank Transfer,Bilal Khan,Main Yard - Chiniot,Delivered,7.0
ORD100521,2024-05-02,CUST1936,Karachi,Sindh,Marble,Multi Red,Honed,20,135.3,166.7,5.0,21426.78,Credit (30 days),Tariq Mehmood,Depot - Lahore,In Transit,13.0
ORD102256,2025-09-25,CUST1520,Chiniot,Punjab,Granite,Chaghi Golden,Flamed,20,175.8,298.05,0.0,52397.19,Credit (30 days),Hamza Sheikh,Depot - Karachi,Cancelled,7.0
ORD100403,2024-03-02,CUST2975,Mianwali,Punjab,Onyx,Sunny Grey,Polished,20,54.5,341.12,10.0,16731.94,Cheque,Zain Abbas,Main Yard - Chiniot,Delivered,8.0
ORD100817,2025-07-06,CUST2719,Mianwali,Punjab,Marble,Chiniot Black,Polished,30,72.6,234.23,0.0,17005.1,Cash,Usman Tariq,Depot - Karachi,Delivered,6.0
ORD101602,2025-01-04,CUST2167,Karachi,Sindh,Marble,Sunny Grey,Polished,22,20.0,177.92,0.0,3558.4,Credit (30 days),Tariq Mehmood,Depot - Karachi,Delivered,5.0
ORD102444,2024-12-05,CUST1817,Faisalabad,Punjab,Onyx,Chiniot Black,Honed,22,79.8,311.19,0.0,24832.96,Bank Transfer,Tariq Mehmood,Depot - Multan,Delivered,10.0
ORD104922,2024-01-03,CUST2484,Quetta,Balochistan,Marble,Buff Marble,Honed,20,69.2,190.06,0.0,13152.15,Cheque,Fahad Malik,Depot - Multan,Cancelled,8.0
ORD100710,2025-10-20,CUST3472,Islamabad,Federal,Marble,Teri White,Polished,20,182.0,210.73,0.0,38352.86,Credit (30 days),Saad Iqbal,Main Yard - Chiniot,In Transit,4.0
ORD104655,2025-04-09,CUST1634,Faisalabad,Punjab,Onyx,Buff Marble,Flamed,18,350.4,375.91,0.0,131718.86,Bank Transfer,Tariq Mehmood,Depot - Lahore,Delivered,7.0
ORD102698,2025-12-12,CUST1943,Karachi,Sindh,Onyx,Rangeela Marble,Honed,22,22.4,385.99,0.0,8646.18,Bank Transfer,Fahad Malik,Depot - Multan,Pending,9.0
ORD101898,2024-07-26,CUST1494,Lahore,Punjab,Granite,Chaghi Golden,Polished,22,179.7,289.25,0.0,51978.22,Credit (30 days),Bilal Khan,Depot - Lahore,Pending,13.0
ORD104528,2025-11-07,CUST2956,Gujranwala,Punjab,Marble,Chaghi Golden,Polished,20,162.6,207.79,0.0,33786.65,Cash,Usman Tariq,Main Yard - Chiniot,Pending,8.0
ORD104511,2024-08-23,CUST3021,Quetta,Balochistan,Marble,Ziarat White,Polished,18,56.5,169.97,0.0,9603.3,Credit (30 days),Ahmed Raza,Depot - Karachi,Delivered,7.0
ORD103461,2025-12-30,CUST2546,Mianwali,Punjab,Onyx,Ziarat White,Leather,20,84.5,485.9,0.0,41058.55,Bank Transfer,Saad Iqbal,Main Yard - Chiniot,Delivered,6.0
ORD103071,2025-05-09,CUST2721,Gujranwala,Punjab,Tile,Rangeela Marble,Flamed,16,245.5,94.58,10.0,20897.45,Credit (30 days),Hamza Sheikh,Depot - Multan,Delivered,8.0
ORD100873,2025-12-02,CUST1582,Lahore,Punjab,Tile,Multi Red,Polished,20,113.6,89.75,5.0,9685.82,Credit (30 days),Tariq Mehmood,Depot - Lahore,Cancelled,5.0
ORD102337,2024-09-17,CUST2163,Chiniot,Punjab,Granite,Botticino Beige,Polished,22,134.3,269.47,0.0,36189.82,Bank Transfer,Bilal Khan,Depot - Multan,Delivered,5.0
ORD104417,2025-04-28,CUST3274,Mianwali,Punjab,Marble,Teri White,Polished,18,129.8,239.92,10.0,28027.45,Cheque,Tariq Mehmood,Depot - Lahore,Pending,12.0
ORD100768,2024-06-23,CUST2614,Sialkot,Punjab,Marble,Teri White,Polished,30,25.2,232.68,0.0,5863.54,Cheque,Fahad Malik,Depot - Lahore,Pending,7.0
ORD102214,2025-05-20,CUST1314,Faisalabad,Punjab,Granite,Botticino Beige,Leather,16,84.6,244.17,5.0,19623.94,Cash,Usman Tariq,Depot - Karachi,Pending,6.0
ORD103977,2024-07-15,CUST1138,Islamabad,Federal,Marble,Multi Red,Polished,18,121.5,217.15,0.0,26383.72,Cash,Usman Tariq,Depot - Multan,Delivered,8.0
ORD104082,2024-07-06,CUST2312,Quetta,Balochistan,Tile,Black Galaxy,Polished,30,70.1,95.26,0.0,6677.73,Credit (30 days),Saad Iqbal,Depot - Lahore,Pending,3.0
ORD102915,2025-02-10,CUST1162,Multan,Punjab,Granite,Multi Red,Leather,20,154.1,211.56,0.0,32601.4,Cheque,Usman Tariq,Depot - Multan,Cancelled,8.0
ORD103541,2024-09-23,CUST2545,Islamabad,Federal,Marble,Buff Marble,Leather,18,49.0,209.31,0.0,10256.19,Cash,Ahmed Raza,Main Yard - Chiniot,Delivered,8.0
ORD103532,2025-11-08,CUST1655,Sialkot,Punjab,Marble,Indus Green,Polished,20,59.3,197.17,0.0,11692.18,Cash,Bilal Khan,Depot - Multan,Delivered,5.0
ORD102654,2025-06-09,CUST1501,Islamabad,Federal,Marble,Rangeela Marble,Polished,20,124.1,171.62,0.0,21298.04,Cash,Usman Tariq,Depot - Multan,Pending,1.0
ORD104841,2024-07-11,CUST2432,Multan,Punjab,Tile,Rangeela Marble,Polished,30,145.3,123.54,0.0,17950.36,Credit (30 days),Tariq Mehmood,Depot - Lahore,In Transit,7.0
ORD101568,2025-04-09,CUST2888,Sialkot,Punjab,Marble,Chiniot Black,Polished,22,273.5,187.69,0.0,51333.22,Cash,Saad Iqbal,Depot - Karachi,Delivered,5.0
ORD104018,2025-05-30,CUST1060,Faisalabad,Punjab,Marble,Multi Red,Flamed,16,527.4,194.69,0.0,102679.51,Credit (30 days),Usman Tariq,Main Yard - Chiniot,Delivered,8.0
ORD103491,2024-05-23,CUST2816,Peshawar,KPK,Marble,Multi Red,Polished,22,170.6,220.63,10.0,33875.53,Bank Transfer,Zain Abbas,Depot - Multan,Delivered,10.0
ORD102191,2025-04-08,CUST1537,Rawalpindi,Punjab,Granite,Sunny Grey,Polished,22,428.0,247.72,0.0,106024.16,Bank Transfer,Saad Iqbal,Depot - Lahore,Delivered,9.0
ORD101580,2024-03-18,CUST1680,Chiniot,Punjab,Granite,Botticino Beige,Polished,22,105.6,221.62,0.0,23403.07,Cash,Usman Tariq,Depot - Karachi,Delivered,8.0
ORD100044,2024-02-24,CUST2311,Rawalpindi,Punjab,Marble,Chiniot Black,Leather,16,20.0,106.03,0.0,2120.6,Cash,Tariq Mehmood,Depot - Lahore,Cancelled,5.0
ORD101007,2024-09-30,CUST1400,Rawalpindi,Punjab,Granite,Sunny Grey,Polished,20,20.0,241.15,10.0,4340.7,Credit (30 days),Hamza Sheikh,Depot - Lahore,Delivered,4.0
ORD100518,2025-09-03,CUST2236,Lahore,Punjab,Granite,Chaghi Golden,Polished,16,98.0,250.46,0.0,24545.08,Cash,Bilal Khan,Main Yard - Chiniot,Delivered,8.0
ORD102648,2025-01-03,CUST2005,Karachi,Sindh,Marble,Chaghi Golden,Polished,18,102.2,153.07,10.0,14079.38,Cheque,Bilal Khan,Depot - Multan,Delivered,8.0
ORD100217,2024-01-01,CUST2819,Sialkot,Punjab,Marble,Indus Green,Polished,18,65.2,163.21,0.0,10641.29,Bank Transfer,Ahmed Raza,Depot - Multan,Delivered,5.0
ORD102202,2024-02-15,CUST1947,Chiniot,Punjab,Marble,Sunny Grey,Polished,16,187.7,181.96,0.0,34153.89,Cash,Bilal Khan,Depot - Karachi,Delivered,6.0
ORD100748,2025-12-05,CUST3407,Gujranwala,Punjab,Tile,Ziarat White,Polished,22,234.6,105.13,0.0,24663.5,Cash,Zain Abbas,Depot - Lahore,Cancelled,9.0
ORD101659,2024-09-01,CUST3275,Islamabad,Federal,Marble,Chiniot Black,Polished,30,49.8,194.52,0.0,9687.1,Cash,Fahad Malik,Main Yard - Chiniot,Delivered,10.0
ORD102533,2024-04-27,CUST2653,Gujranwala,Punjab,Tile,Multi Red,Polished,18,140.5,105.31,5.0,14056.25,Cash,Bilal Khan,Depot - Multan,Pending,4.0
ORD102692,2025-03-03,CUST2707,Mianwali,Punjab,Marble,Indus Green,Honed,30,314.1,148.77,0.0,46728.66,Cash,Fahad Malik,Depot - Multan,Delivered,5.0
ORD103536,2025-12-23,CUST2464,Rawalpindi,Punjab,Marble,Black Galaxy,Polished,22,20.0,179.31,5.0,3406.89,Cash,Hamza Sheikh,Depot - Multan,Pending,3.0
ORD100508,2025-11-20,CUST2075,Multan,Punjab,Marble,Multi Red,Flamed,18,121.0,144.4,0.0,17472.4,Cash,Usman Tariq,Main Yard - Chiniot,In Transit,9.0
ORD104793,2024-12-21,CUST2360,Chiniot,Punjab,Marble,Ziarat White,Polished,18,53.9,175.31,0.0,9449.21,Credit (30 days),Saad Iqbal,Main Yard - Chiniot,Cancelled,5.0
ORD102013,2024-01-11,CUST1301,Multan,Punjab,Marble,Rangeela Marble,Polished,30,83.1,215.82,0.0,17934.64,Credit (30 days),Tariq Mehmood,Depot - Multan,In Transit,9.0
ORD101859,2024-03-05,CUST3232,Faisalabad,Punjab,Marble,Ziarat White,Leather,30,206.2,209.83,0.0,43266.95,Cash,Ahmed Raza,Depot - Multan,Cancelled,5.0
ORD100346,2025-05-22,CUST3399,Sialkot,Punjab,Granite,Multi Red,Polished,30,177.4,321.32,0.0,57002.17,Cash,Bilal Khan,Depot - Karachi,Delivered,9.0
ORD102480,2025-02-17,CUST1769,Multan,Punjab,Marble,Multi Red,Honed,22,55.6,209.36,0.0,11640.42,Cash,Bilal Khan,Depot - Multan,Delivered,14.0
ORD100989,2024-04-28,CUST2395,Multan,Punjab,Marble,Indus Green,Honed,18,184.3,158.73,0.0,29253.94,Bank Transfer,Fahad Malik,Depot - Multan,Delivered,11.0
ORD100501,2025-03-31,CUST3015,Chiniot,Punjab,Marble,Chiniot Black,Polished,30,104.3,218.99,0.0,22840.66,Cash,Tariq Mehmood,Depot - Multan,Delivered,5.0
ORD100452,2025-12-27,CUST1947,Sialkot,Punjab,Onyx,Indus Green,Polished,20,24.6,498.82,0.0,12270.97,Bank Transfer,Usman Tariq,Depot - Karachi,Delivered,5.0
ORD102221,2025-10-19,CUST1608,Faisalabad,Punjab,Onyx,Multi Red,Polished,22,202.9,439.17,5.0,84652.21,Cheque,Zain Abbas,Main Yard - Chiniot,Delivered,5.0
ORD101068,2024-10-24,CUST1677,Peshawar,KPK,Tile,Chiniot Black,Polished,18,281.8,73.82,5.0,19762.35,Cash,Saad Iqbal,Depot - Lahore,Delivered,7.0
ORD100585,2024-01-29,CUST2762,Chiniot,Punjab,Marble,Botticino Beige,Polished,30,69.3,153.16,0.0,10613.99,Bank Transfer,Zain Abbas,Depot - Lahore,Pending,4.0
ORD103785,2024-05-21,CUST1968,Faisalabad,Punjab,Marble,Teri White,Polished,20,180.2,168.33,10.0,27299.76,Credit (30 days),Fahad Malik,Main Yard - Chiniot,In Transit,5.0
ORD102944,2025-05-21,CUST3208,Chiniot,Punjab,Granite,Sunny Grey,Polished,20,271.3,248.89,10.0,60771.47,Bank Transfer,Tariq Mehmood,Depot - Lahore,In Transit,6.0
ORD102615,2024-11-11,CUST1827,Faisalabad,Punjab,Onyx,Chiniot Black,Polished,30,202.6,394.0,0.0,79824.4,Bank Transfer,Fahad Malik,Depot - Multan,Delivered,6.0
ORD103235,2024-06-30,CUST1139,Chiniot,Punjab,Granite,Ziarat White,Polished,22,266.4,261.28,10.0,62644.49,Cash,Ahmed Raza,Depot - Multan,In Transit,6.0
ORD104112,2025-09-27,CUST2990,Mianwali,Punjab,Marble,Botticino Beige,Leather,30,127.5,128.72,0.0,16411.8,Bank Transfer,Zain Abbas,Depot - Karachi,Delivered,9.0
ORD101248,2025-03-03,CUST2662,Mianwali,Punjab,Marble,Rangeela Marble,Polished,18,277.3,185.04,0.0,51311.59,Cash,Usman Tariq,Depot - Karachi,Delivered,10.0
ORD100247,2025-07-31,CUST1179,Quetta,Balochistan,Marble,Rangeela Marble,Polished,16,80.3,151.77,0.0,12187.13,Cheque,Saad Iqbal,Depot - Karachi,Delivered,8.0
ORD101307,2024-12-07,CUST3040,Karachi,Sindh,Marble,Multi Red,Polished,16,59.0,166.69,5.0,9342.97,Credit (30 days),Usman Tariq,Depot - Karachi,Pending,8.0
ORD103844,2024-09-18,CUST2703,Lahore,Punjab,Marble,Sunny Grey,Polished,18,257.7,203.97,0.0,52563.07,Cash,Fahad Malik,Depot - Lahore,Delivered,7.0
ORD100540,2025-05-30,CUST2421,Sialkot,Punjab,Marble,Botticino Beige,Polished,18,89.1,207.85,10.0,16667.49,Cash,Hamza Sheikh,Depot - Karachi,Cancelled,5.0
ORD102451,2025-01-18,CUST2190,Multan,Punjab,Granite,Buff Marble,Bush Hammered,18,87.4,167.5,0.0,14639.5,Bank Transfer,Ahmed Raza,Depot - Karachi,Pending,6.0
ORD100568,2024-08-22,CUST1789,Lahore,Punjab,Marble,Sunny Grey,Honed,16,94.0,170.35,0.0,16012.9,Bank Transfer,Bilal Khan,Main Yard - Chiniot,Pending,8.0
ORD101455,2025-02-06,CUST2569,Quetta,Balochistan,Granite,Black Galaxy,Polished,30,87.2,202.04,0.0,17617.89,Cheque,Bilal Khan,Depot - Karachi,Cancelled,7.0
ORD102137,2024-11-27,CUST1758,Mianwali,Punjab,Tile,Indus Green,Polished,22,52.1,83.03,0.0,4325.86,Cash,Ahmed Raza,Depot - Lahore,Delivered,10.0
ORD100590,2024-10-12,CUST2954,Islamabad,Federal,Granite,Ziarat White,Polished,20,292.5,236.96,0.0,69310.8,Bank Transfer,Bilal Khan,Main Yard - Chiniot,Delivered,7.0
ORD103530,2025-02-13,CUST3405,Rawalpindi,Punjab,Marble,Buff Marble,Leather,30,76.7,202.54,0.0,15534.82,Bank Transfer,Usman Tariq,Main Yard - Chiniot,Cancelled,6.0
ORD104674,2024-08-13,CUST3232,Chiniot,Punjab,Marble,Ziarat White,Polished,22,60.7,184.35,0.0,11190.04,Credit (30 days),Tariq Mehmood,Depot - Karachi,Delivered,4.0
ORD102949,2024-08-11,CUST2590,Multan,Punjab,Marble,Multi Red,Bush Hammered,20,20.0,209.13,0.0,4182.6,Cheque,Saad Iqbal,Main Yard - Chiniot,Cancelled,8.0
ORD101759,2025-08-15,CUST1869,Islamabad,Federal,Marble,Indus Green,Polished,30,121.7,203.26,15.0,21026.23,Bank Transfer,Ahmed Raza,Depot - Karachi,Delivered,8.0
ORD100946,2024-12-06,CUST2622,Quetta,Balochistan,Marble,Ziarat White,Polished,22,162.9,219.3,10.0,32151.57,Cheque,Tariq Mehmood,Depot - Multan,In Transit,7.0
ORD102376,2025-01-04,CUST2010,Multan,Punjab,Tile,Sunny Grey,Polished,20,39.8,92.57,0.0,3684.29,Bank Transfer,Hamza Sheikh,Main Yard - Chiniot,In Transit,3.0
ORD100438,2025-09-14,CUST1981,Karachi,Sindh,Granite,Rangeela Marble,Polished,30,240.6,241.24,0.0,58042.34,Cash,Saad Iqbal,Main Yard - Chiniot,Delivered,8.0
ORD101399,2024-03-23,CUST1976,Multan,Punjab,Marble,Chiniot Black,Honed,16,117.8,191.8,0.0,22594.04,Cheque,Bilal Khan,Depot - Multan,In Transit,7.0
ORD100089,2024-07-18,CUST1991,Islamabad,Federal,Marble,Teri White,Honed,20,34.9,179.01,0.0,6247.45,Cheque,Zain Abbas,Depot - Karachi,Pending,6.0
ORD102113,2024-12-07,CUST3059,Chiniot,Punjab,Onyx,Rangeela Marble,Polished,16,115.6,402.82,5.0,44237.69,Cash,Saad Iqbal,Depot - Multan,Delivered,5.0
ORD102352,2025-01-04,CUST1943,Quetta,Balochistan,Marble,Sunny Grey,Bush Hammered,22,193.0,212.24,10.0,36866.09,Cash,Hamza Sheikh,Depot - Karachi,Delivered,8.0
ORD102388,2024-08-27,CUST2992,Gujranwala,Punjab,Marble,Emperador Brown,Polished,16,37.8,236.8,0.0,8951.04,Cash,Ahmed Raza,Depot - Multan,In Transit,14.0
ORD102569,2024-08-10,CUST3071,Karachi,Sindh,Granite,Black Galaxy,Polished,22,20.0,312.81,0.0,6256.2,Cheque,Zain Abbas,Depot - Karachi,In Transit,5.0
ORD104248,2024-10-24,CUST1076,Rawalpindi,Punjab,Marble,Teri White,Leather,22,160.2,193.9,0.0,31062.78,Cheque,Usman Tariq,Depot - Karachi,Pending,2.0
ORD100097,2024-09-16,CUST3096,Mianwali,Punjab,Marble,Teri White,Honed,20,150.5,224.29,0.0,33755.64,Bank Transfer,Saad Iqbal,Main Yard - Chiniot,In Transit,9.0
ORD104191,2025-12-23,CUST2889,Mianwali,Punjab,Tile,Chaghi Golden,Polished,22,102.3,118.67,10.0,10925.95,Cheque,Hamza Sheikh,Main Yard - Chiniot,Delivered,9.0
ORD100812,2025-08-03,CUST3226,Lahore,Punjab,Granite,Indus Green,Honed,18,64.9,244.82,0.0,15888.82,Credit (30 days),Bilal Khan,Depot - Karachi,Pending,6.0
ORD100155,2025-11-21,CUST1062,Peshawar,KPK,Onyx,Ziarat White,Leather,20,22.4,409.07,10.0,8246.85,Cheque,Ahmed Raza,Depot - Lahore,Cancelled,9.0
ORD100854,2024-01-19,CUST2893,Quetta,Balochistan,Marble,Sunny Grey,Honed,20,137.5,186.65,0.0,25664.38,Bank Transfer,Zain Abbas,Main Yard - Chiniot,Pending,5.0
ORD102922,2025-09-03,CUST2921,Quetta,Balochistan,Granite,Rangeela Marble,Flamed,20,77.3,251.5,10.0,17496.86,Bank Transfer,Hamza Sheikh,Main Yard - Chiniot,Delivered,5.0
ORD100671,2025-12-16,CUST1701,Chiniot,Punjab,Granite,Teri White,Honed,18,172.2,237.27,0.0,40857.89,Cash,Ahmed Raza,Depot - Lahore,Delivered,7.0
ORD101347,2024-05-21,CUST1324,Karachi,Sindh,Marble,Chiniot Black,Polished,30,137.0,194.97,10.0,24039.8,Cash,Bilal Khan,Depot - Karachi,Cancelled,9.0
ORD101237,2024-03-20,CUST3480,Multan,Punjab,Marble,Botticino Beige,Polished,16,103.8,185.56,0.0,19261.13,Bank Transfer,Ahmed Raza,Depot - Multan,Cancelled,9.0
ORD102562,2024-07-26,CUST2997,Gujranwala,Punjab,Granite,Chaghi Golden,Polished,16,35.3,208.49,5.0,6991.71,Cash,Ahmed Raza,Depot - Lahore,Delivered,9.0
ORD102363,2024-08-14,CUST3478,Faisalabad,Punjab,Marble,Indus Green,Polished,16,69.5,165.07,0.0,11472.36,Bank Transfer,Zain Abbas,Main Yard - Chiniot,Pending,4.0
ORD104063,2025-09-28,CUST2841,Lahore,Punjab,Marble,Buff Marble,Honed,18,137.5,226.79,0.0,31183.62,Cash,Zain Abbas,Main Yard - Chiniot,Delivered,9.0
ORD101532,2024-07-19,CUST1515,Rawalpindi,Punjab,Granite,Sunny Grey,Leather,20,71.9,271.48,0.0,19519.41,Cheque,Fahad Malik,Depot - Lahore,Delivered,8.0
ORD101323,2024-07-16,CUST2949,Sialkot,Punjab,Tile,Indus Green,Polished,22,60.1,83.88,10.0,4537.07,Bank Transfer,Tariq Mehmood,Depot - Multan,In Transit,8.0
ORD100828,2025-07-28,CUST2580,Gujranwala,Punjab,Marble,Black Galaxy,Bush Hammered,20,22.3,173.38,0.0,3866.37,Bank Transfer,Tariq Mehmood,Depot - Lahore,Delivered,4.0
ORD104643,2025-11-16,CUST1432,Gujranwala,Punjab,Marble,Teri White,Polished,16,202.0,169.19,0.0,34176.38,Cash,Zain Abbas,Depot - Karachi,Delivered,6.0
ORD104631,2025-03-11,CUST1357,Gujranwala,Punjab,Marble,Ziarat White,Flamed,30,102.9,221.76,0.0,22819.1,Credit (30 days),Ahmed Raza,Main Yard - Chiniot,Delivered,11.0
ORD101965,2025-07-12,CUST1918,Islamabad,Federal,Marble,Ziarat White,Honed,16,206.9,180.45,0.0,37335.1,Cash,Saad Iqbal,Depot - Multan,Delivered,4.0
ORD101063,2025-09-25,CUST1954,Karachi,Sindh,Marble,Teri White,Polished,20,328.5,204.95,0.0,67326.08,Cheque,Tariq Mehmood,Depot - Lahore,Pending,4.0
ORD104381,2025-08-06,CUST3005,Karachi,Sindh,Granite,Rangeela Marble,Flamed,22,21.4,328.06,0.0,7020.48,Bank Transfer,Fahad Malik,Main Yard - Chiniot,In Transit,6.0
ORD101763,2024-10-12,CUST2459,Rawalpindi,Punjab,Marble,Rangeela Marble,Flamed,30,69.4,220.16,0.0,15279.1,Cash,Usman Tariq,Main Yard - Chiniot,Delivered,3.0
ORD100852,2025-02-18,CUST1357,Islamabad,Federal,Marble,Botticino Beige,Honed,20,20.0,137.44,0.0,2748.8,Cash,Hamza Sheikh,Depot - Lahore,Delivered,6.0
ORD101052,2025-01-09,CUST1551,Chiniot,Punjab,Granite,Chaghi Golden,Honed,22,129.6,251.76,0.0,32628.1,Bank Transfer,Hamza Sheikh,Depot - Multan,Delivered,7.0
ORD103866,2025-01-29,CUST2031,Islamabad,Federal,Granite,Rangeela Marble,Polished,16,63.6,249.2,10.0,14264.21,Credit (30 days),Hamza Sheikh,Depot - Lahore,Delivered,7.0
ORD101137,2025-08-30,CUST3302,Quetta,Balochistan,Granite,Indus Green,Polished,18,42.6,281.23,0.0,11980.4,Cash,Zain Abbas,Main Yard - Chiniot,Pending,11.0
ORD103149,2025-07-21,CUST2583,Quetta,Balochistan,Marble,Multi Red,Polished,30,124.5,215.2,5.0,25452.78,Cheque,Saad Iqbal,Depot - Multan,Delivered,7.0
ORD102552,2025-07-02,CUST1471,Lahore,Punjab,Marble,Indus Green,Polished,18,220.4,155.27,0.0,34221.51,Cash,Ahmed Raza,Depot - Lahore,In Transit,7.0
ORD102612,2025-07-05,CUST2071,Karachi,Sindh,Onyx,Ziarat White,Leather,22,60.8,416.71,0.0,25335.97,Bank Transfer,Hamza Sheikh,Depot - Multan,Delivered,6.0
ORD101291,2024-06-18,CUST2737,Mianwali,Punjab,Granite,Sunny Grey,Polished,18,143.4,193.98,0.0,27816.73,Bank Transfer,Bilal Khan,Depot - Karachi,Delivered,8.0
ORD100937,2025-04-24,CUST3493,Gujranwala,Punjab,Marble,Sunny Grey,Flamed,18,242.7,217.7,0.0,52835.79,Bank Transfer,Bilal Khan,Depot - Lahore,Cancelled,4.0
ORD104811,2025-10-19,CUST1258,Peshawar,KPK,Marble,Teri White,Honed,18,252.3,153.97,0.0,38846.63,Cash,Bilal Khan,Depot - Karachi,Delivered,7.0
ORD102276,2024-04-10,CUST1710,Karachi,Sindh,Tile,Indus Green,Polished,22,34.8,93.96,0.0,3269.81,Cheque,Hamza Sheikh,Depot - Multan,In Transit,3.0
ORD100309,2025-02-19,CUST3147,Chiniot,Punjab,Onyx,Sunny Grey,Polished,18,156.6,423.37,5.0,62984.75,Bank Transfer,Bilal Khan,Depot - Multan,In Transit,4.0
ORD101352,2024-03-28,CUST2505,Islamabad,Federal,Marble,Sunny Grey,Polished,30,163.9,188.69,10.0,27833.66,Cheque,Fahad Malik,Depot - Karachi,Delivered,8.0
ORD103648,2025-06-24,CUST2597,Karachi,Sindh,Marble,Emperador Brown,Polished,18,289.0,178.59,5.0,49031.88,Bank Transfer,Bilal Khan,Main Yard - Chiniot,Delivered,7.0
ORD100193,2024-04-15,CUST1713,Faisalabad,Punjab,Marble,Ziarat White,Honed,16,65.7,166.55,5.0,10395.22,Bank Transfer,Fahad Malik,Main Yard - Chiniot,Delivered,8.0
ORD104706,2025-07-24,CUST1614,Multan,Punjab,Onyx,Chiniot Black,Honed,22,38.0,444.37,0.0,16886.06,Bank Transfer,Bilal Khan,Depot - Lahore,Pending,7.0
ORD100554,2025-11-16,CUST2714,Multan,Punjab,Marble,Rangeela Marble,Polished,20,21.8,203.63,15.0,3773.26,Cash,Ahmed Raza,Depot - Multan,In Transit,5.0
ORD104221,2025-10-15,CUST2095,Lahore,Punjab,Granite,Ziarat White,Honed,18,481.6,258.51,0.0,124498.42,Bank Transfer,Ahmed Raza,Depot - Lahore,Delivered,8.0
ORD104002,2025-04-10,CUST1490,Quetta,Balochistan,Marble,Indus Green,Polished,20,146.4,178.75,0.0,26169.0,Cash,Bilal Khan,Main Yard - Chiniot,Pending,6.0
ORD102050,2024-06-09,CUST1878,Islamabad,Federal,Marble,Chiniot Black,Honed,16,124.6,216.61,10.0,24290.65,Credit (30 days),Saad Iqbal,Main Yard - Chiniot,Delivered,11.0
ORD102639,2025-10-23,CUST2146,Lahore,Punjab,Onyx,Indus Green,Honed,22,407.4,452.89,0.0,184507.39,Bank Transfer,Zain Abbas,Depot - Karachi,In Transit,7.0
ORD104164,2024-11-19,CUST1745,Multan,Punjab,Onyx,Black Galaxy,Flamed,22,58.5,496.63,0.0,29052.86,Credit (30 days),Fahad Malik,Depot - Lahore,Delivered,9.0
ORD104281,2025-08-25,CUST2167,Karachi,Sindh,Granite,Multi Red,Flamed,20,121.4,301.6,0.0,36614.24,Credit (30 days),Zain Abbas,Depot - Lahore,Delivered,3.0
ORD101614,2024-10-27,CUST2573,Rawalpindi,Punjab,Marble,Sunny Grey,Polished,20,146.3,168.72,10.0,22215.36,Bank Transfer,Zain Abbas,Depot - Multan,In Transit,7.0
ORD101782,2024-02-14,CUST3479,Quetta,Balochistan,Marble,Botticino Beige,Polished,30,45.9,190.61,5.0,8311.55,Cash,Zain Abbas,Depot - Karachi,Delivered,2.0
ORD103894,2024-02-10,CUST3074,Quetta,Balochistan,Marble,Sunny Grey,Polished,22,96.6,158.19,5.0,14517.1,Cash,Saad Iqbal,Main Yard - Chiniot,In Transit,8.0
ORD103169,2025-01-28,CUST2140,Gujranwala,Punjab,Marble,Sunny Grey,Honed,20,172.6,183.65,0.0,31697.99,Bank Transfer,Zain Abbas,Depot - Multan,Delivered,7.0
ORD101619,2024-09-26,CUST1081,Islamabad,Federal,Onyx,Sunny Grey,Leather,30,57.6,483.75,5.0,26470.8,Cheque,Fahad Malik,Depot - Karachi,In Transit,4.0
ORD101422,2024-09-24,CUST3075,Islamabad,Federal,Marble,Multi Red,Polished,30,135.4,204.53,0.0,27693.36,Cash,Fahad Malik,Depot - Multan,Cancelled,9.0
ORD101210,2024-04-01,CUST2029,Mianwali,Punjab,Granite,Botticino Beige,Flamed,20,238.9,322.63,0.0,77076.31,Bank Transfer,Bilal Khan,Main Yard - Chiniot,Delivered,12.0
ORD101622,2025-04-20,CUST3257,Gujranwala,Punjab,Marble,Botticino Beige,Polished,30,388.3,225.88,0.0,87709.2,Cash,Fahad Malik,Depot - Lahore,Delivered,9.0
ORD104335,2024-04-18,CUST3357,Gujranwala,Punjab,Marble,Teri White,Polished,20,77.5,160.22,0.0,12417.05,Cash,Ahmed Raza,Depot - Lahore,Cancelled,12.0
ORD103803,2024-08-30,CUST2928,Faisalabad,Punjab,Granite,Chaghi Golden,Polished,22,79.6,243.88,0.0,19412.85,Bank Transfer,Fahad Malik,Main Yard - Chiniot,In Transit,12.0
ORD104280,2025-03-04,CUST3088,Mianwali,Punjab,Marble,Rangeela Marble,Flamed,18,377.4,192.42,0.0,72619.31,Credit (30 days),Ahmed Raza,Depot - Lahore,Delivered,5.0
ORD103341,2024-04-12,CUST1873,Peshawar,KPK,Onyx,Black Galaxy,Polished,18,146.9,325.79,10.0,43072.7,Bank Transfer,Saad Iqbal,Depot - Multan,Delivered,5.0
ORD100496,2025-08-18,CUST2745,Peshawar,KPK,Marble,Rangeela Marble,Leather,20,20.1,168.78,10.0,3053.23,Credit (30 days),Usman Tariq,Depot - Karachi,Cancelled,11.0
ORD100197,2024-06-23,CUST2187,Gujranwala,Punjab,Tile,Rangeela Marble,Polished,30,143.9,89.98,0.0,12948.12,Bank Transfer,Zain Abbas,Depot - Lahore,Cancelled,6.0
ORD100923,2024-07-21,CUST1814,Sialkot,Punjab,Tile,Black Galaxy,Polished,16,156.0,86.4,5.0,12804.48,Cheque,Usman Tariq,Depot - Karachi,Cancelled,5.0
ORD102808,2024-01-10,CUST2436,Mianwali,Punjab,Marble,Chaghi Golden,Honed,18,20.0,162.49,0.0,3249.8,Credit (30 days),Zain Abbas,Main Yard - Chiniot,Delivered,8.0
ORD100661,2025-08-18,CUST2601,Sialkot,Punjab,Marble,Chiniot Black,Polished,20,85.6,167.42,0.0,14331.15,Credit (30 days),Bilal Khan,Depot - Multan,Delivered,3.0
ORD100248,2024-05-02,CUST1404,Quetta,Balochistan,Granite,Emperador Brown,Polished,20,236.3,313.53,5.0,70382.78,Cash,Saad Iqbal,Main Yard - Chiniot,Delivered,6.0
ORD104192,2024-07-31,CUST2335,Mianwali,Punjab,Granite,Rangeela Marble,Honed,18,32.7,306.97,0.0,10037.92,Cheque,Fahad Malik,Depot - Multan,Pending,10.0
ORD104232,2024-08-17,CUST2020,Rawalpindi,Punjab,Marble,Sunny Grey,Polished,20,76.9,230.31,0.0,17710.84,Bank Transfer,Saad Iqbal,Main Yard - Chiniot,In Transit,2.0
ORD102275,2025-05-07,CUST2324,Mianwali,Punjab,Marble,Emperador Brown,Polished,16,124.0,239.9,0.0,29747.6,Bank Transfer,Ahmed Raza,Depot - Karachi,In Transit,8.0
ORD103425,2024-11-23,CUST1505,Chiniot,Punjab,Marble,Sunny Grey,Honed,16,74.1,198.5,0.0,14708.85,Cash,Ahmed Raza,Depot - Lahore,Delivered,8.0
ORD102524,2024-01-13,CUST2548,Multan,Punjab,Marble,Emperador Brown,Flamed,18,45.2,163.92,0.0,7409.18,Cash,Ahmed Raza,Depot - Multan,Delivered,6.0
ORD100189,2025-03-04,CUST2485,Peshawar,KPK,Onyx,Indus Green,Flamed,30,20.0,414.5,10.0,7461.0,Credit (30 days),Fahad Malik,Main Yard - Chiniot,Delivered,9.0
ORD103756,2024-07-23,CUST1201,Faisalabad,Punjab,Granite,Multi Red,Polished,22,111.9,262.94,0.0,29422.99,Cash,Hamza Sheikh,Main Yard - Chiniot,Delivered,6.0
ORD103860,2025-03-06,CUST1164,Chiniot,Punjab,Tile,Buff Marble,Leather,22,387.8,75.53,0.0,29290.53,Bank Transfer,Bilal Khan,Main Yard - Chiniot,In Transit,6.0
ORD103171,2024-05-11,CUST3294,Islamabad,Federal,Marble,Botticino Beige,Honed,22,184.3,239.11,0.0,44067.97,Bank Transfer,Tariq Mehmood,Main Yard - Chiniot,Delivered,7.0
ORD101668,2025-03-08,CUST2777,Gujranwala,Punjab,Marble,Botticino Beige,Polished,20,46.2,134.13,0.0,6196.81,Cheque,Tariq Mehmood,Main Yard - Chiniot,Delivered,10.0
ORD102551,2024-09-07,CUST1449,Karachi,Sindh,Granite,Emperador Brown,Honed,20,145.8,287.87,0.0,41971.45,Cash,Ahmed Raza,Depot - Multan,Cancelled,5.0
ORD101919,2024-09-27,CUST3198,Sialkot,Punjab,Granite,Teri White,Polished,30,25.0,333.01,0.0,8325.25,Cash,Usman Tariq,Depot - Karachi,Delivered,7.0
ORD104624,2025-07-01,CUST1608,Islamabad,Federal,Tile,Indus Green,Polished,16,89.4,102.23,0.0,9139.36,Cheque,Zain Abbas,Depot - Lahore,Delivered,9.0
ORD101365,2024-10-17,CUST1849,Mianwali,Punjab,Marble,Teri White,Honed,22,78.8,201.37,0.0,15867.96,Bank Transfer,Fahad Malik,Main Yard - Chiniot,Delivered,9.0
ORD103441,2025-01-11,CUST3282,Peshawar,KPK,Marble,Rangeela Marble,Polished,30,33.2,230.22,0.0,7643.3,Bank Transfer,Zain Abbas,Depot - Karachi,Pending,7.0
ORD104614,2024-04-17,CUST1385,Rawalpindi,Punjab,Granite,Sunny Grey,Polished,22,198.2,239.71,0.0,47510.52,Bank Transfer,Bilal Khan,Depot - Multan,Delivered,6.0
ORD100570,2025-11-28,CUST3371,Faisalabad,Punjab,Marble,Multi Red,Polished,18,109.6,179.33,0.0,19654.57,Cash,Ahmed Raza,Main Yard - Chiniot,Delivered,10.0
ORD101378,2024-06-06,CUST2496,Rawalpindi,Punjab,Tile,Teri White,Polished,20,43.7,102.55,0.0,4481.44,Cheque,Fahad Malik,Depot - Multan,Delivered,12.0
ORD103201,2024-12-05,CUST2200,Sialkot,Punjab,Onyx,Chaghi Golden,Polished,20,34.1,328.96,0.0,11217.54,Bank Transfer,Zain Abbas,Main Yard - Chiniot,Delivered,6.0
ORD103449,2025-11-19,CUST2600,Karachi,Sindh,Marble,Chiniot Black,Polished,20,33.7,174.86,0.0,5892.78,Bank Transfer,Fahad Malik,Depot - Multan,Cancelled,4.0
ORD103028,2025-12-30,CUST1356,Quetta,Balochistan,Marble,Buff Marble,Polished,20,171.0,206.05,5.0,33472.82,Cheque,Usman Tariq,Main Yard - Chiniot,Delivered,6.0
ORD104916,2024-11-22,CUST2563,Faisalabad,Punjab,Marble,Botticino Beige,Honed,18,126.6,215.11,0.0,27232.93,Bank Transfer,Fahad Malik,Main Yard - Chiniot,Delivered,11.0
ORD102109,2025-12-29,CUST1288,Gujranwala,Punjab,Tile,Chaghi Golden,Flamed,18,86.4,90.75,0.0,7840.8,Cheque,Hamza Sheikh,Depot - Karachi,Delivered,7.0
ORD101937,2025-08-24,CUST2591,Rawalpindi,Punjab,Marble,Indus Green,Honed,16,80.9,165.23,5.0,12698.75,Cheque,Fahad Malik,Depot - Multan,In Transit,10.0
ORD103085,2025-11-29,CUST3308,Islamabad,Federal,Marble,Buff Marble,Polished,16,47.1,139.68,5.0,6249.98,Credit (30 days),Saad Iqbal,Main Yard - Chiniot,In Transit,6.0
ORD102694,2025-02-23,CUST3003,Chiniot,Punjab,Marble,Chiniot Black,Polished,30,183.4,195.78,0.0,35906.05,Cash,Ahmed Raza,Depot - Multan,Delivered,10.0
ORD102743,2024-04-03,CUST2272,Faisalabad,Punjab,Granite,Sunny Grey,Honed,20,172.9,217.99,10.0,33921.42,Credit (30 days),Ahmed Raza,Depot - Karachi,Delivered,8.0
ORD104085,2025-06-24,CUST2282,Faisalabad,Punjab,Marble,Indus Green,Polished,30,37.6,206.24,0.0,7754.62,Cash,Ahmed Raza,Main Yard - Chiniot,Cancelled,4.0
ORD104050,2025-10-09,CUST1618,Mianwali,Punjab,Granite,Botticino Beige,Polished,16,130.3,231.7,0.0,30190.51,Bank Transfer,Fahad Malik,Depot - Karachi,Pending,6.0
ORD101408,2024-01-20,CUST3464,Chiniot,Punjab,Marble,Multi Red,Flamed,18,49.4,157.27,15.0,6603.77,Cheque,Hamza Sheikh,Depot - Karachi,Pending,9.0
ORD103146,2025-12-04,CUST1703,Chiniot,Punjab,Marble,Teri White,Polished,16,125.9,160.12,5.0,19151.15,Bank Transfer,Hamza Sheikh,Depot - Multan,Delivered,6.0
ORD103414,2024-10-27,CUST2776,Chiniot,Punjab,Onyx,Multi Red,Polished,18,232.0,435.15,0.0,100954.8,Bank Transfer,Ahmed Raza,Depot - Multan,Pending,3.0
ORD103647,2024-02-20,CUST1201,Lahore,Punjab,Marble,Emperador Brown,Bush Hammered,16,29.1,195.55,0.0,5690.51,Bank Transfer,Tariq Mehmood,Depot - Lahore,Delivered,5.0
ORD103658,2025-11-08,CUST3230,Gujranwala,Punjab,Tile,Teri White,Flamed,16,72.6,64.48,15.0,3979.06,Bank Transfer,Bilal Khan,Depot - Multan,Pending,5.0
ORD103460,2024-07-23,CUST1381,Quetta,Balochistan,Marble,Indus Green,Honed,16,154.5,143.88,0.0,22229.46,Bank Transfer,Tariq Mehmood,Depot - Lahore,Pending,7.0
ORD102025,2024-02-17,CUST1340,Sialkot,Punjab,Granite,Ziarat White,Leather,20,69.3,266.27,15.0,15684.63,Cheque,Saad Iqbal,Main Yard - Chiniot,Delivered,8.0
ORD101249,2025-02-13,CUST1201,Rawalpindi,Punjab,Marble,Ziarat White,Leather,22,92.3,197.13,15.0,15465.83,Cash,Bilal Khan,Depot - Lahore,Delivered,5.0
ORD103257,2024-05-25,CUST2168,Gujranwala,Punjab,Marble,Black Galaxy,Honed,16,70.1,138.77,0.0,9727.78,Bank Transfer,Tariq Mehmood,Depot - Karachi,Pending,7.0
ORD101069,2025-07-04,CUST2990,Karachi,Sindh,Granite,Sunny Grey,Honed,20,76.0,205.43,0.0,15612.68,Credit (30 days),Hamza Sheikh,Main Yard - Chiniot,Delivered,5.0
ORD100240,2024-07-29,CUST1545,Gujranwala,Punjab,Marble,Ziarat White,Polished,30,51.2,208.95,0.0,10698.24,Cash,Ahmed Raza,Main Yard - Chiniot,Delivered,7.0
ORD102088,2025-04-09,CUST1386,Rawalpindi,Punjab,Marble,Chiniot Black,Polished,18,57.3,187.16,0.0,10724.27,Cash,Usman Tariq,Main Yard - Chiniot,Cancelled,7.0
ORD101396,2025-03-09,CUST1575,Multan,Punjab,Tile,Ziarat White,Leather,16,120.9,87.78,0.0,10612.6,Cheque,Zain Abbas,Depot - Multan,In Transit,7.0
ORD102132,2025-10-24,CUST2839,Karachi,Sindh,Tile,Ziarat White,Polished,20,122.6,77.17,5.0,8987.99,Credit (30 days),Bilal Khan,Main Yard - Chiniot,Delivered,6.0
ORD103334,2024-01-29,CUST2041,Multan,Punjab,Granite,Teri White,Honed,20,70.6,296.59,0.0,20939.25,Cash,Bilal Khan,Depot - Multan,In Transit,3.0
ORD102858,2024-03-29,CUST1121,Karachi,Sindh,Tile,Buff Marble,Polished,30,72.8,67.01,0.0,4878.33,Cash,Zain Abbas,Main Yard - Chiniot,In Transit,5.0
ORD100823,2025-08-06,CUST3297,Chiniot,Punjab,Marble,Rangeela Marble,Polished,22,57.0,167.01,0.0,9519.57,Bank Transfer,Saad Iqbal,Depot - Lahore,Delivered,10.0
ORD101443,2024-08-28,CUST1134,Karachi,Sindh,Granite,Chiniot Black,Polished,30,178.5,200.96,0.0,35871.36,Credit (30 days),Tariq Mehmood,Depot - Lahore,In Transit,9.0
ORD102484,2025-10-09,CUST1200,Karachi,Sindh,Tile,Sunny Grey,Polished,22,42.5,59.34,0.0,2521.95,Cash,Zain Abbas,Depot - Multan,Delivered,8.0
ORD102117,2025-10-15,CUST1131,Chiniot,Punjab,Marble,Indus Green,Honed,20,99.9,154.57,0.0,15441.54,Bank Transfer,Usman Tariq,Depot - Lahore,In Transit,4.0
ORD100917,2024-06-30,CUST1043,Peshawar,KPK,Granite,Buff Marble,Polished,22,160.0,240.25,0.0,38440.0,Cash,Tariq Mehmood,Depot - Multan,Delivered,7.0
ORD101561,2025-02-26,CUST3313,Quetta,Balochistan,Marble,Rangeela Marble,Polished,22,42.3,157.31,0.0,6654.21,Credit (30 days),Hamza Sheikh,Main Yard - Chiniot,In Transit,9.0
ORD101787,2025-12-13,CUST2602,Rawalpindi,Punjab,Marble,Ziarat White,Honed,30,74.9,242.61,0.0,18171.49,Bank Transfer,Usman Tariq,Main Yard - Chiniot,Delivered,3.0
ORD102466,2025-09-10,CUST1303,Gujranwala,Punjab,Marble,Emperador Brown,Leather,16,59.9,202.97,5.0,11550.01,Bank Transfer,Tariq Mehmood,Depot - Lahore,Delivered,7.0
ORD103734,2025-04-23,CUST1467,Peshawar,KPK,Tile,Teri White,Flamed,20,92.0,84.22,0.0,7748.24,Bank Transfer,Usman Tariq,Depot - Karachi,Delivered,4.0
ORD101998,2024-09-28,CUST2863,Quetta,Balochistan,Granite,Chaghi Golden,Polished,30,185.4,379.94,0.0,70440.88,Bank Transfer,Zain Abbas,Main Yard - Chiniot,Cancelled,6.0
ORD102934,2024-10-05,CUST1407,Sialkot,Punjab,Marble,Buff Marble,Polished,22,140.4,141.51,0.0,19868.0,Cash,Usman Tariq,Depot - Lahore,Delivered,7.0
ORD100296,2024-10-19,CUST1833,Faisalabad,Punjab,Marble,Indus Green,Polished,20,225.3,155.04,0.0,34930.51,Cash,Usman Tariq,Depot - Karachi,Delivered,5.0
ORD100001,2024-10-03,CUST3068,Mianwali,Punjab,Granite,Buff Marble,Polished,16,31.2,286.0,0.0,8923.2,Bank Transfer,Tariq Mehmood,Depot - Karachi,In Transit,5.0
ORD102493,2024-07-22,CUST2868,Quetta,Balochistan,Marble,Rangeela Marble,Polished,16,71.8,123.05,0.0,8834.99,Cash,Zain Abbas,Depot - Karachi,Delivered,13.0
ORD100793,2025-06-13,CUST2379,Lahore,Punjab,Marble,Chiniot Black,Polished,18,54.1,197.64,0.0,10692.32,Cash,Hamza Sheikh,Depot - Multan,In Transit,4.0
ORD102973,2025-06-18,CUST3415,Lahore,Punjab,Marble,Black Galaxy,Polished,16,263.8,186.91,5.0,46841.52,Cheque,Zain Abbas,Depot - Multan,Delivered,11.0
ORD104919,2025-11-25,CUST3278,Mianwali,Punjab,Granite,Botticino Beige,Leather,18,66.7,267.17,0.0,17820.24,Bank Transfer,Tariq Mehmood,Main Yard - Chiniot,In Transit,9.0
ORD101324,2025-03-11,CUST2272,Mianwali,Punjab,Tile,Botticino Beige,Polished,20,41.9,104.92,0.0,4396.15,Credit (30 days),Bilal Khan,Depot - Lahore,Delivered,6.0
ORD104439,2024-03-06,CUST2816,Rawalpindi,Punjab,Granite,Sunny Grey,Polished,16,455.5,294.56,0.0,134172.08,Credit (30 days),Fahad Malik,Depot - Lahore,Delivered,10.0
ORD104690,2024-04-12,CUST3134,Rawalpindi,Punjab,Granite,Indus Green,Polished,22,169.0,338.14,0.0,57145.66,Bank Transfer,Saad Iqbal,Depot - Karachi,Delivered,5.0
ORD101616,2024-02-16,CUST2104,Sialkot,Punjab,Marble,Rangeela Marble,Leather,16,109.3,203.17,15.0,18875.51,Cheque,Ahmed Raza,Depot - Karachi,Cancelled,12.0
ORD104329,2024-05-17,CUST2805,Mianwali,Punjab,Marble,Chaghi Golden,Bush Hammered,30,114.2,208.47,15.0,20236.18,Credit (30 days),Ahmed Raza,Depot - Karachi,Delivered,7.0
ORD102441,2024-01-04,CUST3249,Multan,Punjab,Marble,Sunny Grey,Bush Hammered,18,22.6,211.8,10.0,4308.01,Credit (30 days),Fahad Malik,Depot - Lahore,Delivered,9.0
ORD102881,2025-08-27,CUST2134,Peshawar,KPK,Granite,Chiniot Black,Polished,22,114.5,169.82,0.0,19444.39,Bank Transfer,Saad Iqbal,Depot - Multan,Delivered,6.0
ORD101236,2025-08-16,CUST2202,Mianwali,Punjab,Onyx,Black Galaxy,Polished,20,67.8,431.78,0.0,29274.68,Cheque,Hamza Sheikh,Depot - Karachi,Delivered,7.0
ORD104998,2024-04-19,CUST1376,Karachi,Sindh,Marble,Emperador Brown,Honed,20,115.7,186.86,0.0,21619.7,Bank Transfer,Ahmed Raza,Main Yard - Chiniot,In Transit,9.0
ORD104939,2025-06-26,CUST3473,Peshawar,KPK,Tile,Multi Red,Polished,20,119.1,97.38,0.0,11597.96,Bank Transfer,Saad Iqbal,Main Yard - Chiniot,Cancelled,7.0
ORD104548,2025-09-05,CUST3182,Faisalabad,Punjab,Marble,Indus Green,Polished,20,101.9,168.95,0.0,17216.0,Credit (30 days),Usman Tariq,Depot - Multan,Delivered,9.0
ORD102141,2024-07-15,CUST1334,Islamabad,Federal,Granite,Rangeela Marble,Leather,20,117.3,296.05,5.0,32990.33,Cheque,Saad Iqbal,Main Yard - Chiniot,In Transit,5.0
ORD103184,2025-03-07,CUST2585,Peshawar,KPK,Tile,Ziarat White,Polished,18,444.8,80.7,0.0,35895.36,Cash,Saad Iqbal,Depot - Multan,Pending,11.0
ORD101484,2024-04-11,CUST2677,Peshawar,KPK,Onyx,Chiniot Black,Leather,18,47.2,538.89,5.0,24163.83,Credit (30 days),Bilal Khan,Depot - Multan,In Transit,11.0
ORD100634,2024-09-05,CUST3249,Faisalabad,Punjab,Granite,Botticino Beige,Honed,18,237.3,229.51,5.0,51739.59,Cash,Ahmed Raza,Depot - Lahore,Delivered,7.0
ORD102541,2024-06-30,CUST1405,Rawalpindi,Punjab,Marble,Emperador Brown,Polished,16,86.5,188.41,0.0,16297.46,Cash,Tariq Mehmood,Main Yard - Chiniot,Delivered,3.0
ORD100344,2024-11-25,CUST2233,Chiniot,Punjab,Marble,Sunny Grey,Leather,22,94.0,159.69,0.0,15010.86,Credit (30 days),Saad Iqbal,Main Yard - Chiniot,In Transit,4.0
ORD101008,2025-07-12,CUST2126,Karachi,Sindh,Granite,Indus Green,Polished,18,73.6,321.03,10.0,21265.03,Bank Transfer,Zain Abbas,Depot - Multan,Delivered,6.0
ORD102179,2025-12-20,CUST1614,Multan,Punjab,Marble,Emperador Brown,Polished,22,86.5,188.06,5.0,15453.83,Bank Transfer,Saad Iqbal,Depot - Karachi,Delivered,7.0
ORD103653,2024-02-16,CUST1553,Faisalabad,Punjab,Marble,Black Galaxy,Polished,16,55.1,156.44,15.0,7326.87,Cheque,Zain Abbas,Main Yard - Chiniot,Pending,10.0
ORD101459,2024-11-28,CUST2554,Quetta,Balochistan,Marble,Multi Red,Polished,30,269.5,183.69,10.0,44554.01,Cash,Hamza Sheikh,Depot - Multan,Delivered,7.0
ORD101202,2025-02-01,CUST2351,Islamabad,Federal,Onyx,Chaghi Golden,Honed,30,86.8,345.41,0.0,29981.59,Bank Transfer,Saad Iqbal,Main Yard - Chiniot,Delivered,6.0
ORD102340,2024-01-20,CUST2750,Karachi,Sindh,Marble,Emperador Brown,Leather,30,20.0,198.51,0.0,3970.2,Credit (30 days),Fahad Malik,Depot - Lahore,Delivered,7.0
ORD101573,2025-01-15,CUST2205,Islamabad,Federal,Marble,Emperador Brown,Polished,30,207.1,223.51,0.0,46288.92,Cheque,Saad Iqbal,Depot - Lahore,Pending,9.0
ORD100111,2025-05-28,CUST2928,Quetta,Balochistan,Granite,Black Galaxy,Leather,30,85.5,295.21,0.0,25240.46,Bank Transfer,Fahad Malik,Depot - Lahore,Cancelled,5.0
ORD103804,2024-11-28,CUST3356,Gujranwala,Punjab,Marble,Rangeela Marble,Leather,16,228.9,178.86,0.0,40941.05,Cash,Saad Iqbal,Depot - Multan,Delivered,11.0
ORD100976,2025-06-07,CUST2183,Faisalabad,Punjab,Granite,Black Galaxy,Bush Hammered,18,84.6,227.48,0.0,19244.81,Credit (30 days),Ahmed Raza,Depot - Karachi,Pending,10.0
ORD100375,2025-10-24,CUST2708,Multan,Punjab,Granite,Chiniot Black,Polished,16,101.1,255.55,0.0,25836.1,Cash,Bilal Khan,Main Yard - Chiniot,Cancelled,8.0
ORD102432,2025-08-14,CUST2306,Karachi,Sindh,Onyx,Black Galaxy,Honed,20,33.0,400.42,0.0,13213.86,Credit (30 days),Usman Tariq,Main Yard - Chiniot,Delivered,2.0
ORD104035,2024-04-14,CUST1739,Quetta,Balochistan,Onyx,Black Galaxy,Honed,22,36.3,416.46,0.0,15117.5,Credit (30 days),Ahmed Raza,Depot - Lahore,Delivered,6.0
ORD102223,2025-03-12,CUST2017,Peshawar,KPK,Granite,Indus Green,Polished,20,153.2,273.42,5.0,39793.55,Bank Transfer,Bilal Khan,Depot - Multan,Delivered,12.0
ORD101874,2024-04-14,CUST1882,Peshawar,KPK,Onyx,Chaghi Golden,Flamed,20,156.6,395.79,0.0,61980.71,Cash,Tariq Mehmood,Depot - Multan,Delivered,6.0
ORD104579,2024-05-01,CUST1379,Peshawar,KPK,Marble,Chiniot Black,Leather,22,198.7,197.48,0.0,39239.28,Bank Transfer,Fahad Malik,Depot - Multan,Cancelled,6.0
ORD104301,2024-02-03,CUST1113,Mianwali,Punjab,Marble,Rangeela Marble,Polished,18,58.5,145.89,10.0,7681.11,Bank Transfer,Saad Iqbal,Depot - Karachi,Delivered,8.0
ORD100386,2025-07-19,CUST2045,Sialkot,Punjab,Onyx,Sunny Grey,Polished,30,39.2,486.18,0.0,19058.26,Cash,Zain Abbas,Main Yard - Chiniot,In Transit,6.0
ORD102638,2025-05-06,CUST2286,Lahore,Punjab,Marble,Multi Red,Honed,30,87.7,193.24,5.0,16099.79,Cash,Tariq Mehmood,Main Yard - Chiniot,In Transit,8.0
ORD104345,2024-01-25,CUST3031,Karachi,Sindh,Granite,Rangeela Marble,Polished,20,97.5,241.6,5.0,22378.2,Credit (30 days),Saad Iqbal,Depot - Multan,Delivered,11.0
ORD100200,2024-04-16,CUST1817,Faisalabad,Punjab,Marble,Teri White,Honed,18,25.8,229.4,0.0,5918.52,Cheque,Tariq Mehmood,Main Yard - Chiniot,Cancelled,5.0
ORD104084,2024-10-20,CUST1795,Lahore,Punjab,Granite,Indus Green,Bush Hammered,22,73.2,243.82,0.0,17847.62,Cash,Tariq Mehmood,Main Yard - Chiniot,Delivered,6.0
ORD100885,2025-07-25,CUST2118,Multan,Punjab,Tile,Black Galaxy,Polished,16,21.3,65.52,0.0,1395.58,Cheque,Usman Tariq,Depot - Lahore,Delivered,5.0
ORD101717,2025-11-04,CUST2795,Lahore,Punjab,Marble,Ziarat White,Honed,16,98.9,179.78,0.0,17780.24,Cash,Fahad Malik,Main Yard - Chiniot,Delivered,10.0
ORD101868,2025-11-30,CUST1976,Rawalpindi,Punjab,Granite,Emperador Brown,Leather,20,112.8,221.55,0.0,24990.84,Cash,Hamza Sheikh,Depot - Lahore,Delivered,8.0
ORD102509,2024-10-22,CUST2734,Lahore,Punjab,Granite,Ziarat White,Honed,20,275.6,264.25,0.0,72827.3,Bank Transfer,Ahmed Raza,Depot - Multan,Delivered,9.0
ORD104802,2024-03-15,CUST1578,Mianwali,Punjab,Marble,Emperador Brown,Polished,22,71.8,126.22,10.0,8156.34,Bank Transfer,Usman Tariq,Depot - Multan,Delivered,6.0
ORD103068,2024-07-12,CUST1523,Lahore,Punjab,Marble,Black Galaxy,Polished,20,134.1,146.17,10.0,17641.26,Credit (30 days),Saad Iqbal,Depot - Multan,Cancelled,10.0
ORD101406,2024-08-26,CUST1852,Sialkot,Punjab,Marble,Emperador Brown,Polished,30,106.9,147.55,0.0,15773.1,Bank Transfer,Zain Abbas,Main Yard - Chiniot,In Transit,6.0
ORD100109,2025-08-25,CUST2659,Multan,Punjab,Marble,Black Galaxy,Polished,20,143.6,237.0,0.0,34033.2,Cash,Tariq Mehmood,Depot - Multan,In Transit,7.0
ORD101473,2024-09-04,CUST2072,Faisalabad,Punjab,Marble,Chaghi Golden,Flamed,18,262.2,150.24,0.0,39392.93,Bank Transfer,Usman Tariq,Depot - Karachi,Delivered,8.0
ORD104804,2025-10-14,CUST1746,Quetta,Balochistan,Onyx,Botticino Beige,Flamed,18,205.1,476.41,0.0,97711.69,Cheque,Zain Abbas,Depot - Multan,Pending,5.0
ORD100938,2025-04-14,CUST2965,Lahore,Punjab,Marble,Multi Red,Polished,16,126.4,200.8,0.0,25381.12,Credit (30 days),Ahmed Raza,Main Yard - Chiniot,Delivered,8.0
ORD101770,2024-05-01,CUST1866,Sialkot,Punjab,Tile,Black Galaxy,Leather,18,217.1,89.93,0.0,19523.8,Bank Transfer,Bilal Khan,Depot - Karachi,Cancelled,7.0
ORD101146,2025-05-07,CUST3446,Karachi,Sindh,Tile,Black Galaxy,Polished,22,225.3,97.7,0.0,22011.81,Bank Transfer,Zain Abbas,Depot - Multan,Cancelled,10.0
ORD101894,2025-06-17,CUST3151,Rawalpindi,Punjab,Marble,Buff Marble,Polished,20,63.3,185.34,0.0,11732.02,Bank Transfer,Bilal Khan,Depot - Lahore,In Transit,7.0
ORD102345,2024-02-08,CUST2445,Lahore,Punjab,Marble,Chaghi Golden,Polished,20,174.9,207.32,10.0,32634.24,Cash,Zain Abbas,Depot - Karachi,In Transit,6.0
ORD102052,2024-05-05,CUST1760,Karachi,Sindh,Marble,Teri White,Polished,20,226.0,175.53,0.0,39669.78,Cheque,Ahmed Raza,Main Yard - Chiniot,Cancelled,4.0
ORD100148,2024-11-08,CUST2341,Quetta,Balochistan,Onyx,Rangeela Marble,Polished,20,211.5,341.94,0.0,72320.31,Bank Transfer,Usman Tariq,Depot - Lahore,Cancelled,6.0
ORD102756,2025-05-04,CUST1046,Chiniot,Punjab,Marble,Chiniot Black,Flamed,30,274.9,222.05,0.0,61041.54,Bank Transfer,Hamza Sheikh,Depot - Karachi,Delivered,4.0
ORD100387,2025-03-25,CUST1222,Quetta,Balochistan,Marble,Rangeela Marble,Polished,20,376.2,131.87,0.0,49609.49,Cash,Bilal Khan,Depot - Lahore,In Transit,7.0
ORD101542,2024-12-18,CUST2714,Karachi,Sindh,Marble,Teri White,Polished,30,27.7,240.57,0.0,6663.79,Bank Transfer,Usman Tariq,Main Yard - Chiniot,Cancelled,5.0
ORD100199,2024-10-26,CUST1926,Quetta,Balochistan,Marble,Buff Marble,Polished,22,260.9,155.25,0.0,40504.72,Bank Transfer,Hamza Sheikh,Depot - Multan,Pending,6.0
ORD101711,2024-05-23,CUST3041,Quetta,Balochistan,Marble,Sunny Grey,Honed,22,74.6,175.57,5.0,12442.65,Cheque,Ahmed Raza,Main Yard - Chiniot,Delivered,8.0
ORD102642,2025-10-22,CUST2454,Faisalabad,Punjab,Onyx,Multi Red,Polished,30,159.5,562.86,0.0,89776.17,Bank Transfer,Bilal Khan,Depot - Karachi,Cancelled,9.0
ORD103376,2024-01-13,CUST1230,Rawalpindi,Punjab,Granite,Chiniot Black,Polished,18,96.3,314.8,10.0,27283.72,Cheque,Hamza Sheikh,Main Yard - Chiniot,Delivered,9.0
ORD102380,2024-05-24,CUST2242,Lahore,Punjab,Marble,Multi Red,Bush Hammered,16,272.7,159.55,0.0,43509.28,Cash,Usman Tariq,Depot - Multan,In Transit,8.0
ORD100983,2024-10-07,CUST1518,Rawalpindi,Punjab,Tile,Multi Red,Honed,18,475.1,85.25,0.0,40502.28,Bank Transfer,Hamza Sheikh,Depot - Multan,In Transit,11.0
ORD100283,2024-11-26,CUST2505,Lahore,Punjab,Marble,Chaghi Golden,Polished,18,371.3,180.1,0.0,66871.13,Cash,Ahmed Raza,Depot - Karachi,Delivered,7.0
ORD103859,2024-02-07,CUST2884,Faisalabad,Punjab,Marble,Sunny Grey,Polished,16,107.9,196.79,0.0,21233.64,Credit (30 days),Tariq Mehmood,Main Yard - Chiniot,Cancelled,9.0
ORD101572,2025-02-04,CUST2279,Faisalabad,Punjab,Onyx,Botticino Beige,Polished,30,139.9,445.02,0.0,62258.3,Bank Transfer,Bilal Khan,Depot - Multan,Delivered,9.0
ORD100342,2024-11-21,CUST3070,Quetta,Balochistan,Marble,Buff Marble,Polished,16,369.6,199.44,0.0,73713.02,Credit (30 days),Tariq Mehmood,Depot - Lahore,Delivered,6.0
ORD101161,2025-12-20,CUST3231,Gujranwala,Punjab,Tile,Indus Green,Flamed,22,36.7,99.13,0.0,3638.07,Cash,Saad Iqbal,Main Yard - Chiniot,Pending,12.0
ORD103363,2025-08-31,CUST1569,Karachi,Sindh,Onyx,Rangeela Marble,Polished,20,25.8,495.43,0.0,12782.09,Cheque,Tariq Mehmood,Depot - Lahore,In Transit,7.0
ORD101869,2025-11-16,CUST2353,Chiniot,Punjab,Granite,Teri White,Honed,18,153.0,314.93,0.0,48184.29,Cheque,Tariq Mehmood,Depot - Lahore,Cancelled,4.0
ORD104284,2025-05-13,CUST3450,Sialkot,Punjab,Marble,Rangeela Marble,Flamed,22,146.9,139.95,0.0,20558.66,Cash,Bilal Khan,Depot - Multan,Cancelled,7.0
ORD103783,2025-08-27,CUST1866,Islamabad,Federal,Marble,Sunny Grey,Bush Hammered,20,91.6,211.26,0.0,19351.42,Cheque,Ahmed Raza,Depot - Lahore,Delivered,11.0
ORD104124,2024-12-12,CUST1427,Peshawar,KPK,Marble,Emperador Brown,Polished,22,188.0,161.84,10.0,27383.33,Cash,Tariq Mehmood,Depot - Lahore,Delivered,8.0
ORD104287,2025-10-05,CUST1642,Multan,Punjab,Granite,Indus Green,Polished,18,300.3,322.39,10.0,87132.35,Cash,Hamza Sheikh,Main Yard - Chiniot,Pending,7.0
ORD103329,2025-08-31,CUST2205,Peshawar,KPK,Marble,Buff Marble,Polished,20,54.8,172.93,5.0,9002.74,Cheque,Bilal Khan,Depot - Lahore,Delivered,4.0
ORD103958,2025-10-02,CUST1090,Mianwali,Punjab,Tile,Rangeela Marble,Polished,20,384.1,101.26,5.0,36949.27,Bank Transfer,Zain Abbas,Main Yard - Chiniot,Pending,8.0
ORD100772,2024-08-13,CUST2287,Chiniot,Punjab,Tile,Black Galaxy,Polished,30,80.7,129.86,0.0,10479.7,Cheque,Ahmed Raza,Depot - Lahore,Delivered,9.0
ORD103727,2025-03-08,CUST2830,Islamabad,Federal,Marble,Botticino Beige,Honed,16,260.0,162.32,0.0,42203.2,Bank Transfer,Bilal Khan,Depot - Karachi,Delivered,3.0
ORD104487,2024-07-21,CUST1188,Karachi,Sindh,Granite,Ziarat White,Polished,20,180.4,230.55,5.0,39511.66,Cash,Zain Abbas,Depot - Multan,Delivered,7.0
ORD103904,2025-05-05,CUST2654,Chiniot,Punjab,Marble,Multi Red,Polished,20,77.0,178.67,0.0,13757.59,Cash,Zain Abbas,Depot - Lahore,Delivered,4.0
ORD103400,2024-03-31,CUST2061,Peshawar,KPK,Granite,Ziarat White,Bush Hammered,18,228.8,162.94,5.0,35416.64,Credit (30 days),Usman Tariq,Depot - Multan,Delivered,6.0
ORD102909,2024-05-25,CUST3001,Multan,Punjab,Tile,Chiniot Black,Honed,18,54.8,92.54,15.0,4310.51,Bank Transfer,Fahad Malik,Depot - Lahore,Delivered,6.0
ORD103862,2025-09-13,CUST1642,Quetta,Balochistan,Marble,Ziarat White,Bush Hammered,16,41.6,170.61,0.0,7097.38,Cash,Usman Tariq,Depot - Multan,Delivered,13.0
ORD103973,2024-09-01,CUST1005,Multan,Punjab,Tile,Multi Red,Leather,22,300.9,92.1,10.0,24941.6,Cheque,Saad Iqbal,Depot - Lahore,Delivered,4.0
ORD101737,2024-09-06,CUST1050,Gujranwala,Punjab,Granite,Chiniot Black,Honed,22,60.4,234.71,5.0,13467.66,Cash,Zain Abbas,Depot - Lahore,Pending,4.0
ORD101097,2024-03-20,CUST2510,Peshawar,KPK,Marble,Botticino Beige,Polished,16,114.4,160.86,0.0,18402.38,Cash,Fahad Malik,Depot - Lahore,Delivered,8.0
ORD103192,2024-01-20,CUST3432,Rawalpindi,Punjab,Marble,Chiniot Black,Polished,16,152.0,131.47,0.0,19983.44,Cheque,Tariq Mehmood,Depot - Lahore,Delivered,9.0
ORD101856,2025-04-04,CUST3396,Sialkot,Punjab,Marble,Teri White,Bush Hammered,30,548.3,198.47,0.0,108821.1,Bank Transfer,Usman Tariq,Main Yard - Chiniot,Cancelled,10.0
ORD101593,2024-08-16,CUST1431,Mianwali,Punjab,Marble,Ziarat White,Honed,22,41.0,194.29,0.0,7965.89,Cash,Ahmed Raza,Depot - Lahore,Pending,12.0
ORD100211,2025-05-10,CUST3339,Lahore,Punjab,Granite,Black Galaxy,Leather,16,184.9,295.33,0.0,54606.52,Cash,Fahad Malik,Depot - Lahore,In Transit,4.0
ORD102558,2025-10-20,CUST2441,Sialkot,Punjab,Onyx,Ziarat White,Flamed,18,141.5,438.35,0.0,62026.52,Bank Transfer,Ahmed Raza,Depot - Multan,Delivered,9.0
ORD104740,2024-09-12,CUST1745,Lahore,Punjab,Marble,Emperador Brown,Polished,22,74.3,182.22,5.0,12862.0,Bank Transfer,Usman Tariq,Depot - Multan,In Transit,6.0
ORD100369,2025-10-14,CUST1463,Peshawar,KPK,Granite,Multi Red,Honed,18,171.5,245.92,0.0,42175.28,Cash,Fahad Malik,Depot - Multan,In Transit,6.0
ORD104004,2024-11-04,CUST1175,Peshawar,KPK,Marble,Ziarat White,Polished,20,161.1,188.17,0.0,30314.19,Bank Transfer,Zain Abbas,Main Yard - Chiniot,Delivered,6.0
ORD104218,2024-05-08,CUST1492,Quetta,Balochistan,Marble,Ziarat White,Honed,30,361.1,172.66,0.0,62347.53,Credit (30 days),Hamza Sheikh,Main Yard - Chiniot,Cancelled,8.0
ORD100128,2025-10-21,CUST2884,Faisalabad,Punjab,Granite,Chiniot Black,Honed,30,167.3,276.27,0.0,46219.97,Cash,Zain Abbas,Depot - Multan,In Transit,7.0
ORD100170,2024-06-03,CUST1433,Chiniot,Punjab,Granite,Chiniot Black,Polished,30,71.4,326.1,15.0,19791.01,Bank Transfer,Fahad Malik,Depot - Lahore,Delivered,8.0
ORD104463,2025-05-26,CUST1924,Mianwali,Punjab,Marble,Multi Red,Honed,30,131.2,135.11,0.0,17726.43,Credit (30 days),Saad Iqbal,Depot - Karachi,Delivered,5.0
ORD103231,2025-02-02,CUST2589,Quetta,Balochistan,Tile,Chaghi Golden,Bush Hammered,20,35.5,90.49,0.0,3212.4,Bank Transfer,Saad Iqbal,Main Yard - Chiniot,Delivered,4.0
ORD100408,2024-04-22,CUST2616,Rawalpindi,Punjab,Granite,Black Galaxy,Polished,20,49.4,318.38,5.0,14941.57,Credit (30 days),Tariq Mehmood,Depot - Karachi,Delivered,7.0
ORD102123,2024-10-21,CUST1354,Islamabad,Federal,Marble,Chaghi Golden,Polished,18,59.9,164.67,0.0,9863.73,Cash,Bilal Khan,Depot - Lahore,Delivered,7.0
ORD102517,2025-07-05,CUST1415,Quetta,Balochistan,Tile,Emperador Brown,Honed,18,50.0,98.55,10.0,4434.75,Credit (30 days),Saad Iqbal,Depot - Multan,Pending,4.0
ORD104896,2025-06-15,CUST2569,Sialkot,Punjab,Granite,Indus Green,Polished,30,188.0,316.1,10.0,53484.12,Bank Transfer,Ahmed Raza,Main Yard - Chiniot,Cancelled,7.0
ORD100243,2024-06-24,CUST3148,Rawalpindi,Punjab,Marble,Black Galaxy,Polished,16,109.4,138.48,0.0,15149.71,Cash,Ahmed Raza,Main Yard - Chiniot,In Transit,8.0
ORD100480,2025-04-08,CUST2032,Karachi,Sindh,Marble,Multi Red,Polished,18,91.4,206.77,0.0,18898.78,Bank Transfer,Tariq Mehmood,Main Yard - Chiniot,In Transit,7.0
ORD103979,2024-11-07,CUST3230,Faisalabad,Punjab,Marble,Teri White,Polished,30,101.8,236.86,15.0,20495.5,Bank Transfer,Saad Iqbal,Depot - Karachi,Delivered,6.0
ORD103371,2024-05-25,CUST1740,Quetta,Balochistan,Marble,Emperador Brown,Polished,22,72.0,178.73,0.0,12868.56,Credit (30 days),Ahmed Raza,Depot - Lahore,Cancelled,8.0
ORD104200,2024-02-20,CUST1595,Lahore,Punjab,Granite,Sunny Grey,Bush Hammered,16,20.0,298.26,0.0,5965.2,Bank Transfer,Tariq Mehmood,Main Yard - Chiniot,Cancelled,11.0
ORD100583,2024-08-23,CUST1245,Sialkot,Punjab,Marble,Chaghi Golden,Honed,30,56.9,200.2,15.0,9682.67,Cash,Saad Iqbal,Main Yard - Chiniot,Cancelled,4.0
ORD104743,2024-12-19,CUST1092,Faisalabad,Punjab,Tile,Multi Red,Polished,16,227.2,72.1,0.0,16381.12,Cash,Tariq Mehmood,Depot - Karachi,Delivered,11.0
ORD102933,2025-03-09,CUST1596,Karachi,Sindh,Tile,Indus Green,Polished,18,400.9,78.91,0.0,31635.02,Cash,Bilal Khan,Depot - Lahore,Pending,7.0
ORD104225,2024-08-21,CUST2567,Rawalpindi,Punjab,Marble,Chaghi Golden,Leather,18,52.8,167.42,5.0,8397.79,Credit (30 days),Fahad Malik,Depot - Lahore,Delivered,8.0
ORD100926,2025-11-16,CUST2771,Sialkot,Punjab,Marble,Black Galaxy,Polished,16,291.7,223.73,0.0,65262.04,Cash,Saad Iqbal,Depot - Lahore,Pending,8.0
ORD100225,2024-01-10,CUST1787,Rawalpindi,Punjab,Marble,Botticino Beige,Honed,22,160.3,210.75,10.0,30404.9,Cash,Hamza Sheikh,Main Yard - Chiniot,Delivered,4.0
ORD100098,2024-03-14,CUST3461,Faisalabad,Punjab,Tile,Botticino Beige,Polished,18,140.3,71.41,0.0,10018.82,Cash,Fahad Malik,Depot - Multan,Delivered,5.0
ORD104809,2024-05-13,CUST3189,Multan,Punjab,Granite,Ziarat White,Polished,16,146.3,254.94,0.0,37297.72,Credit (30 days),Bilal Khan,Depot - Multan,Cancelled,5.0
ORD103292,2025-05-24,CUST1831,Gujranwala,Punjab,Granite,Multi Red,Leather,18,102.7,191.25,0.0,19641.38,Cheque,Tariq Mehmood,Main Yard - Chiniot,Delivered,3.0
ORD102952,2024-05-08,CUST3042,Karachi,Sindh,Marble,Botticino Beige,Polished,16,207.4,203.47,0.0,42199.68,Cash,Hamza Sheikh,Depot - Multan,In Transit,5.0
ORD101506,2025-06-14,CUST2781,Peshawar,KPK,Granite,Chiniot Black,Polished,18,109.4,198.06,0.0,21667.76,Bank Transfer,Bilal Khan,Depot - Karachi,Delivered,6.0
ORD102572,2025-11-25,CUST2097,Lahore,Punjab,Tile,Ziarat White,Polished,18,81.2,82.39,15.0,5686.56,Credit (30 days),Bilal Khan,Depot - Multan,Delivered,9.0
ORD103456,2025-01-07,CUST1643,Faisalabad,Punjab,Granite,Chiniot Black,Polished,30,30.9,334.18,0.0,10326.16,Cash,Zain Abbas,Depot - Lahore,Delivered,6.0
ORD102796,2024-07-18,CUST1216,Chiniot,Punjab,Marble,Chiniot Black,Honed,18,74.1,213.52,0.0,15821.83,Cheque,Bilal Khan,Depot - Karachi,Delivered,4.0
ORD100399,2025-06-19,CUST3138,Mianwali,Punjab,Marble,Botticino Beige,Leather,30,174.5,235.22,0.0,41045.89,Cash,Hamza Sheikh,Depot - Lahore,Delivered,8.0
ORD100715,2024-07-20,CUST3034,Sialkot,Punjab,Tile,Chaghi Golden,Flamed,18,53.6,109.88,0.0,5889.57,Credit (30 days),Usman Tariq,Depot - Multan,Cancelled,3.0
ORD103835,2024-04-20,CUST3187,Lahore,Punjab,Onyx,Multi Red,Bush Hammered,16,207.0,339.38,0.0,70251.66,Cheque,Fahad Malik,Depot - Multan,Delivered,7.0
ORD100060,2025-12-05,CUST2453,Karachi,Sindh,Marble,Indus Green,Polished,30,281.9,210.04,0.0,59210.28,Credit (30 days),Hamza Sheikh,Depot - Karachi,Delivered,2.0
ORD103732,2025-05-15,CUST1656,Chiniot,Punjab,Marble,Buff Marble,Honed,18,115.7,163.32,5.0,17951.32,Credit (30 days),Hamza Sheikh,Depot - Karachi,Delivered,6.0
ORD102584,2024-08-26,CUST2365,Lahore,Punjab,Marble,Botticino Beige,Honed,20,60.9,223.65,10.0,12258.26,Bank Transfer,Fahad Malik,Main Yard - Chiniot,Cancelled,7.0
ORD101174,2024-11-18,CUST1557,Mianwali,Punjab,Tile,Chaghi Golden,Honed,30,125.9,105.14,0.0,13237.13,Credit (30 days),Ahmed Raza,Depot - Karachi,Pending,8.0
ORD103854,2025-12-06,CUST2367,Gujranwala,Punjab,Marble,Botticino Beige,Honed,22,63.3,153.56,0.0,9720.35,Bank Transfer,Zain Abbas,Main Yard - Chiniot,In Transit,5.0
ORD101230,2025-08-28,CUST2026,Islamabad,Federal,Marble,Multi Red,Honed,16,89.8,235.83,0.0,21177.53,Cash,Fahad Malik,Main Yard - Chiniot,Delivered,6.0
ORD101589,2025-03-19,CUST2184,Multan,Punjab,Marble,Ziarat White,Polished,30,214.1,201.79,0.0,43203.24,Credit (30 days),Ahmed Raza,Depot - Multan,In Transit,6.0
ORD102067,2025-04-29,CUST3113,Gujranwala,Punjab,Tile,Indus Green,Honed,18,470.8,101.06,0.0,47579.05,Bank Transfer,Ahmed Raza,Depot - Lahore,Delivered,13.0
ORD101317,2025-08-29,CUST2456,Chiniot,Punjab,Marble,Rangeela Marble,Polished,22,50.4,149.82,0.0,7550.93,Credit (30 days),Hamza Sheikh,Depot - Karachi,Delivered,5.0
ORD103965,2024-08-29,CUST1015,Lahore,Punjab,Marble,Rangeela Marble,Honed,16,53.7,149.86,0.0,8047.48,Bank Transfer,Fahad Malik,Main Yard - Chiniot,Delivered,12.0
ORD103493,2025-09-27,CUST2898,Lahore,Punjab,Tile,Chiniot Black,Polished,22,67.6,105.5,0.0,7131.8,Bank Transfer,Saad Iqbal,Main Yard - Chiniot,Delivered,4.0
ORD103014,2025-07-14,CUST1331,Gujranwala,Punjab,Marble,Teri White,Polished,18,47.8,160.38,0.0,7666.16,Bank Transfer,Tariq Mehmood,Main Yard - Chiniot,Delivered,5.0
ORD102564,2024-12-29,CUST1761,Islamabad,Federal,Marble,Teri White,Honed,22,20.0,123.55,0.0,2471.0,Bank Transfer,Bilal Khan,Depot - Lahore,Delivered,7.0
ORD100409,2024-06-23,CUST3296,Islamabad,Federal,Marble,Black Galaxy,Polished,20,39.3,160.97,0.0,6326.12,Credit (30 days),Ahmed Raza,Depot - Lahore,Delivered,4.0
ORD104923,2024-06-25,CUST1479,Rawalpindi,Punjab,Tile,Indus Green,Polished,22,59.9,86.15,0.0,5160.38,Bank Transfer,Zain Abbas,Depot - Karachi,Pending,11.0
ORD100555,2025-07-28,CUST3196,Quetta,Balochistan,Tile,Botticino Beige,Polished,16,215.9,116.01,10.0,22541.9,Bank Transfer,Tariq Mehmood,Depot - Multan,Delivered,7.0
ORD104945,2025-11-12,CUST2387,Mianwali,Punjab,Granite,Sunny Grey,Polished,18,31.9,319.25,0.0,10184.07,Bank Transfer,Ahmed Raza,Depot - Multan,Cancelled,5.0
ORD100256,2024-02-09,CUST1188,Faisalabad,Punjab,Marble,Sunny Grey,Polished,30,25.3,225.31,10.0,5130.31,Bank Transfer,Zain Abbas,Main Yard - Chiniot,Cancelled,5.0
ORD100466,2025-01-18,CUST1592,Quetta,Balochistan,Marble,Chaghi Golden,Leather,20,33.4,167.65,0.0,5599.51,Bank Transfer,Bilal Khan,Depot - Multan,Delivered,9.0
ORD103316,2024-04-05,CUST2538,Mianwali,Punjab,Marble,Buff Marble,Leather,22,175.6,174.27,0.0,30601.81,Credit (30 days),Tariq Mehmood,Main Yard - Chiniot,Pending,6.0
ORD100619,2025-03-07,CUST1553,Lahore,Punjab,Marble,Buff Marble,Bush Hammered,16,78.8,182.9,0.0,14412.52,Cash,Tariq Mehmood,Main Yard - Chiniot,In Transit,7.0
ORD104552,2024-12-13,CUST3113,Peshawar,KPK,Onyx,Multi Red,Flamed,30,45.3,384.47,0.0,17416.49,Cheque,Zain Abbas,Main Yard - Chiniot,Pending,5.0
ORD104921,2025-10-18,CUST2175,Mianwali,Punjab,Marble,Chaghi Golden,Honed,30,459.2,163.14,0.0,74913.89,Cheque,Hamza Sheikh,Depot - Karachi,Cancelled,6.0
ORD100084,2024-04-26,CUST2540,Sialkot,Punjab,Marble,Emperador Brown,Polished,22,167.9,161.97,10.0,24475.29,Credit (30 days),Hamza Sheikh,Depot - Multan,Cancelled,4.0
ORD100002,2024-06-15,CUST2579,Karachi,Sindh,Marble,Multi Red,Bush Hammered,18,87.0,163.78,0.0,14248.86,Bank Transfer,Zain Abbas,Depot - Multan,Delivered,8.0
ORD104849,2024-11-05,CUST3478,Rawalpindi,Punjab,Marble,Buff Marble,Polished,16,50.7,172.89,0.0,8765.52,Credit (30 days),Bilal Khan,Depot - Lahore,Pending,8.0
ORD100903,2025-09-01,CUST3375,Chiniot,Punjab,Marble,Chiniot Black,Polished,20,183.1,206.31,15.0,32109.06,Bank Transfer,Ahmed Raza,Depot - Multan,In Transit,9.0
ORD101054,2025-05-17,CUST1654,Multan,Punjab,Marble,Botticino Beige,Polished,18,143.9,161.38,0.0,23222.58,Cash,Usman Tariq,Main Yard - Chiniot,Delivered,4.0
ORD103537,2024-03-26,CUST2277,Peshawar,KPK,Marble,Multi Red,Honed,16,128.4,208.4,5.0,25420.63,Cheque,Usman Tariq,Main Yard - Chiniot,Delivered,5.0
ORD102201,2024-10-02,CUST2578,Mianwali,Punjab,Granite,Indus Green,Polished,18,112.2,318.01,0.0,35680.72,Cash,Usman Tariq,Main Yard - Chiniot,Pending,8.0
ORD100078,2024-10-19,CUST3466,Mianwali,Punjab,Marble,Indus Green,Flamed,18,213.7,175.94,0.0,37598.38,Cash,Hamza Sheikh,Depot - Karachi,Pending,4.0
ORD102347,2024-11-03,CUST1171,Islamabad,Federal,Marble,Buff Marble,Polished,20,142.6,214.18,0.0,30542.07,Bank Transfer,Bilal Khan,Depot - Multan,Pending,9.0
ORD103393,2025-03-01,CUST2577,Quetta,Balochistan,Onyx,Indus Green,Leather,22,153.2,415.08,0.0,63590.26,Cash,Usman Tariq,Depot - Karachi,Delivered,6.0
ORD102400,2025-04-19,CUST1016,Multan,Punjab,Marble,Rangeela Marble,Honed,18,128.4,194.51,0.0,24975.08,Credit (30 days),Hamza Sheikh,Main Yard - Chiniot,Cancelled,4.0
ORD103027,2024-02-10,CUST2932,Karachi,Sindh,Marble,Chiniot Black,Honed,30,84.9,152.53,0.0,12949.8,Cash,Tariq Mehmood,Depot - Multan,Pending,7.0
ORD102086,2025-09-07,CUST1957,Peshawar,KPK,Granite,Ziarat White,Polished,30,161.7,263.0,5.0,40400.74,Cheque,Tariq Mehmood,Depot - Lahore,Delivered,3.0
ORD101302,2024-04-05,CUST2712,Sialkot,Punjab,Tile,Black Galaxy,Polished,22,85.5,108.31,0.0,9260.51,Cash,Saad Iqbal,Main Yard - Chiniot,In Transit,13.0
ORD101577,2024-10-07,CUST2982,Gujranwala,Punjab,Tile,Teri White,Polished,22,234.1,92.51,0.0,21656.59,Cash,Zain Abbas,Depot - Karachi,Delivered,10.0
ORD101742,2025-03-22,CUST3355,Sialkot,Punjab,Marble,Black Galaxy,Leather,30,58.8,182.19,15.0,9105.86,Cheque,Fahad Malik,Main Yard - Chiniot,In Transit,6.0
ORD101122,2024-11-01,CUST3120,Lahore,Punjab,Marble,Chaghi Golden,Honed,22,28.0,202.08,0.0,5658.24,Cash,Fahad Malik,Depot - Karachi,Cancelled,11.0
ORD103427,2025-06-14,CUST2260,Multan,Punjab,Marble,Sunny Grey,Polished,16,58.9,153.48,15.0,7683.98,Cash,Fahad Malik,Depot - Karachi,Cancelled,10.0
ORD103075,2024-08-26,CUST3492,Chiniot,Punjab,Marble,Buff Marble,Flamed,20,34.2,195.65,10.0,6022.11,Cash,Ahmed Raza,Main Yard - Chiniot,Delivered,7.0
ORD103293,2024-06-02,CUST1378,Gujranwala,Punjab,Marble,Emperador Brown,Leather,20,332.5,169.27,0.0,56282.28,Bank Transfer,Tariq Mehmood,Depot - Karachi,Cancelled,8.0
ORD104155,2024-04-02,CUST2193,Sialkot,Punjab,Marble,Chaghi Golden,Polished,20,330.0,182.37,0.0,60182.1,Cheque,Bilal Khan,Main Yard - Chiniot,Delivered,9.0
ORD102457,2024-07-28,CUST1330,Chiniot,Punjab,Tile,Black Galaxy,Leather,16,64.6,104.96,0.0,6780.42,Cash,Hamza Sheikh,Depot - Multan,Pending,11.0
ORD104397,2025-04-25,CUST2826,Gujranwala,Punjab,Tile,Chiniot Black,Polished,20,89.7,103.29,0.0,9265.11,Cheque,Saad Iqbal,Depot - Multan,Cancelled,8.0
ORD100471,2024-11-04,CUST1894,Sialkot,Punjab,Granite,Chaghi Golden,Polished,22,89.7,306.03,0.0,27450.89,Cash,Saad Iqbal,Depot - Lahore,In Transit,3.0
ORD104474,2024-02-02,CUST3291,Karachi,Sindh,Marble,Multi Red,Leather,20,83.6,211.93,0.0,17717.35,Cash,Saad Iqbal,Depot - Karachi,Delivered,5.0
ORD102097,2025-07-12,CUST2336,Lahore,Punjab,Tile,Indus Green,Honed,30,41.9,89.24,0.0,3739.16,Credit (30 days),Bilal Khan,Depot - Lahore,Delivered,5.0
ORD101851,2025-06-06,CUST1562,Lahore,Punjab,Onyx,Ziarat White,Polished,18,130.3,353.59,0.0,46072.78,Bank Transfer,Ahmed Raza,Depot - Lahore,Cancelled,7.0
ORD104912,2024-01-25,CUST1905,Quetta,Balochistan,Tile,Ziarat White,Polished,20,112.0,78.41,0.0,8781.92,Cash,Hamza Sheikh,Depot - Karachi,In Transit,6.0
ORD100949,2024-08-23,CUST3463,Faisalabad,Punjab,Marble,Chaghi Golden,Polished,22,65.6,138.84,10.0,8197.11,Cheque,Tariq Mehmood,Depot - Karachi,Cancelled,7.0
ORD103067,2024-12-29,CUST2133,Karachi,Sindh,Marble,Teri White,Leather,30,154.8,193.88,15.0,25510.73,Cash,Ahmed Raza,Main Yard - Chiniot,Pending,5.0
ORD104411,2024-06-22,CUST1800,Faisalabad,Punjab,Tile,Botticino Beige,Bush Hammered,18,286.5,64.22,5.0,17479.08,Credit (30 days),Zain Abbas,Depot - Lahore,Delivered,8.0
ORD101683,2025-05-21,CUST2962,Quetta,Balochistan,Marble,Multi Red,Polished,22,203.2,234.26,0.0,47601.63,Cash,Ahmed Raza,Depot - Karachi,In Transit,7.0
ORD100119,2024-10-16,CUST2648,Multan,Punjab,Marble,Emperador Brown,Honed,16,59.3,167.53,0.0,9934.53,Cash,Usman Tariq,Depot - Karachi,Delivered,8.0
ORD100420,2025-04-16,CUST2414,Mianwali,Punjab,Granite,Chaghi Golden,Flamed,22,54.0,281.32,15.0,12912.59,Credit (30 days),Hamza Sheikh,Depot - Lahore,Delivered,13.0
ORD104915,2024-12-28,CUST1513,Mianwali,Punjab,Marble,Sunny Grey,Polished,30,74.5,254.86,15.0,16139.01,Cash,Ahmed Raza,Depot - Karachi,In Transit,5.0
ORD101447,2024-08-30,CUST3420,Faisalabad,Punjab,Granite,Chiniot Black,Polished,18,136.7,239.15,0.0,32691.8,Cash,Tariq Mehmood,Main Yard - Chiniot,Delivered,10.0
ORD103818,2025-04-30,CUST3188,Sialkot,Punjab,Onyx,Emperador Brown,Polished,22,54.7,480.09,0.0,26260.92,Cheque,Tariq Mehmood,Main Yard - Chiniot,Delivered,7.0
ORD101253,2024-04-01,CUST1024,Multan,Punjab,Granite,Chaghi Golden,Polished,16,117.6,285.28,0.0,33548.93,Cash,Tariq Mehmood,Depot - Lahore,Cancelled,11.0
ORD102089,2025-04-05,CUST2746,Islamabad,Federal,Marble,Sunny Grey,Leather,30,35.0,239.29,0.0,8375.15,Cash,Bilal Khan,Depot - Karachi,Delivered,6.0
ORD101339,2024-09-02,CUST3218,Quetta,Balochistan,Marble,Chiniot Black,Polished,30,249.3,192.18,0.0,47910.47,Cheque,Usman Tariq,Depot - Lahore,Delivered,7.0
ORD102924,2025-09-20,CUST3049,Chiniot,Punjab,Onyx,Rangeela Marble,Flamed,30,325.5,599.68,0.0,195195.84,Cash,Zain Abbas,Depot - Lahore,Delivered,10.0
ORD100648,2025-05-01,CUST1674,Mianwali,Punjab,Marble,Ziarat White,Polished,30,190.8,251.62,0.0,48009.1,Credit (30 days),Fahad Malik,Depot - Karachi,Delivered,5.0
ORD104129,2024-08-20,CUST2632,Quetta,Balochistan,Marble,Ziarat White,Bush Hammered,16,129.8,147.34,10.0,17212.26,Cheque,Saad Iqbal,Depot - Karachi,Pending,6.0
ORD104660,2024-08-15,CUST2534,Faisalabad,Punjab,Marble,Ziarat White,Honed,18,68.5,202.3,5.0,13164.67,Cheque,Hamza Sheikh,Main Yard - Chiniot,In Transit,10.0
ORD103327,2025-09-08,CUST2769,Quetta,Balochistan,Granite,Sunny Grey,Honed,22,307.4,256.84,0.0,78952.62,Bank Transfer,Fahad Malik,Depot - Lahore,Delivered,10.0
ORD103868,2024-02-04,CUST2269,Peshawar,KPK,Granite,Indus Green,Polished,16,98.4,208.09,0.0,20476.06,Cash,Saad Iqbal,Main Yard - Chiniot,Delivered,6.0
ORD100591,2025-01-06,CUST3105,Mianwali,Punjab,Tile,Rangeela Marble,Leather,22,75.4,92.39,0.0,6966.21,Cash,Usman Tariq,Depot - Multan,Pending,9.0
ORD103323,2025-09-06,CUST1810,Gujranwala,Punjab,Marble,Rangeela Marble,Polished,18,200.8,177.27,0.0,35595.82,Bank Transfer,Fahad Malik,Depot - Multan,Delivered,7.0
ORD104490,2024-12-21,CUST3255,Quetta,Balochistan,Marble,Ziarat White,Polished,20,72.2,173.9,15.0,10672.24,Cash,Fahad Malik,Depot - Multan,Delivered,8.0
ORD102164,2024-09-19,CUST2565,Multan,Punjab,Tile,Rangeela Marble,Leather,20,29.4,82.32,5.0,2299.2,Cash,Ahmed Raza,Depot - Multan,Delivered,6.0
ORD104725,2024-07-23,CUST2611,Quetta,Balochistan,Marble,Chaghi Golden,Polished,18,21.1,148.1,0.0,3124.91,Credit (30 days),Fahad Malik,Main Yard - Chiniot,Delivered,14.0
ORD103287,2025-05-02,CUST2341,Multan,Punjab,Granite,Ziarat White,Polished,22,60.9,246.5,0.0,15011.85,Cheque,Hamza Sheikh,Main Yard - Chiniot,Delivered,11.0
ORD104493,2024-12-10,CUST3422,Peshawar,KPK,Marble,Chiniot Black,Leather,16,122.0,172.81,0.0,21082.82,Cash,Tariq Mehmood,Depot - Lahore,In Transit,3.0
ORD100840,2025-06-09,CUST1154,Lahore,Punjab,Marble,Indus Green,Leather,16,123.9,196.71,15.0,20716.51,Cash,Ahmed Raza,Depot - Karachi,Delivered,8.0
ORD104958,2025-09-19,CUST2313,Chiniot,Punjab,Marble,Chaghi Golden,Honed,22,93.5,182.56,5.0,16215.89,Bank Transfer,Fahad Malik,Main Yard - Chiniot,In Transit,12.0
ORD100245,2024-09-29,CUST1486,Islamabad,Federal,Marble,Chaghi Golden,Flamed,20,173.5,185.38,5.0,30555.26,Cash,Fahad Malik,Depot - Karachi,Pending,7.0
ORD100594,2025-06-25,CUST2176,Gujranwala,Punjab,Granite,Sunny Grey,Polished,22,84.7,189.09,10.0,14414.33,Cash,Bilal Khan,Main Yard - Chiniot,Cancelled,10.0
ORD104073,2024-10-23,CUST1821,Gujranwala,Punjab,Granite,Indus Green,Leather,22,263.7,351.04,15.0,78683.86,Credit (30 days),Fahad Malik,Depot - Multan,Pending,9.0
ORD100626,2025-06-25,CUST2863,Gujranwala,Punjab,Marble,Botticino Beige,Bush Hammered,20,52.4,146.12,0.0,7656.69,Cash,Zain Abbas,Main Yard - Chiniot,Pending,10.0
ORD104670,2025-07-22,CUST3098,Gujranwala,Punjab,Marble,Black Galaxy,Honed,18,97.1,140.85,0.0,13676.53,Cash,Usman Tariq,Depot - Multan,Pending,5.0
ORD101295,2024-04-14,CUST2443,Faisalabad,Punjab,Marble,Buff Marble,Polished,30,40.6,167.12,0.0,6785.07,Cash,Hamza Sheikh,Depot - Multan,Cancelled,6.0
ORD100390,2025-10-24,CUST3071,Multan,Punjab,Marble,Black Galaxy,Polished,16,33.4,161.92,0.0,5408.13,Cash,Saad Iqbal,Depot - Multan,Pending,5.0
ORD101199,2025-01-20,CUST3068,Peshawar,KPK,Marble,Botticino Beige,Honed,22,20.0,175.53,15.0,2984.01,Credit (30 days),Saad Iqbal,Main Yard - Chiniot,Delivered,11.0
ORD102361,2024-06-28,CUST3043,Rawalpindi,Punjab,Tile,Black Galaxy,Polished,30,100.6,91.28,0.0,9182.77,Credit (30 days),Usman Tariq,Depot - Multan,Delivered,4.0
ORD100706,2024-07-24,CUST2081,Peshawar,KPK,Marble,Indus Green,Flamed,22,104.3,196.48,0.0,20492.86,Bank Transfer,Ahmed Raza,Depot - Karachi,Delivered,5.0
ORD102749,2024-10-09,CUST2094,Peshawar,KPK,Marble,Buff Marble,Leather,16,170.9,185.81,0.0,31754.93,Cheque,Hamza Sheikh,Depot - Lahore,Pending,6.0
ORD103898,2025-08-23,CUST1523,Gujranwala,Punjab,Marble,Multi Red,Polished,20,28.7,160.04,0.0,4593.15,Bank Transfer,Usman Tariq,Depot - Multan,Delivered,8.0
ORD103355,2025-01-02,CUST3092,Mianwali,Punjab,Marble,Chiniot Black,Polished,16,54.6,170.93,0.0,9332.78,Bank Transfer,Saad Iqbal,Depot - Multan,Delivered,9.0
ORD103284,2024-01-03,CUST2721,Mianwali,Punjab,Marble,Rangeela Marble,Honed,22,139.9,236.55,15.0,28129.34,Cheque,Ahmed Raza,Depot - Multan,Delivered,10.0
ORD104014,2025-01-06,CUST1878,Rawalpindi,Punjab,Marble,Multi Red,Honed,22,65.2,204.56,0.0,13337.31,Cash,Fahad Malik,Depot - Karachi,Delivered,4.0
ORD102416,2025-11-05,CUST3028,Lahore,Punjab,Marble,Multi Red,Leather,16,187.2,191.26,15.0,30433.29,Cheque,Bilal Khan,Depot - Lahore,Pending,7.0
ORD103424,2024-11-22,CUST2110,Karachi,Sindh,Onyx,Chaghi Golden,Polished,16,220.9,483.13,0.0,106723.42,Bank Transfer,Bilal Khan,Depot - Karachi,Delivered,5.0
ORD102473,2025-06-16,CUST3317,Sialkot,Punjab,Marble,Buff Marble,Leather,30,118.4,192.22,0.0,22758.85,Cash,Fahad Malik,Depot - Multan,Cancelled,7.0
ORD100527,2024-08-10,CUST1912,Gujranwala,Punjab,Tile,Botticino Beige,Polished,30,66.3,100.9,0.0,6689.67,Cash,Fahad Malik,Depot - Multan,Delivered,12.0
ORD104519,2024-09-06,CUST1089,Islamabad,Federal,Granite,Botticino Beige,Polished,22,322.8,268.53,0.0,86681.48,Cheque,Fahad Malik,Main Yard - Chiniot,In Transit,6.0
ORD104929,2024-12-15,CUST1232,Islamabad,Federal,Tile,Botticino Beige,Leather,30,140.1,96.15,10.0,12123.55,Cash,Saad Iqbal,Depot - Multan,Delivered,5.0
ORD104597,2024-04-08,CUST3416,Lahore,Punjab,Marble,Botticino Beige,Bush Hammered,20,62.7,197.51,0.0,12383.88,Credit (30 days),Usman Tariq,Main Yard - Chiniot,Delivered,7.0
ORD100423,2024-08-21,CUST1154,Rawalpindi,Punjab,Marble,Ziarat White,Honed,16,96.1,141.68,0.0,13615.45,Credit (30 days),Zain Abbas,Main Yard - Chiniot,Delivered,10.0
ORD103408,2024-09-15,CUST1693,Chiniot,Punjab,Onyx,Sunny Grey,Polished,30,356.8,509.33,10.0,163556.05,Bank Transfer,Bilal Khan,Depot - Karachi,Delivered,6.0
ORD100877,2025-07-22,CUST2257,Islamabad,Federal,Marble,Chaghi Golden,Honed,20,35.9,221.4,0.0,7948.26,Credit (30 days),Zain Abbas,Depot - Karachi,In Transit,4.0
ORD104341,2025-02-22,CUST1410,Lahore,Punjab,Granite,Chaghi Golden,Polished,18,149.7,269.39,5.0,38311.3,Bank Transfer,Tariq Mehmood,Depot - Lahore,Delivered,7.0
ORD102158,2025-03-12,CUST2419,Faisalabad,Punjab,Tile,Black Galaxy,Honed,16,95.0,89.04,15.0,7189.98,Bank Transfer,Tariq Mehmood,Depot - Multan,Delivered,10.0
ORD100623,2024-04-04,CUST1764,Lahore,Punjab,Marble,Sunny Grey,Polished,16,80.3,200.49,5.0,15294.38,Bank Transfer,Zain Abbas,Depot - Lahore,Delivered,5.0
ORD101729,2025-02-22,CUST2067,Mianwali,Punjab,Marble,Emperador Brown,Polished,30,34.2,184.79,0.0,6319.82,Credit (30 days),Hamza Sheikh,Main Yard - Chiniot,Pending,9.0
ORD104729,2025-10-07,CUST1325,Lahore,Punjab,Granite,Buff Marble,Bush Hammered,16,128.7,222.3,0.0,28610.01,Cheque,Tariq Mehmood,Main Yard - Chiniot,Cancelled,6.0
ORD101463,2024-05-08,CUST2901,Multan,Punjab,Marble,Botticino Beige,Polished,16,20.0,174.7,0.0,3494.0,Cash,Saad Iqbal,Depot - Multan,In Transit,8.0
ORD103709,2025-01-05,CUST2243,Rawalpindi,Punjab,Tile,Chiniot Black,Polished,18,64.6,75.71,0.0,4890.87,Credit (30 days),Saad Iqbal,Depot - Multan,Delivered,7.0
ORD102262,2024-11-06,CUST2325,Islamabad,Federal,Granite,Chiniot Black,Honed,20,57.9,301.04,0.0,17430.22,Bank Transfer,Hamza Sheikh,Depot - Lahore,Pending,10.0
ORD101667,2024-03-12,CUST1808,Peshawar,KPK,Marble,Ziarat White,Leather,18,53.6,191.51,0.0,10264.94,Credit (30 days),Fahad Malik,Depot - Lahore,Pending,4.0
ORD102704,2025-09-03,CUST2773,Peshawar,KPK,Onyx,Buff Marble,Polished,30,174.3,451.42,0.0,78682.51,Cash,Saad Iqbal,Depot - Karachi,Pending,9.0
ORD101439,2024-04-27,CUST1213,Rawalpindi,Punjab,Granite,Indus Green,Polished,30,84.0,289.32,0.0,24302.88,Cheque,Fahad Malik,Main Yard - Chiniot,In Transit,6.0
ORD103812,2025-09-16,CUST1023,Gujranwala,Punjab,Tile,Rangeela Marble,Polished,22,74.8,88.13,0.0,6592.12,Cash,Zain Abbas,Main Yard - Chiniot,Cancelled,5.0
ORD101470,2025-06-18,CUST1521,Gujranwala,Punjab,Tile,Botticino Beige,Polished,16,109.4,87.21,0.0,9540.77,Bank Transfer,Fahad Malik,Main Yard - Chiniot,Cancelled,7.0
ORD104452,2025-07-17,CUST1044,Lahore,Punjab,Marble,Sunny Grey,Polished,22,92.7,202.48,0.0,18769.9,Bank Transfer,Saad Iqbal,Depot - Multan,Delivered,6.0
ORD104201,2024-12-01,CUST2203,Karachi,Sindh,Marble,Emperador Brown,Polished,30,20.0,200.84,0.0,4016.8,Cash,Hamza Sheikh,Depot - Multan,Delivered,7.0
ORD104518,2025-10-31,CUST1618,Rawalpindi,Punjab,Granite,Chaghi Golden,Honed,16,221.4,234.34,0.0,51882.88,Cheque,Fahad Malik,Depot - Multan,Delivered,6.0
ORD101000,2025-02-18,CUST3112,Rawalpindi,Punjab,Marble,Black Galaxy,Polished,18,67.3,171.8,0.0,11562.14,Bank Transfer,Bilal Khan,Main Yard - Chiniot,Delivered,6.0
ORD104738,2025-06-04,CUST1445,Rawalpindi,Punjab,Tile,Botticino Beige,Polished,30,59.9,109.43,0.0,6554.86,Cash,Tariq Mehmood,Main Yard - Chiniot,Delivered,7.0
ORD100154,2024-04-20,CUST1602,Multan,Punjab,Granite,Ziarat White,Polished,20,418.2,298.06,0.0,124648.69,Credit (30 days),Bilal Khan,Depot - Lahore,Delivered,8.0
ORD101325,2025-12-10,CUST3417,Multan,Punjab,Marble,Ziarat White,Leather,20,32.2,149.28,15.0,4085.79,Bank Transfer,Saad Iqbal,Depot - Karachi,Delivered,10.0
ORD102247,2025-08-06,CUST2419,Karachi,Sindh,Marble,Buff Marble,Leather,22,26.9,224.33,0.0,6034.48,Credit (30 days),Ahmed Raza,Depot - Multan,Pending,6.0
ORD101843,2024-11-10,CUST2601,Mianwali,Punjab,Onyx,Ziarat White,Polished,16,432.2,445.15,10.0,173154.45,Cash,Fahad Malik,Depot - Multan,Cancelled,6.0
ORD102260,2024-10-14,CUST1367,Chiniot,Punjab,Onyx,Buff Marble,Flamed,16,20.0,481.36,0.0,9627.2,Credit (30 days),Usman Tariq,Depot - Karachi,Delivered,8.0
ORD101435,2024-12-04,CUST2706,Karachi,Sindh,Granite,Emperador Brown,Polished,18,49.6,193.01,0.0,9573.3,Cheque,Ahmed Raza,Depot - Karachi,Cancelled,3.0
ORD104622,2024-04-09,CUST3386,Sialkot,Punjab,Marble,Teri White,Bush Hammered,20,161.5,180.98,0.0,29228.27,Cash,Fahad Malik,Main Yard - Chiniot,Cancelled,2.0
ORD102818,2024-12-28,CUST3274,Sialkot,Punjab,Marble,Ziarat White,Polished,16,129.7,178.13,0.0,23103.46,Cheque,Saad Iqbal,Depot - Karachi,Cancelled,5.0
ORD104906,2025-07-06,CUST2900,Chiniot,Punjab,Tile,Multi Red,Polished,20,100.6,94.04,0.0,9460.42,Credit (30 days),Ahmed Raza,Main Yard - Chiniot,In Transit,5.0
ORD104298,2025-01-08,CUST2622,Quetta,Balochistan,Granite,Chaghi Golden,Polished,20,114.0,248.33,5.0,26894.14,Credit (30 days),Saad Iqbal,Depot - Lahore,Pending,8.0
ORD103095,2025-10-01,CUST2874,Multan,Punjab,Marble,Botticino Beige,Flamed,30,57.8,164.27,0.0,9494.81,Bank Transfer,Fahad Malik,Depot - Multan,Delivered,11.0
ORD100052,2024-04-07,CUST1758,Quetta,Balochistan,Tile,Teri White,Polished,22,340.2,102.24,0.0,34782.05,Bank Transfer,Hamza Sheikh,Depot - Lahore,Cancelled,5.0
ORD101855,2024-01-28,CUST1041,Islamabad,Federal,Onyx,Multi Red,Leather,30,20.0,382.42,0.0,7648.4,Bank Transfer,Hamza Sheikh,Main Yard - Chiniot,Delivered,7.0
ORD102323,2024-08-15,CUST3496,Chiniot,Punjab,Granite,Emperador Brown,Flamed,16,60.5,276.43,0.0,16724.02,Cash,Ahmed Raza,Main Yard - Chiniot,Delivered,7.0
ORD103261,2024-09-24,CUST1490,Gujranwala,Punjab,Granite,Sunny Grey,Polished,18,40.1,275.02,0.0,11028.3,Bank Transfer,Ahmed Raza,Main Yard - Chiniot,Delivered,7.0
ORD100233,2025-05-16,CUST1596,Sialkot,Punjab,Marble,Rangeela Marble,Polished,20,112.6,163.51,0.0,18411.23,Bank Transfer,Hamza Sheikh,Depot - Multan,Cancelled,7.0
ORD104384,2024-10-10,CUST2514,Rawalpindi,Punjab,Tile,Chaghi Golden,Polished,16,225.9,90.43,0.0,20428.14,Bank Transfer,Bilal Khan,Depot - Karachi,Pending,8.0
ORD104027,2024-02-12,CUST3435,Sialkot,Punjab,Granite,Chaghi Golden,Polished,30,88.1,266.28,0.0,23459.27,Bank Transfer,Ahmed Raza,Main Yard - Chiniot,In Transit,8.0
ORD101873,2025-01-01,CUST1674,Gujranwala,Punjab,Tile,Rangeela Marble,Polished,22,178.4,118.61,0.0,21160.02,Cash,Zain Abbas,Depot - Lahore,Delivered,16.0
ORD103735,2025-11-23,CUST3043,Sialkot,Punjab,Marble,Botticino Beige,Flamed,20,20.0,187.1,0.0,3742.0,Cash,Fahad Malik,Depot - Karachi,Delivered,12.0
ORD101879,2024-06-08,CUST1187,Faisalabad,Punjab,Granite,Chaghi Golden,Honed,18,265.9,268.71,0.0,71449.99,Bank Transfer,Bilal Khan,Main Yard - Chiniot,Pending,3.0
ORD100405,2024-03-17,CUST2017,Rawalpindi,Punjab,Marble,Black Galaxy,Polished,30,113.2,259.09,0.0,29328.99,Credit (30 days),Usman Tariq,Depot - Karachi,Pending,5.0
ORD103802,2024-10-10,CUST2328,Peshawar,KPK,Granite,Chiniot Black,Honed,16,69.4,245.34,0.0,17026.6,Cash,Saad Iqbal,Depot - Lahore,Delivered,7.0
ORD101207,2025-06-24,CUST2729,Chiniot,Punjab,Tile,Chiniot Black,Polished,20,58.3,113.45,0.0,6614.14,Bank Transfer,Bilal Khan,Depot - Multan,Delivered,6.0
ORD104531,2024-01-07,CUST2612,Multan,Punjab,Marble,Buff Marble,Honed,22,110.8,131.29,5.0,13819.59,Bank Transfer,Usman Tariq,Depot - Karachi,Delivered,6.0
ORD103213,2024-02-17,CUST2336,Faisalabad,Punjab,Granite,Botticino Beige,Polished,20,120.0,286.61,10.0,30953.88,Credit (30 days),Fahad Malik,Depot - Karachi,Cancelled,10.0
ORD100277,2025-07-04,CUST3305,Chiniot,Punjab,Tile,Chiniot Black,Polished,18,143.7,90.53,0.0,13009.16,Cheque,Ahmed Raza,Main Yard - Chiniot,Pending,6.0
ORD102212,2025-08-26,CUST2108,Mianwali,Punjab,Marble,Multi Red,Flamed,22,147.5,147.98,5.0,20735.7,Credit (30 days),Bilal Khan,Depot - Multan,Delivered,8.0
ORD101176,2025-04-08,CUST2890,Karachi,Sindh,Marble,Buff Marble,Honed,22,129.4,191.57,0.0,24789.16,Credit (30 days),Zain Abbas,Depot - Multan,Delivered,10.0
ORD100107,2025-02-20,CUST2958,Islamabad,Federal,Marble,Botticino Beige,Leather,18,137.3,173.64,0.0,23840.77,Bank Transfer,Hamza Sheikh,Depot - Multan,Delivered,6.0
ORD100307,2024-04-27,CUST2991,Mianwali,Punjab,Marble,Multi Red,Leather,22,70.4,202.54,0.0,14258.82,Cheque,Ahmed Raza,Main Yard - Chiniot,Delivered,7.0
ORD102535,2024-03-23,CUST3112,Chiniot,Punjab,Marble,Botticino Beige,Flamed,30,118.9,222.13,0.0,26411.26,Bank Transfer,Saad Iqbal,Main Yard - Chiniot,In Transit,9.0
ORD101944,2024-03-29,CUST2293,Lahore,Punjab,Marble,Chiniot Black,Honed,30,138.2,268.19,0.0,37063.86,Bank Transfer,Usman Tariq,Main Yard - Chiniot,In Transit,7.0
ORD104205,2025-08-30,CUST3367,Faisalabad,Punjab,Marble,Black Galaxy,Honed,20,78.5,228.87,5.0,17067.98,Credit (30 days),Ahmed Raza,Depot - Karachi,Delivered,4.0
ORD103174,2025-07-12,CUST1424,Gujranwala,Punjab,Marble,Indus Green,Polished,16,77.1,176.5,0.0,13608.15,Cash,Fahad Malik,Depot - Multan,Delivered,8.0
ORD104978,2025-12-01,CUST1480,Karachi,Sindh,Granite,Ziarat White,Honed,16,91.4,312.41,0.0,28554.27,Cheque,Zain Abbas,Depot - Karachi,Delivered,8.0
ORD100556,2025-12-16,CUST1987,Chiniot,Punjab,Marble,Chaghi Golden,Polished,30,60.6,165.74,10.0,9039.46,Cash,Fahad Malik,Depot - Lahore,Delivered,9.0
ORD102044,2025-02-25,CUST1922,Karachi,Sindh,Onyx,Buff Marble,Polished,22,36.5,472.76,0.0,17255.74,Credit (30 days),Saad Iqbal,Depot - Multan,Delivered,8.0
ORD101278,2024-02-18,CUST1449,Mianwali,Punjab,Onyx,Black Galaxy,Polished,18,66.7,430.98,0.0,28746.37,Bank Transfer,Zain Abbas,Depot - Karachi,Delivered,14.0
ORD104574,2024-11-20,CUST2917,Lahore,Punjab,Marble,Black Galaxy,Flamed,18,166.6,122.15,0.0,20350.19,Bank Transfer,Fahad Malik,Main Yard - Chiniot,Delivered,5.0
ORD100323,2025-01-13,CUST1838,Lahore,Punjab,Marble,Chiniot Black,Flamed,22,28.7,194.13,0.0,5571.53,Cash,Saad Iqbal,Depot - Karachi,Delivered,5.0
ORD104665,2025-10-22,CUST2465,Lahore,Punjab,Marble,Teri White,Polished,16,122.2,169.89,5.0,19722.53,Bank Transfer,Hamza Sheikh,Depot - Karachi,Delivered,5.0
ORD104128,2025-12-01,CUST2267,Karachi,Sindh,Granite,Indus Green,Honed,22,42.4,278.48,0.0,11807.55,Cash,Hamza Sheikh,Depot - Karachi,Pending,6.0
ORD102613,2024-09-23,CUST2099,Multan,Punjab,Granite,Chiniot Black,Leather,16,234.3,260.7,0.0,61082.01,Credit (30 days),Saad Iqbal,Main Yard - Chiniot,In Transit,8.0
ORD104774,2025-11-12,CUST1487,Gujranwala,Punjab,Marble,Indus Green,Polished,16,148.8,171.22,0.0,25477.54,Cash,Hamza Sheikh,Depot - Multan,Pending,4.0
ORD101858,2025-10-03,CUST2136,Peshawar,KPK,Tile,Botticino Beige,Polished,16,279.2,107.26,0.0,29946.99,Bank Transfer,Tariq Mehmood,Depot - Lahore,In Transit,4.0
ORD101494,2024-02-12,CUST2057,Chiniot,Punjab,Marble,Sunny Grey,Polished,20,42.2,161.68,0.0,6822.9,Bank Transfer,Usman Tariq,Main Yard - Chiniot,Delivered,7.0
ORD103030,2024-03-25,CUST2800,Mianwali,Punjab,Marble,Teri White,Honed,16,103.9,182.68,0.0,18980.45,Cash,Fahad Malik,Depot - Lahore,In Transit,7.0
ORD101223,2024-09-08,CUST2532,Chiniot,Punjab,Granite,Ziarat White,Leather,22,308.1,305.59,0.0,94152.28,Cheque,Ahmed Raza,Depot - Karachi,Delivered,8.0
ORD101430,2025-06-05,CUST2008,Rawalpindi,Punjab,Marble,Rangeela Marble,Leather,18,87.5,222.32,0.0,19453.0,Credit (30 days),Bilal Khan,Main Yard - Chiniot,Cancelled,6.0
ORD104141,2025-03-17,CUST1709,Islamabad,Federal,Tile,Ziarat White,Polished,18,192.8,57.84,0.0,11151.55,Bank Transfer,Fahad Malik,Depot - Karachi,Delivered,6.0
ORD104176,2025-12-03,CUST3296,Mianwali,Punjab,Tile,Indus Green,Honed,20,80.4,85.68,0.0,6888.67,Cash,Saad Iqbal,Depot - Multan,Cancelled,7.0
ORD100974,2024-12-20,CUST1228,Faisalabad,Punjab,Marble,Botticino Beige,Honed,22,140.1,143.72,0.0,20135.17,Cash,Zain Abbas,Depot - Multan,In Transit,6.0
ORD101883,2025-07-24,CUST1404,Chiniot,Punjab,Onyx,Ziarat White,Honed,22,265.0,431.55,0.0,114360.75,Cash,Fahad Malik,Depot - Multan,Pending,8.0
ORD101421,2024-05-12,CUST1553,Gujranwala,Punjab,Marble,Rangeela Marble,Leather,20,44.9,118.92,5.0,5072.53,Cheque,Bilal Khan,Main Yard - Chiniot,Delivered,9.0
ORD101915,2024-10-21,CUST1279,Lahore,Punjab,Tile,Sunny Grey,Polished,20,288.2,94.57,0.0,27255.07,Cheque,Tariq Mehmood,Depot - Lahore,Delivered,13.0
ORD103711,2024-11-08,CUST3160,Mianwali,Punjab,Marble,Teri White,Bush Hammered,16,262.1,194.63,5.0,48461.9,Credit (30 days),Tariq Mehmood,Depot - Lahore,Cancelled,6.0
ORD100012,2025-08-31,CUST3006,Islamabad,Federal,Granite,Ziarat White,Polished,22,53.8,272.1,10.0,13175.08,Credit (30 days),Hamza Sheikh,Depot - Lahore,Delivered,8.0
ORD103434,2024-07-07,CUST3263,Lahore,Punjab,Tile,Teri White,Flamed,20,224.7,108.92,0.0,24474.32,Cash,Bilal Khan,Depot - Karachi,Delivered,5.0
ORD104388,2024-07-09,CUST1009,Quetta,Balochistan,Tile,Teri White,Bush Hammered,16,127.7,79.16,0.0,10108.73,Cash,Zain Abbas,Depot - Karachi,Pending,5.0
ORD100482,2024-04-30,CUST3225,Islamabad,Federal,Granite,Sunny Grey,Honed,16,126.5,237.41,0.0,30032.36,Cheque,Zain Abbas,Depot - Lahore,Delivered,4.0
ORD102205,2024-06-05,CUST2341,Quetta,Balochistan,Marble,Indus Green,Polished,22,271.4,220.13,10.0,53768.95,Bank Transfer,Saad Iqbal,Depot - Lahore,Delivered,7.0
ORD101138,2024-10-05,CUST3109,Sialkot,Punjab,Marble,Chiniot Black,Polished,18,304.6,218.3,0.0,66494.18,Credit (30 days),Saad Iqbal,Main Yard - Chiniot,In Transit,10.0
ORD102609,2025-02-26,CUST2521,Islamabad,Federal,Marble,Teri White,Polished,22,125.7,206.16,0.0,25914.31,Cash,Hamza Sheikh,Depot - Multan,In Transit,5.0
ORD101379,2024-01-17,CUST1806,Multan,Punjab,Onyx,Teri White,Honed,16,40.8,513.68,0.0,20958.14,Cash,Ahmed Raza,Depot - Multan,Pending,5.0
ORD101235,2024-04-11,CUST2407,Rawalpindi,Punjab,Marble,Chiniot Black,Polished,20,113.1,132.93,0.0,15034.38,Cash,Hamza Sheikh,Depot - Karachi,Delivered,6.0
ORD103474,2025-10-16,CUST2719,Sialkot,Punjab,Marble,Sunny Grey,Flamed,18,162.8,255.22,0.0,41549.82,Cheque,Saad Iqbal,Depot - Lahore,Cancelled,7.0
ORD103281,2025-09-23,CUST2093,Chiniot,Punjab,Onyx,Rangeela Marble,Leather,30,28.9,331.31,0.0,9574.86,Bank Transfer,Zain Abbas,Depot - Multan,Delivered,12.0
ORD104736,2024-08-16,CUST1395,Rawalpindi,Punjab,Granite,Teri White,Polished,20,54.6,258.87,0.0,14134.3,Cash,Ahmed Raza,Depot - Karachi,Cancelled,6.0
ORD100804,2024-10-02,CUST1575,Karachi,Sindh,Marble,Ziarat White,Leather,18,270.9,144.52,0.0,39150.47,Cheque,Saad Iqbal,Depot - Karachi,Delivered,8.0
ORD103522,2024-02-03,CUST1951,Peshawar,KPK,Onyx,Rangeela Marble,Polished,20,27.1,404.31,0.0,10956.8,Cash,Hamza Sheikh,Depot - Multan,In Transit,7.0
ORD102411,2025-04-07,CUST1249,Karachi,Sindh,Marble,Emperador Brown,Honed,22,400.9,182.52,0.0,73172.27,Cash,Ahmed Raza,Depot - Multan,Delivered,9.0
ORD102501,2024-11-30,CUST1760,Quetta,Balochistan,Marble,Chiniot Black,Polished,20,199.1,218.25,0.0,43453.58,Cash,Zain Abbas,Depot - Karachi,Pending,6.0
ORD101287,2024-11-05,CUST3041,Lahore,Punjab,Tile,Emperador Brown,Leather,20,26.3,107.92,0.0,2838.3,Credit (30 days),Saad Iqbal,Depot - Multan,Pending,3.0
ORD103813,2025-04-27,CUST2935,Lahore,Punjab,Tile,Emperador Brown,Polished,22,323.1,100.87,0.0,32591.1,Cheque,Tariq Mehmood,Depot - Multan,Delivered,9.0
ORD102068,2025-11-29,CUST1359,Gujranwala,Punjab,Onyx,Multi Red,Honed,22,222.2,404.39,0.0,89855.46,Cash,Bilal Khan,Depot - Karachi,Cancelled,7.0
ORD103181,2024-10-17,CUST3440,Mianwali,Punjab,Granite,Black Galaxy,Leather,16,22.2,241.48,0.0,5360.86,Cheque,Ahmed Raza,Depot - Lahore,Delivered,6.0
ORD100895,2024-08-12,CUST2178,Sialkot,Punjab,Onyx,Botticino Beige,Polished,16,129.7,363.07,0.0,47090.18,Cash,Zain Abbas,Depot - Lahore,Pending,8.0
ORD103025,2025-09-03,CUST1784,Chiniot,Punjab,Granite,Botticino Beige,Honed,18,66.8,195.78,0.0,13078.1,Cash,Saad Iqbal,Main Yard - Chiniot,Cancelled,5.0
ORD100195,2024-04-08,CUST1238,Quetta,Balochistan,Marble,Emperador Brown,Flamed,16,200.3,167.44,0.0,33538.23,Cash,Fahad Malik,Depot - Karachi,Delivered,6.0
ORD104368,2025-06-22,CUST2107,Gujranwala,Punjab,Marble,Sunny Grey,Flamed,20,181.0,178.72,0.0,32348.32,Cheque,Zain Abbas,Depot - Multan,Delivered,11.0
ORD104352,2024-04-25,CUST2860,Faisalabad,Punjab,Onyx,Ziarat White,Leather,20,189.6,467.35,0.0,88609.56,Credit (30 days),Saad Iqbal,Depot - Karachi,Delivered,5.0
ORD103470,2024-04-16,CUST2639,Quetta,Balochistan,Onyx,Sunny Grey,Leather,30,138.0,630.79,10.0,78344.12,Cash,Fahad Malik,Depot - Lahore,Delivered,11.0
ORD104748,2025-06-14,CUST2194,Chiniot,Punjab,Marble,Emperador Brown,Honed,18,194.8,135.18,15.0,22383.1,Cash,Saad Iqbal,Main Yard - Chiniot,In Transit,7.0
ORD100701,2024-07-07,CUST3076,Gujranwala,Punjab,Granite,Black Galaxy,Honed,16,35.0,343.22,0.0,12012.7,Cash,Saad Iqbal,Depot - Lahore,Delivered,7.0
ORD100219,2025-01-01,CUST2873,Karachi,Sindh,Marble,Buff Marble,Polished,22,60.5,227.92,5.0,13099.7,Cash,Saad Iqbal,Depot - Karachi,In Transit,7.0
ORD104876,2024-10-03,CUST2476,Chiniot,Punjab,Marble,Chaghi Golden,Flamed,16,115.2,135.14,15.0,13232.91,Credit (30 days),Tariq Mehmood,Main Yard - Chiniot,Delivered,12.0
ORD101736,2024-04-16,CUST2855,Islamabad,Federal,Marble,Buff Marble,Polished,22,53.8,205.89,0.0,11076.88,Cash,Tariq Mehmood,Depot - Multan,Delivered,5.0
ORD102910,2025-01-30,CUST3253,Sialkot,Punjab,Marble,Sunny Grey,Polished,30,90.8,225.32,15.0,17390.2,Cash,Tariq Mehmood,Main Yard - Chiniot,Pending,4.0
ORD104003,2024-08-06,CUST1925,Mianwali,Punjab,Marble,Rangeela Marble,Honed,22,84.7,202.2,0.0,17126.34,Bank Transfer,Usman Tariq,Depot - Multan,In Transit,5.0
ORD101070,2024-08-09,CUST3334,Faisalabad,Punjab,Tile,Buff Marble,Polished,30,96.7,107.39,0.0,10384.61,Cash,Saad Iqbal,Depot - Karachi,Delivered,8.0
ORD100054,2025-01-10,CUST1771,Multan,Punjab,Marble,Botticino Beige,Honed,16,98.0,213.69,0.0,20941.62,Cash,Ahmed Raza,Depot - Multan,Delivered,9.0
ORD100753,2024-02-05,CUST2596,Multan,Punjab,Marble,Chiniot Black,Polished,16,59.7,168.32,0.0,10048.7,Cash,Usman Tariq,Depot - Lahore,Pending,6.0
ORD103335,2024-07-22,CUST1723,Lahore,Punjab,Marble,Chaghi Golden,Polished,16,118.1,223.54,0.0,26400.07,Cash,Fahad Malik,Depot - Multan,Delivered,5.0
ORD102487,2025-03-17,CUST2392,Peshawar,KPK,Marble,Buff Marble,Polished,22,41.5,135.73,0.0,5632.79,Bank Transfer,Hamza Sheikh,Main Yard - Chiniot,In Transit,4.0
ORD101725,2024-05-06,CUST1825,Mianwali,Punjab,Marble,Chiniot Black,Polished,16,203.4,160.25,0.0,32594.85,Cash,Bilal Khan,Depot - Karachi,Delivered,6.0
ORD101721,2024-05-30,CUST1603,Faisalabad,Punjab,Granite,Buff Marble,Polished,18,82.5,228.41,0.0,18843.82,Bank Transfer,Fahad Malik,Depot - Multan,Delivered,9.0
ORD104183,2024-10-21,CUST3156,Karachi,Sindh,Marble,Emperador Brown,Polished,22,103.5,170.24,0.0,17619.84,Credit (30 days),Ahmed Raza,Main Yard - Chiniot,Delivered,5.0
ORD102273,2024-09-29,CUST2972,Karachi,Sindh,Marble,Black Galaxy,Polished,22,242.4,212.33,0.0,51468.79,Cheque,Zain Abbas,Depot - Lahore,Delivered,6.0
ORD100735,2025-08-07,CUST2249,Sialkot,Punjab,Granite,Emperador Brown,Honed,22,50.6,200.01,0.0,10120.51,Bank Transfer,Hamza Sheikh,Main Yard - Chiniot,Cancelled,9.0
ORD104932,2024-07-17,CUST1772,Rawalpindi,Punjab,Marble,Multi Red,Polished,16,191.7,138.4,0.0,26531.28,Cash,Hamza Sheikh,Depot - Lahore,Cancelled,9.0
ORD103681,2025-05-06,CUST2494,Rawalpindi,Punjab,Onyx,Ziarat White,Bush Hammered,20,105.4,401.48,10.0,38084.39,Bank Transfer,Zain Abbas,Depot - Karachi,Cancelled,9.0
ORD101719,2024-08-29,CUST2884,Faisalabad,Punjab,Granite,Black Galaxy,Polished,30,55.2,219.45,0.0,12113.64,Cash,Bilal Khan,Depot - Karachi,In Transit,5.0
ORD102259,2024-08-09,CUST3149,Peshawar,KPK,Onyx,Botticino Beige,Polished,16,82.7,402.26,0.0,33266.9,Credit (30 days),Saad Iqbal,Depot - Multan,In Transit,6.0
ORD104337,2025-07-19,CUST3220,Faisalabad,Punjab,Marble,Indus Green,Polished,16,241.4,183.05,0.0,44188.27,Bank Transfer,Bilal Khan,Depot - Lahore,Delivered,9.0
ORD104189,2024-07-12,CUST2311,Mianwali,Punjab,Granite,Emperador Brown,Flamed,16,92.5,224.52,10.0,18691.29,Cheque,Bilal Khan,Depot - Karachi,Delivered,5.0
ORD102862,2025-03-29,CUST2158,Lahore,Punjab,Marble,Black Galaxy,Polished,18,160.4,174.38,0.0,27970.55,Credit (30 days),Zain Abbas,Depot - Karachi,In Transit,12.0
ORD101481,2024-09-28,CUST2905,Quetta,Balochistan,Granite,Emperador Brown,Polished,18,52.1,296.92,0.0,15469.53,Bank Transfer,Bilal Khan,Depot - Karachi,Cancelled,4.0
ORD101464,2024-06-06,CUST1091,Sialkot,Punjab,Marble,Black Galaxy,Flamed,22,72.0,224.37,5.0,15346.91,Cheque,Zain Abbas,Depot - Karachi,Delivered,4.0
ORD103690,2025-08-30,CUST2580,Peshawar,KPK,Marble,Black Galaxy,Flamed,30,130.8,195.28,15.0,21711.23,Cash,Ahmed Raza,Main Yard - Chiniot,Pending,5.0
ORD101119,2024-03-15,CUST2868,Peshawar,KPK,Tile,Teri White,Leather,18,179.7,90.72,0.0,16302.38,Cash,Ahmed Raza,Depot - Karachi,Pending,5.0
ORD102890,2024-12-05,CUST2506,Lahore,Punjab,Tile,Indus Green,Bush Hammered,20,108.9,77.98,0.0,8492.02,Bank Transfer,Hamza Sheikh,Depot - Karachi,In Transit,4.0
ORD104529,2025-07-02,CUST2222,Mianwali,Punjab,Marble,Teri White,Leather,18,20.0,173.68,0.0,3473.6,Cheque,Ahmed Raza,Depot - Multan,Delivered,6.0
ORD100943,2025-04-07,CUST1012,Peshawar,KPK,Marble,Rangeela Marble,Polished,16,473.8,174.14,5.0,78382.16,Credit (30 days),Tariq Mehmood,Depot - Lahore,Delivered,3.0
ORD102304,2024-02-21,CUST1143,Rawalpindi,Punjab,Marble,Multi Red,Polished,22,253.7,155.31,0.0,39402.15,Bank Transfer,Bilal Khan,Depot - Lahore,Cancelled,8.0
ORD101486,2025-01-21,CUST2394,Peshawar,KPK,Tile,Ziarat White,Leather,18,20.0,83.16,5.0,1580.04,Bank Transfer,Tariq Mehmood,Main Yard - Chiniot,Delivered,5.0
ORD102880,2025-06-25,CUST2399,Lahore,Punjab,Onyx,Botticino Beige,Flamed,18,240.8,418.0,0.0,100654.4,Credit (30 days),Usman Tariq,Depot - Karachi,In Transit,10.0
ORD103938,2024-01-14,CUST2646,Quetta,Balochistan,Marble,Chaghi Golden,Honed,20,81.6,160.36,0.0,13085.38,Credit (30 days),Saad Iqbal,Depot - Multan,Cancelled,7.0
ORD103590,2024-05-09,CUST2738,Mianwali,Punjab,Granite,Chiniot Black,Flamed,20,432.6,216.37,5.0,88921.58,Cash,Hamza Sheikh,Main Yard - Chiniot,Cancelled,5.0
ORD100142,2024-03-24,CUST1278,Rawalpindi,Punjab,Marble,Botticino Beige,Polished,16,25.4,196.14,0.0,4981.96,Cash,Saad Iqbal,Depot - Multan,Delivered,10.0
ORD100221,2025-03-14,CUST2326,Multan,Punjab,Tile,Emperador Brown,Polished,16,21.3,88.71,0.0,1889.52,Bank Transfer,Saad Iqbal,Depot - Karachi,Cancelled,7.0
ORD103555,2025-02-12,CUST2207,Lahore,Punjab,Marble,Black Galaxy,Polished,22,96.8,185.0,0.0,17908.0,Cash,Saad Iqbal,Depot - Multan,In Transit,6.0
ORD101216,2025-12-30,CUST2364,Gujranwala,Punjab,Tile,Rangeela Marble,Honed,18,48.0,76.54,0.0,3673.92,Cheque,Fahad Malik,Main Yard - Chiniot,Cancelled,4.0
ORD100473,2024-10-05,CUST2428,Gujranwala,Punjab,Tile,Chaghi Golden,Bush Hammered,18,47.0,105.77,0.0,4971.19,Cash,Fahad Malik,Depot - Multan,Pending,6.0
ORD101935,2025-12-16,CUST2602,Karachi,Sindh,Marble,Black Galaxy,Polished,16,194.6,199.84,0.0,38888.86,Credit (30 days),Hamza Sheikh,Depot - Lahore,Delivered,4.0
ORD101706,2024-05-17,CUST1180,Gujranwala,Punjab,Marble,Black Galaxy,Flamed,16,201.0,180.06,0.0,36192.06,Credit (30 days),Ahmed Raza,Depot - Multan,Delivered,10.0
ORD103234,2024-02-18,CUST2119,Islamabad,Federal,Granite,Chaghi Golden,Honed,30,105.1,282.38,5.0,28194.23,Credit (30 days),Fahad Malik,Depot - Karachi,Delivered,4.0
ORD101460,2024-05-09,CUST1151,Lahore,Punjab,Marble,Chiniot Black,Polished,18,98.1,144.28,0.0,14153.87,Cash,Usman Tariq,Main Yard - Chiniot,Pending,3.0
ORD103172,2025-08-10,CUST1090,Islamabad,Federal,Granite,Chiniot Black,Polished,20,36.5,278.22,5.0,9647.28,Cash,Hamza Sheikh,Depot - Multan,Delivered,6.0
ORD102390,2025-04-24,CUST1545,Karachi,Sindh,Marble,Teri White,Polished,22,25.5,151.88,0.0,3872.94,Credit (30 days),Usman Tariq,Depot - Karachi,Cancelled,12.0
ORD102641,2025-03-28,CUST1824,Mianwali,Punjab,Marble,Ziarat White,Bush Hammered,22,67.4,133.08,0.0,8969.59,Bank Transfer,Fahad Malik,Depot - Lahore,In Transit,8.0
ORD101658,2025-07-07,CUST1509,Islamabad,Federal,Marble,Multi Red,Honed,22,21.8,162.69,0.0,3546.64,Credit (30 days),Fahad Malik,Depot - Lahore,Pending,6.0
ORD102087,2025-11-06,CUST2204,Karachi,Sindh,Marble,Chiniot Black,Honed,16,144.3,158.5,0.0,22871.55,Cash,Zain Abbas,Depot - Lahore,Delivered,4.0
ORD102232,2025-09-12,CUST1848,Sialkot,Punjab,Granite,Teri White,Flamed,30,71.5,292.35,0.0,20903.03,Cash,Tariq Mehmood,Depot - Multan,Delivered,11.0
ORD103824,2025-09-15,CUST1329,Islamabad,Federal,Granite,Buff Marble,Honed,30,28.4,269.31,10.0,6883.56,Bank Transfer,Usman Tariq,Depot - Multan,Delivered,8.0
ORD101432,2024-08-28,CUST1141,Karachi,Sindh,Onyx,Ziarat White,Polished,16,84.4,382.63,0.0,32293.97,Cash,Hamza Sheikh,Depot - Karachi,Pending,7.0
ORD102714,2025-07-03,CUST1532,Karachi,Sindh,Granite,Ziarat White,Polished,18,20.0,271.15,15.0,4609.55,Bank Transfer,Saad Iqbal,Main Yard - Chiniot,In Transit,7.0
ORD104616,2025-12-11,CUST1041,Gujranwala,Punjab,Granite,Emperador Brown,Polished,22,24.3,282.28,0.0,6859.4,Cash,Usman Tariq,Depot - Lahore,Delivered,4.0
ORD103031,2024-06-05,CUST2361,Gujranwala,Punjab,Onyx,Buff Marble,Flamed,30,107.0,521.7,0.0,55821.9,Bank Transfer,Zain Abbas,Depot - Lahore,Cancelled,8.0
ORD102636,2024-09-17,CUST1794,Mianwali,Punjab,Marble,Rangeela Marble,Polished,18,109.9,174.74,0.0,19203.93,Cash,Hamza Sheikh,Main Yard - Chiniot,Delivered,8.0
ORD101876,2025-07-24,CUST2540,Faisalabad,Punjab,Marble,Chiniot Black,Polished,18,20.6,210.43,0.0,4334.86,Bank Transfer,Tariq Mehmood,Depot - Multan,Delivered,3.0
ORD103549,2025-07-31,CUST3076,Faisalabad,Punjab,Tile,Black Galaxy,Bush Hammered,16,45.3,118.21,10.0,4819.42,Cash,Hamza Sheikh,Main Yard - Chiniot,Delivered,8.0
ORD102938,2024-06-05,CUST2600,Sialkot,Punjab,Marble,Chaghi Golden,Polished,22,194.9,195.72,0.0,38145.83,Cheque,Usman Tariq,Depot - Lahore,Delivered,7.0
ORD101037,2025-03-16,CUST1432,Faisalabad,Punjab,Marble,Indus Green,Polished,18,309.5,160.57,10.0,44726.77,Bank Transfer,Ahmed Raza,Depot - Multan,Delivered,6.0
ORD100789,2025-04-30,CUST3029,Chiniot,Punjab,Tile,Rangeela Marble,Polished,22,206.3,69.4,0.0,14317.22,Cash,Hamza Sheikh,Depot - Multan,Delivered,8.0
ORD100439,2024-10-30,CUST2284,Sialkot,Punjab,Granite,Emperador Brown,Flamed,22,191.0,413.54,0.0,78986.14,Cash,Fahad Malik,Main Yard - Chiniot,Cancelled,6.0
ORD100457,2025-03-09,CUST2706,Lahore,Punjab,Marble,Rangeela Marble,Polished,20,80.3,180.77,10.0,13064.25,Bank Transfer,Bilal Khan,Main Yard - Chiniot,Delivered,13.0
ORD102777,2024-04-07,CUST3434,Sialkot,Punjab,Marble,Ziarat White,Leather,16,443.9,203.36,0.0,90271.5,Bank Transfer,Ahmed Raza,Main Yard - Chiniot,In Transit,7.0
ORD102901,2024-01-22,CUST2449,Gujranwala,Punjab,Onyx,Multi Red,Flamed,20,48.4,482.89,10.0,21034.69,Cash,Usman Tariq,Depot - Lahore,Pending,5.0
ORD102418,2024-05-10,CUST2043,Rawalpindi,Punjab,Tile,Rangeela Marble,Leather,20,67.0,78.25,0.0,5242.75,Bank Transfer,Usman Tariq,Main Yard - Chiniot,Delivered,6.0
ORD103187,2024-10-18,CUST3492,Multan,Punjab,Granite,Black Galaxy,Polished,16,340.0,161.47,0.0,54899.8,Credit (30 days),Usman Tariq,Depot - Lahore,Delivered,8.0
ORD102963,2024-08-22,CUST1089,Peshawar,KPK,Granite,Botticino Beige,Leather,18,140.8,289.99,0.0,40830.59,Cash,Usman Tariq,Depot - Karachi,Delivered,7.0
ORD104097,2024-06-14,CUST1913,Sialkot,Punjab,Marble,Chiniot Black,Polished,30,136.2,231.22,15.0,26768.34,Bank Transfer,Usman Tariq,Depot - Multan,Delivered,9.0
ORD102279,2025-11-16,CUST2820,Chiniot,Punjab,Tile,Teri White,Polished,16,146.3,105.33,0.0,15409.78,Bank Transfer,Ahmed Raza,Depot - Multan,Cancelled,11.0
ORD102531,2024-07-26,CUST2808,Islamabad,Federal,Tile,Ziarat White,Polished,30,113.4,104.95,10.0,10711.2,Cash,Zain Abbas,Depot - Lahore,Delivered,4.0
ORD100028,2024-11-01,CUST1042,Karachi,Sindh,Granite,Teri White,Polished,22,444.4,188.09,0.0,83587.2,Cheque,Bilal Khan,Depot - Karachi,Cancelled,8.0
ORD104980,2024-07-10,CUST1442,Rawalpindi,Punjab,Marble,Chaghi Golden,Polished,30,20.4,197.44,0.0,4027.78,Cash,Ahmed Raza,Depot - Multan,Delivered,13.0
ORD102073,2025-09-11,CUST3463,Sialkot,Punjab,Marble,Teri White,Flamed,18,204.7,188.0,10.0,34635.24,Cheque,Zain Abbas,Main Yard - Chiniot,Delivered,6.0
ORD102514,2025-01-15,CUST2316,Quetta,Balochistan,Marble,Botticino Beige,Flamed,30,113.3,159.52,0.0,18073.62,Cash,Hamza Sheikh,Main Yard - Chiniot,Delivered,10.0
ORD102916,2024-11-10,CUST1736,Lahore,Punjab,Granite,Black Galaxy,Polished,20,24.7,265.07,0.0,6547.23,Bank Transfer,Usman Tariq,Depot - Karachi,Delivered,5.0
ORD103354,2024-08-12,CUST1351,Lahore,Punjab,Tile,Ziarat White,Polished,16,41.8,104.01,0.0,4347.62,Cheque,Fahad Malik,Depot - Lahore,Pending,5.0
ORD103091,2025-05-11,CUST1407,Quetta,Balochistan,Granite,Ziarat White,Bush Hammered,22,248.1,302.53,10.0,67551.92,Bank Transfer,Bilal Khan,Main Yard - Chiniot,In Transit,7.0
ORD102354,2025-07-03,CUST3185,Gujranwala,Punjab,Granite,Teri White,Polished,22,20.0,295.22,5.0,5609.18,Bank Transfer,Tariq Mehmood,Main Yard - Chiniot,Pending,4.0
ORD101434,2024-01-24,CUST2544,Chiniot,Punjab,Tile,Botticino Beige,Leather,18,20.0,92.9,5.0,1765.1,Cheque,Zain Abbas,Depot - Lahore,Pending,6.0
ORD103884,2024-02-17,CUST1172,Sialkot,Punjab,Onyx,Buff Marble,Polished,22,94.8,300.27,0.0,28465.6,Bank Transfer,Ahmed Raza,Depot - Karachi,Delivered,6.0
ORD102527,2024-10-11,CUST3191,Islamabad,Federal,Granite,Emperador Brown,Honed,20,125.6,233.6,0.0,29340.16,Bank Transfer,Fahad Malik,Depot - Lahore,Delivered,6.0
ORD100906,2025-11-29,CUST3194,Chiniot,Punjab,Marble,Chiniot Black,Leather,16,141.7,177.01,0.0,25082.32,Bank Transfer,Usman Tariq,Depot - Multan,Cancelled,9.0
ORD102439,2025-01-24,CUST3283,Sialkot,Punjab,Granite,Indus Green,Bush Hammered,16,67.1,219.79,0.0,14747.91,Cheque,Fahad Malik,Depot - Lahore,Pending,5.0
ORD103839,2024-10-08,CUST2691,Gujranwala,Punjab,Granite,Emperador Brown,Polished,16,846.6,179.49,0.0,151956.23,Credit (30 days),Bilal Khan,Depot - Lahore,Delivered,8.0
ORD104583,2025-11-15,CUST2139,Peshawar,KPK,Marble,Sunny Grey,Polished,18,159.3,149.04,0.0,23742.07,Cheque,Ahmed Raza,Depot - Lahore,Delivered,7.0
ORD101088,2025-09-20,CUST1541,Multan,Punjab,Marble,Emperador Brown,Polished,16,129.3,140.94,0.0,18223.54,Credit (30 days),Hamza Sheikh,Depot - Lahore,Delivered,8.0
ORD100841,2025-07-20,CUST3064,Quetta,Balochistan,Marble,Sunny Grey,Polished,22,288.0,189.13,0.0,54469.44,Cash,Tariq Mehmood,Main Yard - Chiniot,Pending,13.0
ORD100331,2025-10-12,CUST2080,Sialkot,Punjab,Onyx,Ziarat White,Leather,18,73.0,415.18,0.0,30308.14,Cheque,Bilal Khan,Depot - Multan,Delivered,7.0
ORD103431,2024-09-20,CUST3377,Mianwali,Punjab,Granite,Multi Red,Polished,22,70.8,199.53,0.0,14126.72,Cheque,Hamza Sheikh,Depot - Lahore,Delivered,9.0
ORD102356,2025-02-26,CUST1352,Islamabad,Federal,Marble,Chaghi Golden,Honed,20,192.8,210.28,0.0,40541.98,Credit (30 days),Fahad Malik,Depot - Multan,Delivered,7.0
ORD101762,2024-11-27,CUST2143,Mianwali,Punjab,Marble,Multi Red,Honed,18,51.2,225.82,0.0,11561.98,Cash,Ahmed Raza,Depot - Multan,Delivered,6.0
ORD101722,2025-12-30,CUST2209,Karachi,Sindh,Marble,Botticino Beige,Honed,18,107.5,159.92,0.0,17191.4,Cash,Fahad Malik,Depot - Lahore,Pending,5.0
ORD100113,2024-03-16,CUST1440,Rawalpindi,Punjab,Marble,Black Galaxy,Polished,18,168.9,186.51,0.0,31501.54,Cash,Fahad Malik,Main Yard - Chiniot,Cancelled,4.0
ORD104414,2024-07-12,CUST2227,Quetta,Balochistan,Marble,Black Galaxy,Polished,22,194.7,155.87,0.0,30347.89,Bank Transfer,Bilal Khan,Depot - Lahore,Delivered,6.0
ORD104351,2025-06-28,CUST3410,Peshawar,KPK,Marble,Sunny Grey,Honed,20,249.8,196.59,10.0,44197.36,Credit (30 days),Fahad Malik,Depot - Lahore,Pending,9.0
ORD104007,2024-04-28,CUST2957,Lahore,Punjab,Marble,Rangeela Marble,Polished,18,39.3,138.71,0.0,5451.3,Cheque,Bilal Khan,Depot - Multan,Cancelled,9.0
ORD104364,2024-06-30,CUST1815,Multan,Punjab,Granite,Multi Red,Polished,30,41.8,229.48,0.0,9592.26,Credit (30 days),Tariq Mehmood,Depot - Multan,Delivered,10.0
ORD102744,2025-07-30,CUST2994,Chiniot,Punjab,Marble,Teri White,Honed,30,208.4,205.28,0.0,42780.35,Bank Transfer,Hamza Sheikh,Depot - Multan,Delivered,7.0
ORD101509,2024-12-16,CUST2362,Quetta,Balochistan,Granite,Multi Red,Polished,20,144.5,243.31,0.0,35158.3,Cash,Tariq Mehmood,Main Yard - Chiniot,Delivered,5.0
ORD102057,2025-03-27,CUST2395,Peshawar,KPK,Tile,Chaghi Golden,Polished,20,129.2,101.2,0.0,13075.04,Bank Transfer,Usman Tariq,Main Yard - Chiniot,Delivered,8.0
ORD102324,2025-05-21,CUST3002,Mianwali,Punjab,Onyx,Teri White,Honed,16,167.5,383.37,10.0,57793.03,Bank Transfer,Tariq Mehmood,Depot - Multan,Delivered,6.0
ORD101121,2025-12-23,CUST1624,Chiniot,Punjab,Granite,Botticino Beige,Polished,20,91.2,224.38,0.0,20463.46,Bank Transfer,Ahmed Raza,Main Yard - Chiniot,In Transit,9.0
ORD104667,2025-12-08,CUST2419,Lahore,Punjab,Granite,Chiniot Black,Honed,18,194.7,222.07,0.0,43237.03,Cash,Saad Iqbal,Depot - Multan,Delivered,7.0
ORD103858,2025-01-17,CUST2045,Rawalpindi,Punjab,Tile,Multi Red,Flamed,20,133.3,105.2,0.0,14023.16,Credit (30 days),Ahmed Raza,Main Yard - Chiniot,Delivered,9.0
ORD104837,2025-02-04,CUST1128,Sialkot,Punjab,Marble,Chiniot Black,Flamed,22,41.6,265.86,0.0,11059.78,Credit (30 days),Saad Iqbal,Depot - Lahore,Delivered,7.0
ORD100034,2024-08-16,CUST1112,Mianwali,Punjab,Tile,Black Galaxy,Polished,20,73.6,95.07,0.0,6997.15,Credit (30 days),Saad Iqbal,Depot - Lahore,Delivered,7.0
ORD104997,2025-02-18,CUST2707,Lahore,Punjab,Granite,Rangeela Marble,Polished,16,110.0,257.86,0.0,28364.6,Bank Transfer,Usman Tariq,Depot - Lahore,In Transit,5.0
ORD100537,2024-04-13,CUST1610,Quetta,Balochistan,Granite,Ziarat White,Flamed,16,22.1,204.81,0.0,4526.3,Cheque,Ahmed Raza,Depot - Multan,Cancelled,1.0
ORD100229,2024-08-19,CUST1898,Faisalabad,Punjab,Onyx,Chiniot Black,Polished,20,44.1,477.5,10.0,18951.98,Cash,Bilal Khan,Depot - Multan,Delivered,8.0
ORD104776,2025-09-15,CUST3365,Karachi,Sindh,Marble,Chiniot Black,Polished,16,51.9,182.39,0.0,9466.04,Cash,Saad Iqbal,Depot - Multan,Delivered,9.0
ORD101436,2025-07-24,CUST3230,Karachi,Sindh,Granite,Rangeela Marble,Honed,18,120.4,182.44,0.0,21965.78,Cash,Hamza Sheikh,Depot - Karachi,Delivered,8.0
ORD103591,2024-03-27,CUST2544,Faisalabad,Punjab,Granite,Buff Marble,Polished,16,280.5,226.09,0.0,63418.24,Cheque,Fahad Malik,Depot - Multan,Delivered,8.0
ORD101960,2024-11-28,CUST3253,Rawalpindi,Punjab,Tile,Multi Red,Bush Hammered,20,68.5,113.04,0.0,7743.24,Bank Transfer,Fahad Malik,Depot - Karachi,Delivered,7.0
ORD101479,2025-11-17,CUST2541,Faisalabad,Punjab,Granite,Multi Red,Polished,16,91.7,290.62,0.0,26649.85,Cash,Usman Tariq,Depot - Karachi,Delivered,9.0
ORD102016,2025-06-02,CUST2456,Peshawar,KPK,Marble,Ziarat White,Honed,30,41.5,222.3,0.0,9225.45,Credit (30 days),Hamza Sheikh,Depot - Karachi,Pending,9.0
ORD104239,2025-02-01,CUST1369,Faisalabad,Punjab,Granite,Rangeela Marble,Polished,30,244.4,259.1,10.0,56991.64,Bank Transfer,Zain Abbas,Main Yard - Chiniot,Delivered,8.0
ORD104844,2025-09-06,CUST2566,Faisalabad,Punjab,Marble,Black Galaxy,Polished,22,173.7,131.23,0.0,22794.65,Credit (30 days),Saad Iqbal,Main Yard - Chiniot,Delivered,8.0
ORD104277,2025-12-13,CUST2329,Chiniot,Punjab,Marble,Ziarat White,Flamed,16,52.6,163.93,0.0,8622.72,Cash,Usman Tariq,Depot - Karachi,Delivered,7.0
ORD103706,2025-05-14,CUST2021,Quetta,Balochistan,Granite,Multi Red,Polished,30,380.4,243.18,5.0,87880.39,Credit (30 days),Saad Iqbal,Depot - Multan,Delivered,9.0
ORD103511,2025-04-13,CUST2292,Sialkot,Punjab,Marble,Ziarat White,Honed,16,262.3,130.28,0.0,34172.44,Credit (30 days),Tariq Mehmood,Depot - Karachi,Delivered,4.0
ORD103728,2024-08-05,CUST2362,Gujranwala,Punjab,Marble,Buff Marble,Flamed,16,29.8,159.16,0.0,4742.97,Bank Transfer,Saad Iqbal,Depot - Multan,Cancelled,4.0
ORD102574,2024-10-15,CUST2033,Karachi,Sindh,Granite,Ziarat White,Polished,22,81.3,269.25,15.0,18606.52,Bank Transfer,Saad Iqbal,Depot - Lahore,Cancelled,7.0
ORD100879,2024-05-17,CUST2933,Multan,Punjab,Marble,Chiniot Black,Polished,20,73.3,171.05,0.0,12537.96,Credit (30 days),Ahmed Raza,Depot - Karachi,Delivered,7.0
ORD100157,2024-08-29,CUST1136,Faisalabad,Punjab,Tile,Botticino Beige,Polished,30,195.6,100.34,0.0,19626.5,Credit (30 days),Bilal Khan,Depot - Multan,Cancelled,9.0
ORD101192,2024-02-17,CUST2482,Mianwali,Punjab,Marble,Teri White,Honed,20,154.4,169.44,0.0,26161.54,Credit (30 days),Ahmed Raza,Depot - Multan,Delivered,9.0
ORD103636,2024-07-17,CUST2288,Gujranwala,Punjab,Marble,Botticino Beige,Polished,20,85.5,135.83,0.0,11613.47,Bank Transfer,Saad Iqbal,Depot - Lahore,Pending,5.0
ORD104324,2025-06-05,CUST2877,Gujranwala,Punjab,Marble,Chiniot Black,Polished,30,178.0,235.3,0.0,41883.4,Cheque,Zain Abbas,Depot - Multan,Cancelled,7.0
ORD104805,2024-09-04,CUST2429,Faisalabad,Punjab,Marble,Buff Marble,Polished,20,20.0,196.31,0.0,3926.2,Cash,Fahad Malik,Depot - Karachi,In Transit,4.0
ORD104879,2024-05-01,CUST3414,Islamabad,Federal,Marble,Buff Marble,Honed,18,113.8,218.22,0.0,24833.44,Credit (30 days),Ahmed Raza,Depot - Karachi,Delivered,5.0
ORD100581,2025-10-25,CUST2927,Gujranwala,Punjab,Marble,Rangeela Marble,Honed,18,20.0,173.83,10.0,3128.94,Cheque,Bilal Khan,Depot - Multan,Delivered,7.0
ORD103178,2024-12-01,CUST2049,Chiniot,Punjab,Marble,Chaghi Golden,Polished,22,52.0,143.7,5.0,7098.78,Cash,Usman Tariq,Depot - Multan,Delivered,6.0
ORD100086,2024-08-08,CUST2911,Karachi,Sindh,Granite,Chaghi Golden,Flamed,30,54.2,276.48,0.0,14985.22,Credit (30 days),Usman Tariq,Depot - Lahore,Cancelled,7.0
ORD104688,2024-09-21,CUST2808,Mianwali,Punjab,Marble,Chiniot Black,Flamed,16,376.1,175.91,0.0,66159.75,Bank Transfer,Tariq Mehmood,Main Yard - Chiniot,Pending,6.0
ORD102685,2025-11-08,CUST1151,Faisalabad,Punjab,Tile,Multi Red,Polished,18,185.9,92.98,0.0,17284.98,Bank Transfer,Fahad Malik,Main Yard - Chiniot,Delivered,8.0
ORD100774,2024-06-14,CUST3436,Faisalabad,Punjab,Marble,Buff Marble,Polished,30,120.5,179.72,5.0,20573.45,Bank Transfer,Zain Abbas,Depot - Karachi,In Transit,7.0
ORD102130,2025-09-03,CUST3046,Mianwali,Punjab,Marble,Chaghi Golden,Polished,22,36.5,121.17,0.0,4422.7,Credit (30 days),Tariq Mehmood,Depot - Multan,Delivered,12.0
ORD102878,2024-10-14,CUST2113,Rawalpindi,Punjab,Marble,Black Galaxy,Honed,30,208.4,167.74,5.0,33209.17,Bank Transfer,Saad Iqbal,Depot - Karachi,Pending,6.0
ORD104680,2025-07-25,CUST2051,Sialkot,Punjab,Marble,Rangeela Marble,Polished,16,162.2,182.4,0.0,29585.28,Cheque,Fahad Malik,Depot - Multan,Delivered,6.0
ORD103999,2025-10-23,CUST1204,Quetta,Balochistan,Marble,Ziarat White,Polished,22,44.9,211.13,0.0,9479.74,Cash,Zain Abbas,Depot - Karachi,In Transit,13.0
ORD102410,2025-11-17,CUST1842,Rawalpindi,Punjab,Tile,Buff Marble,Bush Hammered,22,46.9,86.08,0.0,4037.15,Credit (30 days),Bilal Khan,Depot - Multan,Cancelled,6.0
ORD101311,2025-02-17,CUST2362,Peshawar,KPK,Marble,Indus Green,Flamed,20,20.0,181.68,10.0,3270.24,Cash,Tariq Mehmood,Depot - Karachi,Delivered,3.0
ORD104455,2024-07-07,CUST2240,Rawalpindi,Punjab,Granite,Chiniot Black,Leather,20,164.8,300.54,5.0,47052.54,Bank Transfer,Saad Iqbal,Depot - Karachi,In Transit,9.0
ORD100397,2024-02-20,CUST3287,Chiniot,Punjab,Marble,Sunny Grey,Leather,30,48.1,233.28,5.0,10659.73,Cash,Hamza Sheikh,Depot - Multan,In Transit,6.0
ORD104768,2025-03-31,CUST2773,Quetta,Balochistan,Marble,Buff Marble,Polished,16,412.4,150.23,0.0,61954.85,Bank Transfer,Hamza Sheikh,Depot - Multan,Delivered,6.0
ORD103501,2024-02-06,CUST2166,Mianwali,Punjab,Tile,Indus Green,Flamed,22,50.5,72.52,0.0,3662.26,Cash,Ahmed Raza,Main Yard - Chiniot,Delivered,5.0
ORD103377,2025-12-05,CUST1420,Islamabad,Federal,Onyx,Botticino Beige,Leather,18,32.2,385.95,0.0,12427.59,Credit (30 days),Saad Iqbal,Depot - Karachi,In Transit,11.0
ORD104334,2024-11-30,CUST1095,Mianwali,Punjab,Marble,Teri White,Polished,16,76.7,181.41,0.0,13914.15,Bank Transfer,Tariq Mehmood,Main Yard - Chiniot,Pending,7.0
ORD103903,2025-02-19,CUST2759,Peshawar,KPK,Marble,Emperador Brown,Polished,20,20.0,159.1,0.0,3182.0,Cash,Ahmed Raza,Depot - Karachi,Pending,10.0
ORD103576,2025-07-17,CUST1523,Lahore,Punjab,Granite,Teri White,Polished,22,115.5,255.29,0.0,29486.0,Bank Transfer,Fahad Malik,Depot - Lahore,Delivered,7.0
ORD103512,2024-04-22,CUST1537,Faisalabad,Punjab,Granite,Black Galaxy,Honed,22,590.8,313.7,15.0,157533.87,Cash,Hamza Sheikh,Depot - Lahore,Delivered,5.0
ORD104059,2024-08-20,CUST2288,Quetta,Balochistan,Marble,Buff Marble,Honed,18,62.4,160.36,0.0,10006.46,Cheque,Saad Iqbal,Depot - Lahore,Delivered,8.0
ORD102378,2024-10-12,CUST1266,Rawalpindi,Punjab,Marble,Sunny Grey,Polished,20,154.7,194.72,15.0,25604.71,Credit (30 days),Tariq Mehmood,Depot - Multan,Delivered,6.0
ORD103135,2025-12-03,CUST3424,Chiniot,Punjab,Marble,Chaghi Golden,Polished,20,58.3,193.34,0.0,11271.72,Credit (30 days),Tariq Mehmood,Main Yard - Chiniot,In Transit,10.0
ORD101669,2025-05-31,CUST3190,Islamabad,Federal,Tile,Buff Marble,Honed,18,159.4,91.85,0.0,14640.89,Bank Transfer,Bilal Khan,Depot - Lahore,In Transit,9.0
ORD101404,2025-03-18,CUST3457,Islamabad,Federal,Granite,Rangeela Marble,Polished,30,49.6,147.68,0.0,7324.93,Bank Transfer,Saad Iqbal,Depot - Karachi,Delivered,4.0
ORD100699,2025-01-26,CUST1757,Peshawar,KPK,Marble,Sunny Grey,Polished,20,61.8,175.61,0.0,10852.7,Cash,Bilal Khan,Depot - Lahore,Pending,6.0
ORD104373,2024-10-02,CUST2125,Chiniot,Punjab,Marble,Ziarat White,Polished,20,145.3,184.16,0.0,26758.45,Credit (30 days),Fahad Malik,Depot - Lahore,Delivered,9.0
ORD102957,2025-06-11,CUST1523,Faisalabad,Punjab,Granite,Chiniot Black,Polished,30,112.8,303.16,0.0,34196.45,Bank Transfer,Zain Abbas,Depot - Lahore,Delivered,7.0
ORD100455,2024-10-16,CUST3171,Islamabad,Federal,Marble,Emperador Brown,Polished,18,228.4,175.02,0.0,39974.57,Bank Transfer,Zain Abbas,Depot - Lahore,Delivered,8.0
ORD101167,2024-06-01,CUST1824,Peshawar,KPK,Tile,Indus Green,Flamed,18,61.6,86.29,10.0,4783.92,Cheque,Usman Tariq,Main Yard - Chiniot,Delivered,7.0
ORD102670,2024-08-02,CUST2968,Lahore,Punjab,Marble,Chaghi Golden,Polished,18,61.3,183.62,0.0,11255.91,Cash,Fahad Malik,Main Yard - Chiniot,Pending,5.0
ORD102434,2025-05-06,CUST3369,Sialkot,Punjab,Tile,Sunny Grey,Polished,30,123.2,115.88,0.0,14276.42,Cash,Fahad Malik,Depot - Karachi,In Transit,7.0
ORD101870,2024-07-14,CUST2570,Faisalabad,Punjab,Marble,Multi Red,Flamed,16,104.8,173.75,0.0,18209.0,Cheque,Bilal Khan,Depot - Lahore,Delivered,8.0
ORD102003,2024-03-13,CUST2825,Multan,Punjab,Marble,Rangeela Marble,Polished,16,25.2,214.38,0.0,5402.38,Cash,Hamza Sheikh,Depot - Lahore,Delivered,5.0
ORD103841,2025-08-14,CUST3425,Karachi,Sindh,Marble,Indus Green,Bush Hammered,30,73.0,200.6,0.0,14643.8,Bank Transfer,Ahmed Raza,Depot - Karachi,Delivered,8.0
ORD101526,2024-01-29,CUST3450,Rawalpindi,Punjab,Marble,Black Galaxy,Polished,20,115.8,206.82,0.0,23949.76,Cash,Zain Abbas,Depot - Multan,Delivered,8.0
ORD103513,2024-02-13,CUST2505,Karachi,Sindh,Onyx,Chiniot Black,Polished,30,74.5,415.18,10.0,27837.82,Cheque,Bilal Khan,Depot - Lahore,Delivered,4.0
ORD104797,2024-06-08,CUST2488,Islamabad,Federal,Granite,Botticino Beige,Polished,20,90.2,293.19,10.0,23801.16,Cash,Bilal Khan,Main Yard - Chiniot,Delivered,8.0
ORD100651,2024-08-18,CUST1487,Multan,Punjab,Marble,Rangeela Marble,Honed,22,45.7,197.12,0.0,9008.38,Bank Transfer,Ahmed Raza,Depot - Multan,Cancelled,6.0
ORD103572,2024-06-02,CUST2148,Quetta,Balochistan,Marble,Sunny Grey,Honed,16,58.7,184.08,0.0,10805.5,Cash,Tariq Mehmood,Main Yard - Chiniot,Delivered,5.0
ORD103887,2025-02-21,CUST2796,Faisalabad,Punjab,Marble,Teri White,Honed,18,59.4,131.01,0.0,7781.99,Cash,Zain Abbas,Depot - Multan,Delivered,8.0
ORD100164,2024-08-07,CUST2629,Quetta,Balochistan,Marble,Buff Marble,Leather,20,157.4,145.35,0.0,22878.09,Cash,Fahad Malik,Depot - Lahore,Cancelled,6.0
ORD103589,2024-09-12,CUST2455,Gujranwala,Punjab,Marble,Ziarat White,Polished,22,274.3,93.08,0.0,25531.84,Bank Transfer,Tariq Mehmood,Depot - Multan,Cancelled,7.0
ORD103358,2025-05-20,CUST2064,Gujranwala,Punjab,Marble,Multi Red,Polished,18,72.5,150.2,0.0,10889.5,Credit (30 days),Usman Tariq,Depot - Lahore,Delivered,8.0
ORD100764,2025-01-20,CUST3000,Chiniot,Punjab,Marble,Ziarat White,Honed,18,90.5,151.21,0.0,13684.5,Bank Transfer,Tariq Mehmood,Depot - Karachi,Delivered,7.0
ORD100290,2024-03-02,CUST2477,Quetta,Balochistan,Marble,Botticino Beige,Polished,22,239.8,222.66,0.0,53393.87,Bank Transfer,Hamza Sheikh,Depot - Lahore,Delivered,6.0
ORD103185,2024-10-31,CUST1087,Multan,Punjab,Marble,Ziarat White,Leather,30,255.6,174.22,10.0,40077.57,Cash,Fahad Malik,Depot - Karachi,In Transit,10.0
ORD103980,2025-08-07,CUST1317,Islamabad,Federal,Marble,Chiniot Black,Polished,18,54.1,159.19,0.0,8612.18,Credit (30 days),Hamza Sheikh,Main Yard - Chiniot,Delivered,6.0
ORD104283,2025-06-01,CUST1891,Rawalpindi,Punjab,Granite,Sunny Grey,Polished,22,236.2,297.87,0.0,70356.89,Bank Transfer,Bilal Khan,Depot - Multan,Cancelled,6.0
ORD103823,2025-02-19,CUST3078,Islamabad,Federal,Marble,Botticino Beige,Honed,22,48.8,230.44,5.0,10683.2,Bank Transfer,Ahmed Raza,Main Yard - Chiniot,In Transit,10.0
ORD101958,2024-08-01,CUST2236,Peshawar,KPK,Marble,Indus Green,Polished,30,55.5,198.83,0.0,11035.06,Bank Transfer,Tariq Mehmood,Main Yard - Chiniot,Pending,8.0
ORD103241,2025-06-07,CUST1948,Chiniot,Punjab,Tile,Teri White,Polished,20,237.8,98.87,0.0,23511.29,Bank Transfer,Saad Iqbal,Depot - Multan,Delivered,9.0
ORD101126,2025-12-18,CUST1806,Multan,Punjab,Marble,Black Galaxy,Honed,22,171.9,179.18,0.0,30801.04,Bank Transfer,Bilal Khan,Main Yard - Chiniot,Pending,5.0
ORD101518,2025-06-12,CUST1401,Faisalabad,Punjab,Marble,Ziarat White,Bush Hammered,18,270.0,205.7,10.0,49985.1,Credit (30 days),Fahad Malik,Depot - Karachi,Delivered,7.0
ORD100065,2024-01-09,CUST3134,Sialkot,Punjab,Tile,Rangeela Marble,Honed,18,163.5,79.46,0.0,12991.71,Bank Transfer,Saad Iqbal,Depot - Multan,In Transit,7.0
ORD104721,2024-10-06,CUST2086,Karachi,Sindh,Marble,Emperador Brown,Flamed,20,71.2,233.34,0.0,16613.81,Bank Transfer,Bilal Khan,Depot - Lahore,Cancelled,5.0
ORD100605,2025-06-30,CUST1099,Chiniot,Punjab,Granite,Sunny Grey,Polished,18,53.3,343.54,0.0,18310.68,Cheque,Bilal Khan,Depot - Karachi,Delivered,5.0
ORD102330,2025-09-10,CUST2001,Multan,Punjab,Marble,Chiniot Black,Polished,18,68.5,167.08,0.0,11444.98,Bank Transfer,Tariq Mehmood,Depot - Multan,Pending,8.0
ORD104850,2024-03-16,CUST2042,Peshawar,KPK,Granite,Black Galaxy,Honed,16,267.4,258.45,5.0,65654.05,Cash,Ahmed Raza,Depot - Multan,Pending,6.0
ORD101888,2025-05-15,CUST2509,Quetta,Balochistan,Marble,Chaghi Golden,Polished,18,200.1,167.41,0.0,33498.74,Credit (30 days),Hamza Sheikh,Depot - Karachi,Pending,8.0
ORD104497,2024-11-28,CUST2287,Sialkot,Punjab,Marble,Sunny Grey,Honed,16,275.8,210.34,5.0,55111.18,Cheque,Ahmed Raza,Depot - Lahore,Cancelled,6.0
ORD103607,2025-08-31,CUST1763,Rawalpindi,Punjab,Granite,Ziarat White,Polished,16,28.4,196.39,0.0,5577.48,Cheque,Saad Iqbal,Depot - Multan,In Transit,8.0
ORD104151,2024-12-09,CUST2607,Quetta,Balochistan,Granite,Chiniot Black,Honed,30,55.5,284.81,5.0,15016.61,Bank Transfer,Tariq Mehmood,Depot - Multan,Delivered,6.0
ORD104215,2025-02-23,CUST2030,Chiniot,Punjab,Marble,Chaghi Golden,Polished,30,93.4,209.78,0.0,19593.45,Cash,Usman Tariq,Depot - Multan,Delivered,4.0
ORD100811,2025-04-01,CUST1468,Quetta,Balochistan,Granite,Botticino Beige,Honed,18,241.9,328.53,0.0,79471.41,Credit (30 days),Tariq Mehmood,Depot - Multan,Cancelled,8.0
ORD101948,2025-08-28,CUST1117,Gujranwala,Punjab,Granite,Chiniot Black,Flamed,20,88.8,236.95,5.0,19989.1,Credit (30 days),Tariq Mehmood,Depot - Lahore,Cancelled,6.0
ORD104808,2025-07-23,CUST2257,Quetta,Balochistan,Marble,Rangeela Marble,Polished,30,49.9,176.22,10.0,7914.04,Cash,Usman Tariq,Depot - Multan,In Transit,7.0
ORD101044,2025-01-01,CUST2222,Quetta,Balochistan,Onyx,Black Galaxy,Flamed,30,94.2,596.32,10.0,50556.01,Cheque,Ahmed Raza,Depot - Lahore,Pending,5.0
ORD102326,2025-03-04,CUST1423,Chiniot,Punjab,Marble,Rangeela Marble,Honed,30,110.0,234.21,0.0,25763.1,Bank Transfer,Tariq Mehmood,Depot - Multan,Pending,7.0
ORD104234,2025-08-26,CUST1829,Chiniot,Punjab,Marble,Multi Red,Polished,16,78.8,194.23,0.0,15305.32,Credit (30 days),Saad Iqbal,Main Yard - Chiniot,Delivered,6.0
ORD102962,2024-01-11,CUST1447,Islamabad,Federal,Granite,Botticino Beige,Leather,20,42.4,268.06,0.0,11365.74,Credit (30 days),Saad Iqbal,Depot - Lahore,Cancelled,6.0
ORD104539,2025-11-27,CUST1751,Rawalpindi,Punjab,Granite,Rangeela Marble,Polished,16,97.2,293.72,0.0,28549.58,Bank Transfer,Ahmed Raza,Depot - Lahore,In Transit,13.0
ORD104349,2024-04-26,CUST1167,Peshawar,KPK,Marble,Chiniot Black,Polished,18,74.2,147.8,0.0,10966.76,Credit (30 days),Ahmed Raza,Depot - Multan,Delivered,6.0
ORD104045,2025-09-02,CUST2679,Quetta,Balochistan,Marble,Chiniot Black,Polished,20,179.3,210.01,0.0,37654.79,Cash,Tariq Mehmood,Depot - Lahore,Pending,7.0
ORD101570,2025-02-08,CUST1596,Lahore,Punjab,Tile,Buff Marble,Polished,22,57.0,108.89,0.0,6206.73,Cash,Ahmed Raza,Depot - Multan,Cancelled,10.0
ORD101476,2025-01-15,CUST3472,Multan,Punjab,Tile,Black Galaxy,Polished,30,65.8,82.52,0.0,5429.82,Credit (30 days),Bilal Khan,Depot - Lahore,Cancelled,9.0
ORD104905,2025-05-29,CUST2593,Quetta,Balochistan,Marble,Rangeela Marble,Polished,16,139.8,154.91,0.0,21656.42,Bank Transfer,Saad Iqbal,Depot - Multan,Delivered,5.0
ORD101510,2025-12-15,CUST1474,Karachi,Sindh,Marble,Emperador Brown,Honed,30,29.8,201.11,0.0,5993.08,Cash,Usman Tariq,Depot - Multan,Pending,2.0
ORD102069,2024-12-14,CUST2598,Mianwali,Punjab,Marble,Rangeela Marble,Polished,16,28.0,200.35,0.0,5609.8,Credit (30 days),Ahmed Raza,Depot - Karachi,Delivered,8.0
ORD104261,2025-02-18,CUST2805,Islamabad,Federal,Granite,Sunny Grey,Leather,18,42.8,283.57,0.0,12136.8,Cash,Saad Iqbal,Depot - Lahore,Cancelled,3.0
ORD100732,2025-11-21,CUST2903,Multan,Punjab,Granite,Buff Marble,Bush Hammered,30,118.3,389.4,0.0,46066.02,Cash,Tariq Mehmood,Depot - Karachi,Pending,11.0
ORD101046,2025-08-14,CUST2400,Quetta,Balochistan,Marble,Ziarat White,Polished,30,88.8,203.89,5.0,17200.16,Bank Transfer,Fahad Malik,Depot - Karachi,Delivered,11.0
ORD102662,2024-04-18,CUST1756,Mianwali,Punjab,Marble,Buff Marble,Flamed,18,38.8,216.44,0.0,8397.87,Bank Transfer,Usman Tariq,Main Yard - Chiniot,Delivered,9.0
ORD104095,2025-11-03,CUST1032,Chiniot,Punjab,Tile,Black Galaxy,Polished,16,83.6,100.75,15.0,7159.29,Cash,Usman Tariq,Depot - Multan,Delivered,4.0
ORD100805,2025-10-31,CUST2674,Sialkot,Punjab,Granite,Teri White,Leather,18,427.1,337.28,0.0,144052.29,Cash,Saad Iqbal,Depot - Karachi,In Transit,7.0
ORD104286,2025-12-26,CUST2519,Peshawar,KPK,Marble,Multi Red,Polished,30,28.0,229.21,10.0,5776.09,Cash,Hamza Sheikh,Depot - Multan,Delivered,3.0
ORD103250,2025-12-15,CUST2441,Peshawar,KPK,Tile,Ziarat White,Honed,30,55.4,115.0,0.0,6371.0,Cash,Hamza Sheikh,Depot - Karachi,Cancelled,7.0
ORD101606,2024-09-15,CUST1726,Islamabad,Federal,Marble,Sunny Grey,Flamed,16,245.7,173.59,5.0,40518.51,Cash,Saad Iqbal,Depot - Multan,In Transit,9.0
ORD100251,2025-04-04,CUST1241,Peshawar,KPK,Marble,Black Galaxy,Honed,30,115.0,205.35,0.0,23615.25,Credit (30 days),Fahad Malik,Depot - Lahore,In Transit,4.0
ORD100687,2024-02-12,CUST1003,Lahore,Punjab,Marble,Chiniot Black,Polished,20,22.5,179.48,0.0,4038.3,Credit (30 days),Ahmed Raza,Depot - Lahore,Delivered,6.0
ORD100939,2025-03-07,CUST2472,Rawalpindi,Punjab,Tile,Indus Green,Leather,30,46.7,93.12,5.0,4131.27,Credit (30 days),Hamza Sheikh,Depot - Multan,Pending,5.0
ORD100519,2025-11-30,CUST1039,Sialkot,Punjab,Granite,Rangeela Marble,Leather,30,206.2,281.73,0.0,58092.73,Bank Transfer,Ahmed Raza,Main Yard - Chiniot,Delivered,8.0
ORD100991,2025-10-30,CUST2290,Quetta,Balochistan,Marble,Chiniot Black,Honed,20,166.6,135.3,0.0,22540.98,Credit (30 days),Bilal Khan,Depot - Karachi,Delivered,8.0
ORD101341,2024-08-05,CUST2726,Multan,Punjab,Onyx,Teri White,Flamed,18,76.6,497.89,0.0,38138.37,Credit (30 days),Hamza Sheikh,Main Yard - Chiniot,In Transit,6.0
ORD101118,2025-02-05,CUST2080,Sialkot,Punjab,Tile,Ziarat White,Flamed,20,50.1,76.48,0.0,3831.65,Credit (30 days),Zain Abbas,Depot - Lahore,Cancelled,6.0
ORD104451,2025-09-14,CUST2378,Gujranwala,Punjab,Tile,Buff Marble,Polished,22,185.8,79.81,0.0,14828.7,Bank Transfer,Zain Abbas,Depot - Multan,Cancelled,5.0
ORD102091,2025-02-02,CUST1278,Rawalpindi,Punjab,Marble,Chiniot Black,Honed,30,107.9,231.43,0.0,24971.3,Credit (30 days),Ahmed Raza,Depot - Multan,Pending,9.0
ORD100796,2025-02-13,CUST3028,Mianwali,Punjab,Onyx,Chiniot Black,Polished,22,94.7,397.97,0.0,37687.76,Bank Transfer,Hamza Sheikh,Main Yard - Chiniot,Pending,6.0
ORD103035,2024-02-03,CUST1106,Chiniot,Punjab,Tile,Rangeela Marble,Honed,30,109.4,109.35,0.0,11962.89,Bank Transfer,Ahmed Raza,Depot - Lahore,Pending,4.0
ORD102515,2024-02-06,CUST1686,Faisalabad,Punjab,Granite,Indus Green,Polished,16,70.2,245.58,0.0,17239.72,Cheque,Zain Abbas,Depot - Karachi,Pending,7.0
ORD104250,2024-06-19,CUST1429,Rawalpindi,Punjab,Marble,Teri White,Honed,16,34.3,163.48,0.0,5607.36,Credit (30 days),Saad Iqbal,Depot - Lahore,Pending,9.0
ORD103707,2025-11-28,CUST2293,Multan,Punjab,Marble,Ziarat White,Flamed,18,116.0,185.3,0.0,21494.8,Bank Transfer,Saad Iqbal,Depot - Lahore,Delivered,5.0
ORD103251,2025-04-27,CUST2234,Lahore,Punjab,Tile,Rangeela Marble,Polished,20,291.2,73.77,0.0,21481.82,Cash,Zain Abbas,Depot - Lahore,Delivered,8.0
ORD102375,2024-11-27,CUST1783,Rawalpindi,Punjab,Marble,Sunny Grey,Polished,30,264.5,200.79,10.0,47798.06,Cash,Usman Tariq,Depot - Karachi,In Transit,7.0
ORD101415,2024-07-25,CUST1474,Rawalpindi,Punjab,Marble,Buff Marble,Honed,18,166.0,132.12,0.0,21931.92,Bank Transfer,Tariq Mehmood,Depot - Multan,Pending,10.0
ORD101829,2025-03-28,CUST3095,Faisalabad,Punjab,Marble,Emperador Brown,Leather,20,114.8,174.44,10.0,18023.14,Cheque,Saad Iqbal,Depot - Karachi,Pending,6.0
ORD102012,2024-07-22,CUST1314,Sialkot,Punjab,Tile,Indus Green,Flamed,16,149.4,58.23,0.0,8699.56,Bank Transfer,Ahmed Raza,Depot - Karachi,Delivered,10.0
ORD104562,2025-01-23,CUST2111,Lahore,Punjab,Onyx,Rangeela Marble,Polished,18,98.2,467.66,0.0,45924.21,Cash,Fahad Malik,Depot - Lahore,Cancelled,4.0
ORD102986,2025-02-20,CUST2990,Peshawar,KPK,Granite,Chaghi Golden,Polished,20,47.4,222.15,0.0,10529.91,Cash,Fahad Malik,Main Yard - Chiniot,Delivered,6.0
ORD102126,2024-04-04,CUST1005,Lahore,Punjab,Onyx,Indus Green,Polished,30,48.4,562.72,0.0,27235.65,Bank Transfer,Ahmed Raza,Depot - Multan,Delivered,4.0
ORD101129,2024-05-04,CUST1545,Chiniot,Punjab,Granite,Indus Green,Polished,22,129.7,243.34,0.0,31561.2,Bank Transfer,Zain Abbas,Depot - Karachi,Delivered,14.0
ORD100149,2024-02-19,CUST2692,Chiniot,Punjab,Marble,Sunny Grey,Honed,18,131.8,166.42,5.0,20837.45,Bank Transfer,Tariq Mehmood,Depot - Lahore,Pending,5.0
ORD104686,2025-12-29,CUST1567,Rawalpindi,Punjab,Marble,Emperador Brown,Polished,22,247.9,134.82,0.0,33421.88,Cash,Tariq Mehmood,Depot - Karachi,Delivered,5.0
ORD100121,2024-10-04,CUST3186,Karachi,Sindh,Marble,Emperador Brown,Polished,30,221.2,157.72,0.0,34887.66,Cash,Tariq Mehmood,Main Yard - Chiniot,Delivered,9.0
ORD103239,2025-02-19,CUST3175,Lahore,Punjab,Marble,Buff Marble,Polished,18,77.3,179.19,0.0,13851.39,Cash,Ahmed Raza,Depot - Lahore,Pending,7.0
ORD100892,2025-10-29,CUST2860,Karachi,Sindh,Tile,Rangeela Marble,Leather,30,293.5,101.53,0.0,29799.06,Credit (30 days),Usman Tariq,Main Yard - Chiniot,Delivered,6.0
ORD104094,2024-03-10,CUST2561,Quetta,Balochistan,Granite,Botticino Beige,Honed,22,118.1,361.0,0.0,42634.1,Credit (30 days),Ahmed Raza,Main Yard - Chiniot,In Transit,7.0
ORD104101,2024-01-19,CUST1585,Karachi,Sindh,Marble,Buff Marble,Bush Hammered,20,53.8,204.95,0.0,11026.31,Cheque,Usman Tariq,Depot - Multan,In Transit,4.0
ORD104476,2025-10-25,CUST1789,Multan,Punjab,Granite,Buff Marble,Polished,16,49.1,211.96,10.0,9366.51,Credit (30 days),Hamza Sheikh,Depot - Karachi,Cancelled,4.0
ORD102155,2025-11-20,CUST3261,Mianwali,Punjab,Marble,Rangeela Marble,Honed,20,115.8,196.71,0.0,22779.02,Bank Transfer,Usman Tariq,Depot - Karachi,Cancelled,7.0
ORD104515,2024-09-30,CUST2915,Islamabad,Federal,Marble,Sunny Grey,Honed,18,118.1,153.69,0.0,18150.79,Cash,Usman Tariq,Depot - Lahore,In Transit,6.0
ORD102725,2024-06-02,CUST2270,Sialkot,Punjab,Marble,Buff Marble,Bush Hammered,18,186.1,175.92,0.0,32738.71,Cheque,Saad Iqbal,Depot - Karachi,In Transit,4.0
ORD102738,2025-05-01,CUST1793,Faisalabad,Punjab,Marble,Botticino Beige,Polished,30,303.6,211.52,0.0,64217.47,Bank Transfer,Bilal Khan,Main Yard - Chiniot,Pending,6.0
ORD101357,2025-09-01,CUST1077,Islamabad,Federal,Marble,Multi Red,Polished,16,138.9,184.85,0.0,25675.66,Bank Transfer,Zain Abbas,Depot - Lahore,In Transit,5.0
ORD101131,2025-03-31,CUST2798,Lahore,Punjab,Granite,Emperador Brown,Polished,20,186.1,254.32,5.0,44962.5,Credit (30 days),Saad Iqbal,Depot - Karachi,Delivered,4.0
ORD100463,2024-05-13,CUST1359,Mianwali,Punjab,Granite,Chaghi Golden,Polished,18,273.5,345.88,0.0,94598.18,Bank Transfer,Bilal Khan,Depot - Karachi,In Transit,10.0
ORD103508,2025-10-15,CUST3105,Peshawar,KPK,Marble,Black Galaxy,Honed,18,64.3,140.71,10.0,8142.89,Bank Transfer,Ahmed Raza,Depot - Karachi,Cancelled,7.0
ORD104564,2024-07-01,CUST3120,Lahore,Punjab,Marble,Ziarat White,Polished,20,178.8,215.44,0.0,38520.67,Credit (30 days),Bilal Khan,Depot - Lahore,Delivered,7.0
ORD101076,2025-11-07,CUST3440,Mianwali,Punjab,Onyx,Chiniot Black,Honed,20,164.3,497.52,5.0,77655.41,Cash,Hamza Sheikh,Depot - Multan,Delivered,10.0
ORD101185,2025-12-29,CUST2173,Peshawar,KPK,Tile,Sunny Grey,Polished,30,185.4,115.42,0.0,21398.87,Cash,Hamza Sheikh,Depot - Karachi,Cancelled,10.0
ORD103134,2025-08-18,CUST2419,Gujranwala,Punjab,Marble,Buff Marble,Polished,20,20.0,207.26,5.0,3937.94,Credit (30 days),Usman Tariq,Main Yard - Chiniot,Delivered,8.0
ORD102283,2024-03-26,CUST1295,Rawalpindi,Punjab,Granite,Black Galaxy,Leather,30,376.6,305.32,0.0,114983.51,Cash,Hamza Sheikh,Depot - Karachi,Cancelled,10.0
ORD100674,2024-03-05,CUST1244,Karachi,Sindh,Marble,Multi Red,Leather,18,223.8,191.08,0.0,42763.7,Cheque,Fahad Malik,Depot - Karachi,Pending,7.0
ORD103888,2025-10-27,CUST3008,Karachi,Sindh,Marble,Rangeela Marble,Polished,30,143.7,305.98,0.0,43969.33,Cash,Fahad Malik,Main Yard - Chiniot,Pending,12.0
ORD103259,2024-08-27,CUST2161,Gujranwala,Punjab,Tile,Rangeela Marble,Honed,18,114.4,97.76,10.0,10065.37,Cash,Usman Tariq,Depot - Karachi,In Transit,10.0
ORD104400,2025-03-06,CUST3189,Multan,Punjab,Granite,Botticino Beige,Honed,20,368.6,288.91,10.0,95843.0,Cash,Tariq Mehmood,Main Yard - Chiniot,Pending,4.0
ORD103069,2025-05-01,CUST3401,Faisalabad,Punjab,Tile,Multi Red,Honed,16,188.8,110.42,0.0,20847.3,Bank Transfer,Zain Abbas,Depot - Karachi,Cancelled,8.0
ORD102945,2025-02-20,CUST1619,Multan,Punjab,Tile,Emperador Brown,Polished,18,36.5,80.61,0.0,2942.26,Cheque,Tariq Mehmood,Main Yard - Chiniot,Delivered,3.0
ORD103081,2024-12-15,CUST2975,Sialkot,Punjab,Marble,Teri White,Honed,16,52.0,198.45,0.0,10319.4,Cash,Tariq Mehmood,Depot - Multan,Delivered,11.0
ORD103399,2025-04-01,CUST3188,Karachi,Sindh,Tile,Ziarat White,Leather,18,51.9,88.28,0.0,4581.73,Cheque,Ahmed Raza,Depot - Lahore,Delivered,5.0
ORD101764,2024-09-16,CUST1015,Karachi,Sindh,Onyx,Chiniot Black,Polished,20,74.4,430.69,15.0,27236.84,Cash,Fahad Malik,Main Yard - Chiniot,Delivered,7.0
ORD101757,2024-02-06,CUST3143,Quetta,Balochistan,Tile,Black Galaxy,Polished,16,34.3,72.36,10.0,2233.75,Cash,Fahad Malik,Depot - Multan,Delivered,8.0
ORD101112,2025-04-09,CUST3180,Karachi,Sindh,Onyx,Ziarat White,Polished,18,184.9,499.96,5.0,87820.47,Bank Transfer,Fahad Malik,Main Yard - Chiniot,In Transit,4.0
ORD102101,2024-03-18,CUST2972,Sialkot,Punjab,Granite,Rangeela Marble,Honed,18,133.4,265.48,0.0,35415.03,Credit (30 days),Tariq Mehmood,Depot - Lahore,Pending,6.0
ORD103874,2025-06-21,CUST3418,Faisalabad,Punjab,Marble,Buff Marble,Polished,18,29.1,210.65,0.0,6129.92,Bank Transfer,Saad Iqbal,Main Yard - Chiniot,Delivered,8.0
ORD104289,2025-04-04,CUST2857,Mianwali,Punjab,Onyx,Chaghi Golden,Honed,16,116.8,485.52,0.0,56708.74,Cash,Saad Iqbal,Depot - Lahore,Delivered,3.0
ORD103359,2024-04-28,CUST1688,Mianwali,Punjab,Onyx,Black Galaxy,Polished,20,168.5,360.28,0.0,60707.18,Cash,Zain Abbas,Depot - Multan,Pending,5.0
ORD101373,2025-05-10,CUST2087,Multan,Punjab,Marble,Rangeela Marble,Polished,16,20.0,181.9,0.0,3638.0,Bank Transfer,Tariq Mehmood,Depot - Karachi,Delivered,8.0
ORD103270,2025-04-30,CUST2260,Karachi,Sindh,Granite,Ziarat White,Polished,20,227.6,262.38,5.0,56731.8,Bank Transfer,Bilal Khan,Main Yard - Chiniot,Delivered,10.0
ORD103592,2025-08-07,CUST3263,Gujranwala,Punjab,Tile,Chaghi Golden,Flamed,16,35.3,74.42,0.0,2627.03,Bank Transfer,Saad Iqbal,Depot - Karachi,Pending,6.0
ORD100182,2024-05-28,CUST3299,Mianwali,Punjab,Tile,Indus Green,Leather,20,362.5,72.15,5.0,24846.66,Credit (30 days),Zain Abbas,Main Yard - Chiniot,Pending,9.0
ORD104645,2024-12-28,CUST2839,Lahore,Punjab,Granite,Sunny Grey,Polished,16,61.3,276.07,0.0,16923.09,Credit (30 days),Tariq Mehmood,Depot - Multan,Delivered,5.0
ORD101777,2025-05-13,CUST1874,Islamabad,Federal,Marble,Rangeela Marble,Polished,30,467.0,249.86,0.0,116684.62,Credit (30 days),Usman Tariq,Main Yard - Chiniot,Delivered,9.0
ORD102942,2024-03-02,CUST1034,Faisalabad,Punjab,Marble,Black Galaxy,Flamed,18,298.9,177.51,0.0,53057.74,Cash,Ahmed Raza,Depot - Lahore,Delivered,3.0
ORD102127,2024-12-22,CUST3377,Sialkot,Punjab,Marble,Chiniot Black,Honed,20,354.4,137.45,0.0,48712.28,Bank Transfer,Saad Iqbal,Main Yard - Chiniot,Pending,8.0
ORD100422,2024-07-04,CUST3395,Lahore,Punjab,Marble,Sunny Grey,Honed,30,92.9,224.74,10.0,18790.51,Cash,Tariq Mehmood,Depot - Multan,Delivered,6.0
ORD100940,2024-02-06,CUST1366,Mianwali,Punjab,Granite,Botticino Beige,Polished,30,20.0,316.15,0.0,6323.0,Cash,Tariq Mehmood,Depot - Multan,Pending,4.0
ORD103332,2024-02-20,CUST2749,Mianwali,Punjab,Marble,Chaghi Golden,Leather,20,286.3,206.14,0.0,59017.88,Credit (30 days),Fahad Malik,Depot - Karachi,Delivered,12.0
ORD102035,2025-04-12,CUST3150,Karachi,Sindh,Onyx,Emperador Brown,Flamed,22,78.0,403.41,0.0,31465.98,Bank Transfer,Ahmed Raza,Depot - Lahore,Delivered,3.0
ORD100427,2024-01-08,CUST2166,Multan,Punjab,Marble,Botticino Beige,Polished,16,180.1,206.23,0.0,37142.02,Credit (30 days),Hamza Sheikh,Depot - Lahore,Pending,11.0
ORD102974,2025-12-22,CUST1080,Chiniot,Punjab,Marble,Chaghi Golden,Polished,16,25.4,226.88,5.0,5474.61,Bank Transfer,Bilal Khan,Depot - Lahore,Delivered,6.0
ORD103489,2025-09-08,CUST2575,Sialkot,Punjab,Onyx,Multi Red,Polished,16,96.9,390.45,15.0,32159.41,Bank Transfer,Ahmed Raza,Depot - Karachi,Delivered,11.0
ORD103477,2025-05-22,CUST2852,Islamabad,Federal,Tile,Teri White,Polished,30,20.0,94.16,0.0,1883.2,Cash,Zain Abbas,Depot - Karachi,Cancelled,7.0
ORD100204,2025-03-27,CUST2378,Peshawar,KPK,Marble,Sunny Grey,Honed,22,286.1,179.35,0.0,51312.04,Cash,Tariq Mehmood,Depot - Karachi,Delivered,9.0
ORD101034,2025-04-05,CUST2085,Islamabad,Federal,Onyx,Sunny Grey,Polished,30,28.4,440.75,0.0,12517.3,Cash,Tariq Mehmood,Depot - Lahore,Cancelled,2.0
ORD102651,2025-08-16,CUST3160,Mianwali,Punjab,Marble,Rangeela Marble,Polished,20,65.0,165.47,0.0,10755.55,Credit (30 days),Saad Iqbal,Depot - Karachi,Delivered,6.0
ORD103799,2024-08-23,CUST1890,Chiniot,Punjab,Granite,Ziarat White,Honed,16,77.9,281.18,0.0,21903.92,Cash,Saad Iqbal,Depot - Multan,Pending,7.0
ORD102563,2024-02-04,CUST2520,Mianwali,Punjab,Granite,Sunny Grey,Leather,16,20.0,287.76,0.0,5755.2,Credit (30 days),Hamza Sheikh,Depot - Multan,Delivered,8.0
ORD104968,2025-02-28,CUST1408,Lahore,Punjab,Tile,Sunny Grey,Polished,16,89.7,77.98,0.0,6994.81,Credit (30 days),Zain Abbas,Main Yard - Chiniot,Delivered,7.0
ORD103227,2024-07-07,CUST2362,Peshawar,KPK,Onyx,Chiniot Black,Polished,16,21.6,354.65,0.0,7660.44,Credit (30 days),Bilal Khan,Main Yard - Chiniot,Delivered,6.0
ORD100151,2024-08-17,CUST2088,Mianwali,Punjab,Marble,Multi Red,Polished,20,160.1,212.11,0.0,33958.81,Cash,Saad Iqbal,Depot - Lahore,Delivered,6.0
ORD102029,2025-06-06,CUST2326,Peshawar,KPK,Marble,Indus Green,Honed,16,84.8,171.06,0.0,14505.89,Cash,Bilal Khan,Main Yard - Chiniot,Cancelled,3.0
ORD104472,2025-08-30,CUST1537,Lahore,Punjab,Marble,Teri White,Polished,20,20.0,163.27,0.0,3265.4,Cheque,Bilal Khan,Depot - Lahore,Delivered,4.0
ORD101997,2025-01-08,CUST3388,Gujranwala,Punjab,Marble,Indus Green,Polished,30,51.4,235.53,0.0,12106.24,Cash,Bilal Khan,Depot - Lahore,Delivered,8.0
ORD101932,2025-12-23,CUST2787,Multan,Punjab,Granite,Ziarat White,Bush Hammered,22,20.9,286.71,0.0,5992.24,Cash,Bilal Khan,Main Yard - Chiniot,Pending,8.0
ORD100368,2024-05-01,CUST2011,Gujranwala,Punjab,Marble,Buff Marble,Polished,22,20.0,240.91,0.0,4818.2,Credit (30 days),Hamza Sheikh,Depot - Multan,Delivered,6.0
ORD101617,2025-05-24,CUST2382,Gujranwala,Punjab,Marble,Black Galaxy,Polished,22,47.9,186.63,0.0,8939.58,Cash,Ahmed Raza,Main Yard - Chiniot,Delivered,12.0
ORD100264,2024-01-25,CUST2391,Peshawar,KPK,Tile,Indus Green,Polished,16,20.0,100.59,0.0,2011.8,Cash,Ahmed Raza,Depot - Multan,Cancelled,5.0
ORD100165,2025-12-16,CUST2609,Lahore,Punjab,Granite,Teri White,Polished,18,35.9,246.04,0.0,8832.84,Cash,Tariq Mehmood,Main Yard - Chiniot,In Transit,9.0
ORD101288,2024-02-07,CUST3384,Gujranwala,Punjab,Marble,Teri White,Polished,30,53.4,166.38,0.0,8884.69,Bank Transfer,Zain Abbas,Depot - Multan,Cancelled,10.0
ORD102178,2025-08-01,CUST1301,Karachi,Sindh,Granite,Indus Green,Polished,16,67.0,295.29,0.0,19784.43,Cash,Fahad Malik,Depot - Multan,In Transit,8.0
ORD100361,2025-08-13,CUST1625,Gujranwala,Punjab,Marble,Teri White,Polished,22,58.8,182.64,0.0,10739.23,Cash,Ahmed Raza,Depot - Karachi,Pending,7.0
ORD100822,2025-01-24,CUST3360,Faisalabad,Punjab,Marble,Sunny Grey,Honed,30,98.0,181.16,0.0,17753.68,Bank Transfer,Zain Abbas,Main Yard - Chiniot,Delivered,5.0
ORD104734,2024-04-28,CUST1969,Islamabad,Federal,Granite,Teri White,Polished,22,55.4,224.3,0.0,12426.22,Bank Transfer,Zain Abbas,Depot - Lahore,Cancelled,7.0
ORD100529,2024-09-14,CUST1344,Karachi,Sindh,Marble,Indus Green,Polished,16,145.5,193.74,0.0,28189.17,Credit (30 days),Hamza Sheikh,Depot - Karachi,In Transit,10.0
ORD104323,2025-04-12,CUST2773,Islamabad,Federal,Marble,Botticino Beige,Polished,22,115.5,166.84,15.0,16379.52,Cheque,Tariq Mehmood,Depot - Karachi,Delivered,6.0
ORD104882,2025-01-26,CUST2365,Faisalabad,Punjab,Granite,Chaghi Golden,Flamed,16,20.0,294.05,0.0,5881.0,Cash,Usman Tariq,Depot - Lahore,Delivered,7.0
ORD101053,2024-04-05,CUST3027,Sialkot,Punjab,Marble,Buff Marble,Honed,30,204.5,238.26,0.0,48724.17,Credit (30 days),Ahmed Raza,Depot - Lahore,Cancelled,10.0
ORD102355,2025-11-28,CUST1499,Chiniot,Punjab,Tile,Buff Marble,Honed,16,98.4,81.42,0.0,8011.73,Cash,Tariq Mehmood,Depot - Karachi,Pending,5.0
ORD100655,2024-12-14,CUST2681,Gujranwala,Punjab,Marble,Indus Green,Polished,30,22.2,195.99,0.0,4350.98,Cash,Zain Abbas,Depot - Karachi,Delivered,4.0
ORD100878,2025-12-14,CUST2977,Sialkot,Punjab,Tile,Black Galaxy,Polished,22,87.1,94.33,0.0,8216.14,Bank Transfer,Hamza Sheikh,Depot - Lahore,Delivered,4.0
ORD101134,2024-08-29,CUST3463,Karachi,Sindh,Marble,Teri White,Flamed,30,92.6,228.59,0.0,21167.43,Bank Transfer,Zain Abbas,Depot - Multan,In Transit,5.0
ORD102310,2024-08-05,CUST2415,Quetta,Balochistan,Marble,Indus Green,Bush Hammered,18,20.0,151.56,0.0,3031.2,Credit (30 days),Zain Abbas,Depot - Lahore,In Transit,7.0
ORD100576,2025-03-02,CUST1433,Gujranwala,Punjab,Onyx,Ziarat White,Polished,22,159.6,356.24,0.0,56855.9,Bank Transfer,Bilal Khan,Depot - Multan,Pending,5.0
ORD100736,2024-09-28,CUST1273,Sialkot,Punjab,Granite,Indus Green,Leather,18,50.3,263.38,0.0,13248.01,Bank Transfer,Hamza Sheikh,Main Yard - Chiniot,Delivered,3.0
ORD104602,2024-05-02,CUST1685,Gujranwala,Punjab,Marble,Teri White,Polished,30,105.6,211.74,0.0,22359.74,Cash,Ahmed Raza,Depot - Karachi,Delivered,5.0
ORD100818,2024-08-31,CUST1947,Peshawar,KPK,Marble,Botticino Beige,Polished,22,43.2,208.19,0.0,8993.81,Bank Transfer,Fahad Malik,Depot - Multan,Delivered,12.0
ORD102159,2025-07-23,CUST3058,Islamabad,Federal,Marble,Rangeela Marble,Polished,22,63.6,164.25,0.0,10446.3,Cash,Zain Abbas,Depot - Multan,Delivered,8.0
ORD100477,2025-03-03,CUST1578,Gujranwala,Punjab,Tile,Teri White,Polished,22,174.6,86.59,0.0,15118.61,Credit (30 days),Bilal Khan,Depot - Karachi,Pending,7.0
ORD101587,2025-07-11,CUST2459,Quetta,Balochistan,Marble,Teri White,Leather,30,119.7,178.38,5.0,20284.48,Cash,Bilal Khan,Depot - Karachi,Delivered,5.0
ORD100874,2025-03-07,CUST2538,Gujranwala,Punjab,Marble,Black Galaxy,Polished,30,38.8,178.94,0.0,6942.87,Bank Transfer,Saad Iqbal,Depot - Multan,Delivered,6.0
ORD103895,2025-05-20,CUST1061,Chiniot,Punjab,Marble,Black Galaxy,Flamed,22,154.2,137.29,10.0,19053.11,Credit (30 days),Bilal Khan,Depot - Lahore,In Transit,8.0
ORD102076,2025-08-10,CUST3094,Peshawar,KPK,Marble,Rangeela Marble,Honed,18,51.7,137.72,5.0,6764.12,Bank Transfer,Tariq Mehmood,Depot - Karachi,Cancelled,4.0
ORD104672,2025-07-08,CUST2564,Islamabad,Federal,Granite,Botticino Beige,Polished,16,198.1,211.84,0.0,41965.5,Cheque,Saad Iqbal,Depot - Karachi,Cancelled,7.0
ORD101795,2024-03-23,CUST2146,Rawalpindi,Punjab,Marble,Emperador Brown,Polished,16,167.7,167.11,0.0,28024.35,Bank Transfer,Tariq Mehmood,Depot - Karachi,Delivered,5.0
ORD102312,2025-01-28,CUST3193,Islamabad,Federal,Marble,Chaghi Golden,Polished,20,20.0,173.86,15.0,2955.62,Credit (30 days),Tariq Mehmood,Depot - Karachi,In Transit,6.0
ORD101033,2024-01-25,CUST2276,Gujranwala,Punjab,Granite,Multi Red,Polished,20,219.8,301.78,0.0,66331.24,Cash,Bilal Khan,Depot - Multan,Delivered,14.0
ORD101270,2025-04-22,CUST1234,Quetta,Balochistan,Marble,Buff Marble,Polished,20,444.9,157.2,10.0,62944.45,Bank Transfer,Zain Abbas,Depot - Multan,Delivered,6.0
ORD102671,2025-04-07,CUST1281,Quetta,Balochistan,Marble,Buff Marble,Polished,22,74.7,174.39,0.0,13026.93,Credit (30 days),Ahmed Raza,Main Yard - Chiniot,Delivered,11.0
ORD104917,2025-03-08,CUST1520,Peshawar,KPK,Marble,Ziarat White,Honed,16,53.1,179.12,15.0,8084.58,Bank Transfer,Fahad Malik,Depot - Lahore,Cancelled,3.0
ORD103755,2024-07-16,CUST3069,Peshawar,KPK,Granite,Ziarat White,Polished,20,78.7,243.63,0.0,19173.68,Bank Transfer,Saad Iqbal,Depot - Multan,In Transit,8.0
ORD104820,2024-02-19,CUST1397,Rawalpindi,Punjab,Onyx,Sunny Grey,Leather,20,49.8,451.26,15.0,19101.84,Cash,Ahmed Raza,Depot - Multan,Delivered,10.0
ORD102368,2025-08-26,CUST1754,Peshawar,KPK,Marble,Chaghi Golden,Honed,30,60.2,215.38,5.0,12317.58,Bank Transfer,Ahmed Raza,Depot - Multan,Delivered,9.0
ORD103936,2025-05-07,CUST2691,Chiniot,Punjab,Tile,Black Galaxy,Polished,30,68.2,103.3,0.0,7045.06,Bank Transfer,Tariq Mehmood,Main Yard - Chiniot,Cancelled,6.0
ORD102783,2025-08-08,CUST1250,Quetta,Balochistan,Marble,Teri White,Honed,20,41.5,135.05,0.0,5604.58,Credit (30 days),Tariq Mehmood,Depot - Karachi,Cancelled,6.0
ORD100379,2024-09-24,CUST1207,Peshawar,KPK,Marble,Indus Green,Polished,22,110.2,219.69,0.0,24209.84,Cash,Bilal Khan,Depot - Multan,In Transit,11.0
ORD100824,2024-01-13,CUST2618,Faisalabad,Punjab,Marble,Emperador Brown,Polished,22,127.3,245.32,0.0,31229.24,Credit (30 days),Saad Iqbal,Depot - Multan,Pending,7.0
ORD103505,2025-01-13,CUST2591,Quetta,Balochistan,Tile,Chiniot Black,Polished,16,68.3,76.26,0.0,5208.56,Credit (30 days),Ahmed Raza,Main Yard - Chiniot,Pending,10.0
ORD102384,2024-10-14,CUST2280,Faisalabad,Punjab,Marble,Teri White,Honed,16,74.8,153.75,0.0,11500.5,Bank Transfer,Tariq Mehmood,Depot - Karachi,Delivered,7.0
ORD100252,2024-10-20,CUST1024,Multan,Punjab,Marble,Buff Marble,Honed,30,106.0,227.66,5.0,22925.36,Bank Transfer,Usman Tariq,Main Yard - Chiniot,Pending,5.0
ORD104507,2025-06-06,CUST1894,Peshawar,KPK,Onyx,Rangeela Marble,Polished,22,67.8,486.14,0.0,32960.29,Bank Transfer,Zain Abbas,Main Yard - Chiniot,Pending,11.0
ORD103397,2024-08-21,CUST3332,Gujranwala,Punjab,Marble,Chiniot Black,Flamed,30,66.3,231.45,0.0,15345.13,Cheque,Tariq Mehmood,Depot - Lahore,Delivered,2.0
ORD104860,2025-03-11,CUST3220,Lahore,Punjab,Marble,Black Galaxy,Polished,16,73.4,168.46,0.0,12364.96,Cash,Saad Iqbal,Main Yard - Chiniot,Delivered,9.0
ORD103289,2025-02-06,CUST1115,Multan,Punjab,Onyx,Multi Red,Honed,18,202.7,383.22,0.0,77678.69,Cash,Fahad Malik,Depot - Lahore,Cancelled,9.0
ORD103659,2025-05-17,CUST1474,Quetta,Balochistan,Granite,Ziarat White,Honed,18,100.3,331.07,0.0,33206.32,Bank Transfer,Ahmed Raza,Depot - Multan,Cancelled,7.0
ORD101155,2024-10-29,CUST1406,Multan,Punjab,Marble,Botticino Beige,Polished,18,20.0,129.74,5.0,2465.06,Bank Transfer,Ahmed Raza,Depot - Multan,Delivered,8.0
ORD100887,2024-09-19,CUST2004,Peshawar,KPK,Marble,Botticino Beige,Honed,20,84.7,182.33,0.0,15443.35,Credit (30 days),Tariq Mehmood,Depot - Lahore,Delivered,6.0
ORD103238,2024-08-11,CUST2293,Gujranwala,Punjab,Tile,Chiniot Black,Bush Hammered,22,38.6,101.15,5.0,3709.17,Bank Transfer,Bilal Khan,Depot - Lahore,Delivered,7.0
ORD102616,2024-11-01,CUST2654,Gujranwala,Punjab,Marble,Ziarat White,Flamed,16,27.6,196.09,0.0,5412.08,Credit (30 days),Ahmed Raza,Depot - Karachi,Delivered,5.0
ORD102197,2024-06-26,CUST1675,Peshawar,KPK,Marble,Buff Marble,Leather,22,240.1,188.82,0.0,45335.68,Bank Transfer,Usman Tariq,Depot - Karachi,In Transit,6.0
ORD100705,2025-10-20,CUST3000,Multan,Punjab,Marble,Chaghi Golden,Polished,22,71.6,185.54,0.0,13284.66,Bank Transfer,Zain Abbas,Depot - Multan,Pending,7.0
ORD103563,2025-01-23,CUST1619,Lahore,Punjab,Granite,Emperador Brown,Leather,18,28.2,261.63,0.0,7377.97,Bank Transfer,Zain Abbas,Depot - Multan,Delivered,5.0
ORD103410,2025-09-15,CUST2090,Quetta,Balochistan,Tile,Multi Red,Flamed,30,149.4,115.89,15.0,14716.87,Cash,Ahmed Raza,Depot - Lahore,Cancelled,4.0
ORD101060,2025-11-11,CUST3157,Gujranwala,Punjab,Marble,Emperador Brown,Honed,18,126.3,178.12,10.0,20246.9,Bank Transfer,Bilal Khan,Depot - Lahore,Cancelled,3.0
ORD103947,2024-04-03,CUST1539,Gujranwala,Punjab,Marble,Teri White,Polished,18,251.4,189.9,0.0,47740.86,Bank Transfer,Hamza Sheikh,Depot - Lahore,Cancelled,7.0
ORD103550,2025-03-31,CUST1632,Multan,Punjab,Tile,Teri White,Polished,16,85.4,97.86,0.0,8357.24,Cheque,Bilal Khan,Main Yard - Chiniot,Pending,7.0
ORD102343,2025-05-24,CUST1880,Sialkot,Punjab,Marble,Chaghi Golden,Leather,16,160.4,227.2,0.0,36442.88,Cash,Saad Iqbal,Depot - Karachi,Delivered,4.0
ORD102075,2024-06-01,CUST2414,Rawalpindi,Punjab,Granite,Chaghi Golden,Flamed,20,95.6,288.76,0.0,27605.46,Bank Transfer,Usman Tariq,Depot - Lahore,Delivered,7.0
ORD104233,2025-03-25,CUST2892,Mianwali,Punjab,Onyx,Teri White,Polished,20,345.6,330.49,0.0,114217.34,Cash,Fahad Malik,Depot - Lahore,Cancelled,8.0
ORD104605,2025-12-03,CUST2402,Sialkot,Punjab,Marble,Sunny Grey,Flamed,20,42.9,182.53,0.0,7830.54,Bank Transfer,Ahmed Raza,Depot - Lahore,Pending,2.0
ORD102943,2025-07-29,CUST2910,Chiniot,Punjab,Granite,Multi Red,Polished,18,20.0,274.62,0.0,5492.4,Credit (30 days),Fahad Malik,Depot - Multan,Pending,9.0
ORD100359,2024-11-18,CUST1886,Peshawar,KPK,Granite,Multi Red,Polished,18,227.8,291.06,10.0,59673.12,Cash,Usman Tariq,Main Yard - Chiniot,In Transit,7.0
ORD101817,2025-05-19,CUST1823,Mianwali,Punjab,Marble,Emperador Brown,Polished,30,244.0,196.2,0.0,47872.8,Cash,Ahmed Raza,Main Yard - Chiniot,Pending,4.0
ORD102268,2025-03-31,CUST2397,Quetta,Balochistan,Marble,Black Galaxy,Polished,18,205.8,237.69,0.0,48916.6,Bank Transfer,Zain Abbas,Main Yard - Chiniot,Pending,3.0
ORD100372,2024-07-02,CUST3341,Multan,Punjab,Granite,Ziarat White,Polished,18,61.7,276.2,0.0,17041.54,Bank Transfer,Hamza Sheikh,Main Yard - Chiniot,Pending,11.0
ORD101200,2024-04-06,CUST3203,Faisalabad,Punjab,Marble,Chaghi Golden,Polished,18,164.1,206.38,0.0,33866.96,Cash,Usman Tariq,Depot - Multan,Pending,7.0
ORD100350,2024-06-06,CUST2645,Sialkot,Punjab,Marble,Sunny Grey,Polished,18,29.0,180.52,0.0,5235.08,Bank Transfer,Usman Tariq,Depot - Karachi,Pending,7.0
ORD101625,2024-12-14,CUST3175,Multan,Punjab,Tile,Chiniot Black,Bush Hammered,18,107.8,87.75,0.0,9459.45,Cash,Zain Abbas,Depot - Multan,Delivered,9.0
ORD104224,2024-04-28,CUST1253,Gujranwala,Punjab,Onyx,Ziarat White,Flamed,30,178.9,488.73,0.0,87433.8,Bank Transfer,Hamza Sheikh,Main Yard - Chiniot,Cancelled,4.0
ORD101101,2025-09-16,CUST1636,Gujranwala,Punjab,Tile,Multi Red,Polished,20,124.4,103.73,5.0,12258.81,Cash,Ahmed Raza,Depot - Multan,Delivered,9.0
ORD102553,2025-02-18,CUST1517,Chiniot,Punjab,Granite,Emperador Brown,Polished,16,131.0,210.57,10.0,24826.2,Cash,Hamza Sheikh,Depot - Multan,In Transit,6.0
ORD104393,2025-09-28,CUST1681,Quetta,Balochistan,Marble,Ziarat White,Polished,16,121.3,227.83,0.0,27635.78,Cash,Hamza Sheikh,Main Yard - Chiniot,Delivered,6.0
ORD104285,2024-06-10,CUST1726,Faisalabad,Punjab,Marble,Indus Green,Polished,22,64.9,175.1,0.0,11363.99,Credit (30 days),Usman Tariq,Depot - Karachi,Delivered,2.0
ORD101790,2024-09-02,CUST1600,Gujranwala,Punjab,Marble,Buff Marble,Polished,16,256.0,241.92,5.0,58834.94,Credit (30 days),Zain Abbas,Depot - Multan,Pending,9.0
ORD103684,2024-08-26,CUST1740,Mianwali,Punjab,Marble,Black Galaxy,Bush Hammered,30,70.9,190.83,10.0,12176.86,Bank Transfer,Fahad Malik,Depot - Multan,Pending,6.0
ORD100506,2024-01-23,CUST1524,Lahore,Punjab,Marble,Sunny Grey,Honed,30,31.2,135.95,0.0,4241.64,Cash,Fahad Malik,Depot - Karachi,Pending,5.0
ORD102131,2025-09-13,CUST1082,Karachi,Sindh,Tile,Ziarat White,Flamed,16,24.6,93.63,0.0,2303.3,Credit (30 days),Saad Iqbal,Main Yard - Chiniot,Delivered,7.0
ORD100425,2024-01-15,CUST2595,Quetta,Balochistan,Marble,Teri White,Flamed,30,50.3,216.14,0.0,10871.84,Cash,Ahmed Raza,Depot - Karachi,Delivered,7.0
ORD100284,2024-04-12,CUST3083,Chiniot,Punjab,Tile,Chiniot Black,Honed,20,105.2,99.43,10.0,9414.03,Bank Transfer,Bilal Khan,Main Yard - Chiniot,Pending,6.0
ORD103913,2025-10-07,CUST2163,Karachi,Sindh,Marble,Chiniot Black,Polished,18,283.0,168.64,0.0,47725.12,Credit (30 days),Hamza Sheikh,Depot - Lahore,Cancelled,7.0
ORD104193,2025-05-21,CUST3380,Gujranwala,Punjab,Granite,Ziarat White,Polished,18,260.4,249.37,0.0,64935.95,Cash,Hamza Sheikh,Depot - Multan,Pending,6.0
ORD104999,2024-01-15,CUST1119,Multan,Punjab,Marble,Teri White,Polished,30,50.6,176.03,0.0,8907.12,Bank Transfer,Ahmed Raza,Depot - Multan,Pending,6.0
ORD100450,2024-05-04,CUST2613,Peshawar,KPK,Onyx,Multi Red,Honed,20,435.2,477.85,0.0,207960.32,Cash,Hamza Sheikh,Depot - Multan,Pending,9.0
ORD104149,2025-12-02,CUST2991,Peshawar,KPK,Marble,Chiniot Black,Flamed,16,146.0,190.56,0.0,27821.76,Bank Transfer,Tariq Mehmood,Depot - Multan,Delivered,7.0
ORD102703,2024-07-28,CUST2506,Peshawar,KPK,Tile,Emperador Brown,Leather,16,28.7,109.75,0.0,3149.82,Bank Transfer,Hamza Sheikh,Depot - Multan,Delivered,6.0
ORD104880,2025-08-08,CUST1022,Rawalpindi,Punjab,Granite,Botticino Beige,Honed,18,20.0,210.07,0.0,4201.4,Cheque,Usman Tariq,Depot - Karachi,Delivered,5.0
ORD100418,2024-12-06,CUST1420,Chiniot,Punjab,Onyx,Teri White,Polished,18,299.8,427.66,0.0,128212.47,Bank Transfer,Ahmed Raza,Depot - Lahore,Pending,9.0
ORD100944,2024-08-12,CUST3085,Multan,Punjab,Marble,Rangeela Marble,Flamed,30,59.8,258.09,0.0,14662.09,Credit (30 days),Fahad Malik,Depot - Lahore,Pending,5.0
ORD100273,2024-12-01,CUST3443,Multan,Punjab,Granite,Sunny Grey,Polished,18,92.5,296.71,0.0,27445.68,Cash,Bilal Khan,Depot - Karachi,Delivered,6.0
ORD103665,2024-08-07,CUST2774,Karachi,Sindh,Granite,Buff Marble,Polished,30,69.8,255.21,10.0,16032.29,Bank Transfer,Ahmed Raza,Depot - Lahore,Delivered,10.0
ORD100652,2025-08-01,CUST2264,Mianwali,Punjab,Granite,Buff Marble,Polished,22,110.1,340.46,0.0,37484.65,Bank Transfer,Tariq Mehmood,Main Yard - Chiniot,Delivered,6.0
ORD100319,2025-04-24,CUST1165,Karachi,Sindh,Granite,Rangeela Marble,Polished,16,349.0,285.81,0.0,99747.69,Credit (30 days),Fahad Malik,Depot - Lahore,Pending,8.0
ORD101732,2024-05-30,CUST1589,Islamabad,Federal,Marble,Emperador Brown,Polished,30,48.7,219.5,0.0,10689.65,Cash,Fahad Malik,Main Yard - Chiniot,Cancelled,4.0
ORD100118,2024-05-06,CUST1678,Peshawar,KPK,Marble,Rangeela Marble,Flamed,22,266.7,234.56,0.0,62557.15,Credit (30 days),Ahmed Raza,Main Yard - Chiniot,In Transit,12.0
ORD102733,2025-07-24,CUST1383,Chiniot,Punjab,Onyx,Sunny Grey,Polished,16,91.7,377.25,0.0,34593.83,Cash,Zain Abbas,Main Yard - Chiniot,In Transit,6.0
ORD100654,2024-06-21,CUST1525,Rawalpindi,Punjab,Marble,Chiniot Black,Polished,30,27.7,185.79,0.0,5146.38,Cheque,Zain Abbas,Main Yard - Chiniot,Delivered,5.0
ORD102500,2024-12-04,CUST2508,Islamabad,Federal,Marble,Chiniot Black,Polished,22,27.1,162.3,0.0,4398.33,Bank Transfer,Usman Tariq,Depot - Multan,Delivered,3.0
ORD100973,2025-10-19,CUST1889,Gujranwala,Punjab,Onyx,Indus Green,Honed,16,75.5,389.43,0.0,29401.96,Cash,Bilal Khan,Depot - Karachi,In Transit,3.0
ORD100525,2024-06-15,CUST3488,Mianwali,Punjab,Marble,Emperador Brown,Honed,22,127.3,193.26,0.0,24602.0,Cash,Fahad Malik,Main Yard - Chiniot,Pending,7.0
ORD100947,2024-01-13,CUST1839,Karachi,Sindh,Marble,Rangeela Marble,Polished,30,75.1,237.49,0.0,17835.5,Bank Transfer,Usman Tariq,Main Yard - Chiniot,Delivered,6.0
ORD101381,2024-11-22,CUST2146,Rawalpindi,Punjab,Marble,Multi Red,Polished,20,272.0,151.58,0.0,41229.76,Credit (30 days),Saad Iqbal,Depot - Karachi,Delivered,4.0
ORD104600,2025-09-07,CUST2696,Chiniot,Punjab,Onyx,Buff Marble,Honed,30,20.0,535.44,0.0,10708.8,Bank Transfer,Tariq Mehmood,Depot - Lahore,In Transit,11.0
ORD102358,2025-11-16,CUST2791,Gujranwala,Punjab,Tile,Black Galaxy,Polished,16,265.5,80.36,0.0,21335.58,Bank Transfer,Hamza Sheikh,Depot - Karachi,Delivered,5.0
ORD100268,2025-05-22,CUST1087,Rawalpindi,Punjab,Marble,Multi Red,Leather,20,102.8,204.52,0.0,21024.66,Bank Transfer,Usman Tariq,Depot - Lahore,In Transit,4.0
ORD101496,2024-08-21,CUST2045,Islamabad,Federal,Granite,Rangeela Marble,Polished,18,20.0,216.3,0.0,4326.0,Cash,Zain Abbas,Depot - Karachi,Delivered,10.0
ORD104852,2024-09-03,CUST2293,Sialkot,Punjab,Marble,Buff Marble,Polished,20,421.3,169.69,0.0,71490.4,Bank Transfer,Ahmed Raza,Depot - Lahore,Delivered,9.0
ORD103244,2024-08-19,CUST1252,Faisalabad,Punjab,Onyx,Teri White,Polished,20,67.9,356.98,10.0,21815.05,Bank Transfer,Ahmed Raza,Depot - Karachi,Delivered,5.0
ORD101019,2025-07-07,CUST2844,Faisalabad,Punjab,Marble,Black Galaxy,Honed,22,156.5,175.38,0.0,27446.97,Bank Transfer,Fahad Malik,Depot - Karachi,Delivered,8.0
ORD101086,2025-06-14,CUST2776,Lahore,Punjab,Tile,Botticino Beige,Honed,20,46.0,104.37,0.0,4801.02,Bank Transfer,Usman Tariq,Main Yard - Chiniot,In Transit,7.0
ORD100203,2024-10-06,CUST1964,Karachi,Sindh,Marble,Emperador Brown,Honed,18,53.2,213.74,0.0,11370.97,Cheque,Fahad Malik,Depot - Karachi,Pending,8.0
ORD100444,2025-04-06,CUST1570,Mianwali,Punjab,Marble,Rangeela Marble,Polished,16,29.5,150.28,5.0,4211.6,Cheque,Usman Tariq,Depot - Lahore,Cancelled,8.0
ORD101516,2024-10-04,CUST1558,Multan,Punjab,Granite,Teri White,Polished,22,32.5,229.35,0.0,7453.88,Cheque,Tariq Mehmood,Depot - Lahore,Delivered,8.0
ORD104075,2025-02-26,CUST2638,Karachi,Sindh,Marble,Chiniot Black,Honed,18,35.1,131.28,0.0,4607.93,Cheque,Ahmed Raza,Depot - Lahore,Delivered,4.0
ORD102872,2025-09-26,CUST3284,Chiniot,Punjab,Marble,Multi Red,Polished,18,52.2,158.17,0.0,8256.47,Bank Transfer,Hamza Sheikh,Depot - Lahore,Delivered,7.0
ORD101102,2025-06-14,CUST1400,Mianwali,Punjab,Granite,Chiniot Black,Polished,22,71.8,232.93,0.0,16724.37,Cheque,Bilal Khan,Depot - Multan,Delivered,9.0
ORD103907,2025-04-27,CUST1923,Faisalabad,Punjab,Tile,Sunny Grey,Polished,18,202.7,95.76,0.0,19410.55,Bank Transfer,Hamza Sheikh,Depot - Multan,Delivered,7.0
ORD102699,2025-02-28,CUST1053,Islamabad,Federal,Marble,Teri White,Polished,30,39.6,146.65,5.0,5516.97,Cash,Zain Abbas,Main Yard - Chiniot,In Transit,6.0
ORD104174,2025-02-28,CUST3472,Gujranwala,Punjab,Onyx,Multi Red,Polished,22,137.9,610.68,10.0,75791.49,Cash,Zain Abbas,Depot - Lahore,Pending,4.0
ORD104354,2025-03-16,CUST2258,Chiniot,Punjab,Marble,Buff Marble,Polished,22,141.5,241.82,0.0,34217.53,Cash,Ahmed Raza,Main Yard - Chiniot,Delivered,7.0
ORD100685,2024-09-28,CUST1087,Sialkot,Punjab,Marble,Botticino Beige,Polished,16,45.1,157.2,10.0,6380.75,Cash,Saad Iqbal,Depot - Lahore,Delivered,9.0
ORD103853,2025-07-31,CUST2134,Sialkot,Punjab,Granite,Black Galaxy,Polished,18,71.6,234.74,0.0,16807.38,Cheque,Usman Tariq,Depot - Karachi,Pending,9.0
ORD100849,2025-01-24,CUST3215,Multan,Punjab,Tile,Buff Marble,Honed,20,37.1,76.13,0.0,2824.42,Cash,Ahmed Raza,Depot - Lahore,Pending,8.0
ORD102070,2024-08-15,CUST3013,Karachi,Sindh,Granite,Chiniot Black,Polished,16,20.0,246.64,0.0,4932.8,Cash,Tariq Mehmood,Depot - Karachi,Delivered,6.0
ORD101353,2024-08-20,CUST1920,Karachi,Sindh,Tile,Chiniot Black,Leather,18,318.9,94.29,5.0,28565.63,Credit (30 days),Saad Iqbal,Depot - Karachi,Delivered,10.0
ORD104401,2024-02-21,CUST1623,Lahore,Punjab,Marble,Ziarat White,Polished,30,62.1,232.32,0.0,14427.07,Cheque,Ahmed Raza,Depot - Lahore,Delivered,9.0
ORD101188,2025-01-10,CUST2729,Gujranwala,Punjab,Marble,Black Galaxy,Honed,18,57.9,175.81,0.0,10179.4,Cash,Fahad Malik,Main Yard - Chiniot,Cancelled,8.0
ORD100720,2025-05-14,CUST3263,Islamabad,Federal,Granite,Emperador Brown,Honed,16,465.0,288.63,0.0,134212.95,Bank Transfer,Bilal Khan,Depot - Lahore,Cancelled,3.0
ORD102174,2024-12-24,CUST3347,Peshawar,KPK,Marble,Multi Red,Leather,30,168.8,208.07,0.0,35122.22,Cash,Ahmed Raza,Main Yard - Chiniot,Delivered,4.0
ORD102708,2025-02-04,CUST3173,Karachi,Sindh,Granite,Sunny Grey,Flamed,16,65.8,246.08,0.0,16192.06,Bank Transfer,Fahad Malik,Depot - Multan,Pending,11.0
ORD103019,2024-06-16,CUST3491,Gujranwala,Punjab,Marble,Indus Green,Polished,30,209.4,179.31,0.0,37547.51,Cash,Tariq Mehmood,Depot - Multan,In Transit,11.0
ORD101442,2025-05-22,CUST1576,Islamabad,Federal,Granite,Emperador Brown,Polished,22,24.1,226.45,0.0,5457.44,Bank Transfer,Bilal Khan,Main Yard - Chiniot,Delivered,6.0
ORD101903,2024-11-23,CUST1477,Sialkot,Punjab,Marble,Black Galaxy,Bush Hammered,16,61.4,183.82,10.0,10157.89,Cheque,Saad Iqbal,Depot - Lahore,In Transit,8.0
ORD103643,2024-07-23,CUST2797,Islamabad,Federal,Marble,Chaghi Golden,Honed,30,207.2,213.87,0.0,44313.86,Bank Transfer,Ahmed Raza,Depot - Multan,In Transit,6.0
ORD101057,2024-11-06,CUST2832,Quetta,Balochistan,Marble,Emperador Brown,Polished,30,20.0,187.16,10.0,3368.88,Credit (30 days),Bilal Khan,Main Yard - Chiniot,Delivered,8.0
ORD102561,2024-07-25,CUST2862,Mianwali,Punjab,Marble,Chaghi Golden,Polished,16,172.2,165.81,0.0,28552.48,Cheque,Saad Iqbal,Depot - Karachi,In Transit,10.0
ORD102532,2025-02-19,CUST2894,Quetta,Balochistan,Marble,Botticino Beige,Bush Hammered,20,34.4,190.05,5.0,6210.83,Cash,Bilal Khan,Depot - Lahore,Delivered,2.0
ORD102900,2024-03-08,CUST1246,Lahore,Punjab,Marble,Teri White,Polished,30,529.8,168.95,0.0,89509.71,Cheque,Hamza Sheikh,Main Yard - Chiniot,Delivered,3.0
ORD100578,2024-02-16,CUST3116,Lahore,Punjab,Onyx,Buff Marble,Polished,20,153.5,492.3,0.0,75568.05,Cheque,Bilal Khan,Depot - Lahore,In Transit,4.0
ORD102807,2024-06-08,CUST2167,Peshawar,KPK,Marble,Chiniot Black,Flamed,20,111.7,150.25,0.0,16782.92,Credit (30 days),Bilal Khan,Depot - Lahore,In Transit,4.0
ORD100325,2024-12-18,CUST1572,Karachi,Sindh,Onyx,Rangeela Marble,Polished,16,50.2,384.15,5.0,18320.11,Cash,Tariq Mehmood,Depot - Karachi,Delivered,7.0
ORD100907,2024-11-09,CUST2477,Peshawar,KPK,Tile,Botticino Beige,Polished,30,83.6,83.82,0.0,7007.35,Bank Transfer,Saad Iqbal,Depot - Multan,Pending,4.0
ORD103340,2024-09-12,CUST1922,Gujranwala,Punjab,Marble,Chiniot Black,Polished,22,43.8,229.27,0.0,10042.03,Bank Transfer,Hamza Sheikh,Main Yard - Chiniot,Delivered,7.0
ORD101018,2024-05-19,CUST2167,Islamabad,Federal,Onyx,Teri White,Polished,22,209.7,453.19,0.0,95033.94,Bank Transfer,Tariq Mehmood,Depot - Karachi,Pending,9.0
ORD102673,2025-07-09,CUST2803,Chiniot,Punjab,Marble,Teri White,Polished,20,114.8,174.68,0.0,20053.26,Bank Transfer,Bilal Khan,Depot - Lahore,Delivered,8.0
ORD104789,2025-08-07,CUST1881,Mianwali,Punjab,Marble,Chaghi Golden,Polished,20,70.4,201.24,0.0,14167.3,Cash,Saad Iqbal,Depot - Lahore,In Transit,5.0
ORD101640,2025-08-09,CUST3377,Chiniot,Punjab,Marble,Black Galaxy,Polished,20,47.4,216.28,0.0,10251.67,Credit (30 days),Bilal Khan,Depot - Karachi,Delivered,5.0
ORD104060,2024-02-09,CUST3141,Lahore,Punjab,Onyx,Rangeela Marble,Leather,30,110.4,492.02,10.0,48887.11,Cheque,Tariq Mehmood,Depot - Karachi,Delivered,6.0
ORD100441,2025-12-06,CUST1288,Islamabad,Federal,Marble,Chiniot Black,Polished,22,71.9,151.09,0.0,10863.37,Bank Transfer,Tariq Mehmood,Depot - Multan,Cancelled,6.0
ORD100813,2024-08-09,CUST3097,Sialkot,Punjab,Granite,Botticino Beige,Polished,22,79.7,259.09,0.0,20649.47,Cheque,Bilal Khan,Main Yard - Chiniot,Pending,6.0
ORD104499,2024-05-20,CUST1120,Mianwali,Punjab,Marble,Buff Marble,Flamed,20,342.0,227.79,0.0,77904.18,Bank Transfer,Saad Iqbal,Main Yard - Chiniot,Pending,11.0
ORD103922,2025-04-11,CUST3420,Mianwali,Punjab,Marble,Sunny Grey,Polished,20,106.7,193.45,0.0,20641.11,Cash,Fahad Malik,Depot - Karachi,Delivered,9.0
ORD104910,2025-04-27,CUST1261,Lahore,Punjab,Granite,Chiniot Black,Polished,18,68.1,194.47,0.0,13243.41,Credit (30 days),Usman Tariq,Main Yard - Chiniot,Delivered,4.0
ORD104006,2025-03-03,CUST1433,Chiniot,Punjab,Marble,Botticino Beige,Polished,16,134.9,197.95,0.0,26703.46,Cash,Fahad Malik,Depot - Lahore,Delivered,5.0
ORD104595,2024-05-23,CUST1014,Mianwali,Punjab,Onyx,Sunny Grey,Honed,30,283.0,432.4,10.0,110132.28,Cash,Saad Iqbal,Depot - Multan,Delivered,9.0
ORD101497,2024-03-18,CUST1030,Peshawar,KPK,Onyx,Chaghi Golden,Flamed,16,103.8,354.06,0.0,36751.43,Cash,Tariq Mehmood,Main Yard - Chiniot,Delivered,7.0
ORD101895,2024-09-28,CUST2830,Peshawar,KPK,Granite,Chiniot Black,Honed,20,131.8,270.61,0.0,35666.4,Bank Transfer,Fahad Malik,Depot - Multan,Delivered,6.0
ORD100140,2024-11-17,CUST1273,Chiniot,Punjab,Marble,Teri White,Polished,16,109.3,199.79,10.0,19653.34,Credit (30 days),Fahad Malik,Depot - Multan,Delivered,9.0
ORD103246,2024-02-21,CUST1646,Gujranwala,Punjab,Granite,Emperador Brown,Polished,20,104.1,331.31,15.0,29315.97,Bank Transfer,Tariq Mehmood,Depot - Karachi,Cancelled,3.0
ORD102488,2025-11-19,CUST1908,Gujranwala,Punjab,Tile,Ziarat White,Polished,16,363.0,101.56,0.0,36866.28,Cash,Saad Iqbal,Depot - Lahore,Delivered,7.0
ORD100424,2024-06-23,CUST1023,Mianwali,Punjab,Marble,Black Galaxy,Polished,18,133.8,209.29,0.0,28003.0,Cash,Bilal Khan,Main Yard - Chiniot,Cancelled,2.0
ORD104759,2024-11-28,CUST2036,Rawalpindi,Punjab,Tile,Sunny Grey,Honed,18,30.5,100.74,0.0,3072.57,Bank Transfer,Ahmed Raza,Depot - Karachi,Delivered,7.0
ORD104752,2025-12-29,CUST1320,Sialkot,Punjab,Onyx,Chaghi Golden,Polished,22,140.6,508.23,0.0,71457.14,Cash,Usman Tariq,Main Yard - Chiniot,In Transit,8.0
ORD100335,2025-08-07,CUST1191,Rawalpindi,Punjab,Marble,Sunny Grey,Honed,30,46.6,195.29,5.0,8645.49,Bank Transfer,Saad Iqbal,Depot - Karachi,Delivered,8.0
ORD102810,2024-11-12,CUST2768,Peshawar,KPK,Marble,Botticino Beige,Polished,18,141.3,173.69,0.0,24542.4,Cheque,Usman Tariq,Depot - Lahore,In Transit,11.0
ORD102104,2024-10-23,CUST1992,Lahore,Punjab,Marble,Black Galaxy,Polished,20,281.6,177.13,0.0,49879.81,Cash,Zain Abbas,Depot - Lahore,Cancelled,6.0
ORD101071,2025-01-03,CUST2463,Peshawar,KPK,Marble,Buff Marble,Polished,22,39.4,159.85,0.0,6298.09,Credit (30 days),Zain Abbas,Depot - Multan,In Transit,14.0
ORD103972,2025-12-19,CUST2433,Karachi,Sindh,Marble,Sunny Grey,Polished,16,123.8,151.47,0.0,18751.99,Credit (30 days),Zain Abbas,Depot - Multan,Pending,8.0
ORD103117,2024-09-26,CUST1474,Islamabad,Federal,Granite,Buff Marble,Leather,22,83.4,270.37,0.0,22548.86,Cash,Zain Abbas,Depot - Multan,In Transit,8.0
ORD100633,2024-10-20,CUST2765,Mianwali,Punjab,Marble,Botticino Beige,Polished,20,279.0,177.43,0.0,49502.97,Cheque,Hamza Sheikh,Depot - Karachi,Cancelled,8.0
ORD104048,2025-03-05,CUST1966,Karachi,Sindh,Marble,Emperador Brown,Polished,18,264.6,202.27,0.0,53520.64,Cheque,Saad Iqbal,Depot - Lahore,In Transit,6.0
ORD100948,2025-02-19,CUST2741,Chiniot,Punjab,Marble,Rangeela Marble,Polished,30,29.1,214.97,0.0,6255.63,Cash,Bilal Khan,Depot - Lahore,Delivered,4.0
ORD104405,2025-03-01,CUST2386,Islamabad,Federal,Marble,Teri White,Flamed,22,110.7,166.27,5.0,17485.78,Bank Transfer,Usman Tariq,Depot - Multan,Delivered,7.0
ORD101091,2024-12-04,CUST3035,Faisalabad,Punjab,Marble,Ziarat White,Polished,22,105.1,208.7,0.0,21934.37,Bank Transfer,Fahad Malik,Depot - Karachi,Pending,9.0
ORD101830,2024-03-09,CUST3410,Karachi,Sindh,Granite,Black Galaxy,Honed,16,172.8,310.44,15.0,45597.43,Cash,Ahmed Raza,Main Yard - Chiniot,Delivered,3.0
ORD100456,2025-10-19,CUST1246,Multan,Punjab,Marble,Buff Marble,Honed,16,256.2,196.01,0.0,50217.76,Bank Transfer,Bilal Khan,Depot - Multan,Delivered,7.0
ORD104695,2025-02-19,CUST1530,Karachi,Sindh,Marble,Chiniot Black,Leather,30,21.0,286.25,0.0,6011.25,Cash,Saad Iqbal,Depot - Lahore,Delivered,8.0
ORD100666,2025-07-07,CUST1229,Gujranwala,Punjab,Marble,Multi Red,Leather,22,20.0,208.79,0.0,4175.8,Bank Transfer,Tariq Mehmood,Depot - Lahore,Cancelled,9.0
ORD104461,2025-01-05,CUST1909,Gujranwala,Punjab,Marble,Multi Red,Polished,18,35.7,166.98,0.0,5961.19,Cash,Saad Iqbal,Depot - Karachi,Cancelled,7.0
ORD104722,2025-04-17,CUST2636,Sialkot,Punjab,Granite,Botticino Beige,Honed,22,126.5,241.09,0.0,30497.88,Cash,Zain Abbas,Main Yard - Chiniot,Delivered,9.0
ORD101061,2025-11-09,CUST1453,Lahore,Punjab,Onyx,Multi Red,Polished,18,88.2,390.76,5.0,32741.78,Cash,Fahad Malik,Depot - Karachi,Delivered,4.0
ORD104881,2025-09-22,CUST1070,Faisalabad,Punjab,Marble,Chaghi Golden,Polished,30,438.5,208.17,0.0,91282.54,Cheque,Usman Tariq,Depot - Lahore,Pending,9.0
ORD103132,2025-06-06,CUST1413,Multan,Punjab,Marble,Sunny Grey,Bush Hammered,20,59.6,162.1,0.0,9661.16,Cash,Fahad Malik,Main Yard - Chiniot,Delivered,3.0
ORD101208,2025-04-28,CUST3278,Multan,Punjab,Marble,Multi Red,Flamed,16,121.0,179.69,0.0,21742.49,Credit (30 days),Usman Tariq,Main Yard - Chiniot,Delivered,11.0
ORD103528,2024-10-13,CUST1289,Chiniot,Punjab,Marble,Black Galaxy,Polished,30,50.2,203.69,0.0,10225.24,Cash,Usman Tariq,Main Yard - Chiniot,In Transit,8.0
ORD101796,2024-10-07,CUST1528,Quetta,Balochistan,Marble,Sunny Grey,Polished,22,146.8,221.8,0.0,32560.24,Cash,Usman Tariq,Depot - Lahore,Delivered,10.0
ORD102218,2025-06-17,CUST2140,Quetta,Balochistan,Onyx,Chaghi Golden,Bush Hammered,16,185.7,403.89,15.0,63752.02,Cheque,Hamza Sheikh,Depot - Karachi,In Transit,10.0
ORD103062,2024-07-10,CUST1797,Rawalpindi,Punjab,Onyx,Chaghi Golden,Leather,16,88.3,331.05,0.0,29231.72,Bank Transfer,Bilal Khan,Main Yard - Chiniot,Delivered,12.0
ORD100522,2025-10-10,CUST1794,Sialkot,Punjab,Marble,Emperador Brown,Polished,20,20.0,153.41,5.0,2914.79,Bank Transfer,Bilal Khan,Depot - Lahore,In Transit,6.0
ORD103383,2025-01-18,CUST3471,Sialkot,Punjab,Marble,Teri White,Honed,22,21.1,218.15,10.0,4142.67,Bank Transfer,Saad Iqbal,Main Yard - Chiniot,In Transit,10.0
ORD100842,2024-07-30,CUST2466,Lahore,Punjab,Granite,Indus Green,Polished,30,49.5,308.84,0.0,15287.58,Cheque,Bilal Khan,Depot - Lahore,In Transit,6.0
ORD103689,2024-07-03,CUST1529,Faisalabad,Punjab,Marble,Indus Green,Leather,16,20.0,163.93,0.0,3278.6,Bank Transfer,Bilal Khan,Depot - Karachi,Cancelled,8.0
ORD104731,2024-05-23,CUST2051,Chiniot,Punjab,Granite,Buff Marble,Leather,16,300.6,239.32,10.0,64745.63,Cash,Ahmed Raza,Depot - Karachi,Cancelled,7.0
ORD104372,2024-07-05,CUST2603,Faisalabad,Punjab,Marble,Teri White,Polished,20,134.2,202.15,10.0,24415.68,Cash,Usman Tariq,Main Yard - Chiniot,Delivered,8.0
ORD101929,2024-04-02,CUST1148,Peshawar,KPK,Granite,Sunny Grey,Flamed,16,217.2,225.32,10.0,44045.55,Cheque,Ahmed Raza,Depot - Multan,Delivered,8.0
ORD103060,2024-01-16,CUST2532,Sialkot,Punjab,Marble,Teri White,Polished,22,64.6,150.81,5.0,9255.21,Cheque,Fahad Malik,Depot - Multan,In Transit,6.0
ORD100676,2024-04-07,CUST2134,Faisalabad,Punjab,Tile,Multi Red,Polished,20,284.8,108.57,10.0,27828.66,Cash,Tariq Mehmood,Depot - Multan,In Transit,7.0
ORD102873,2025-10-31,CUST1421,Chiniot,Punjab,Marble,Rangeela Marble,Leather,18,237.5,144.89,0.0,34411.38,Cheque,Hamza Sheikh,Depot - Multan,Delivered,7.0
ORD102056,2025-03-30,CUST1055,Faisalabad,Punjab,Marble,Botticino Beige,Polished,22,157.0,179.63,0.0,28201.91,Cheque,Usman Tariq,Depot - Lahore,Delivered,8.0
ORD100601,2024-06-02,CUST2003,Sialkot,Punjab,Onyx,Multi Red,Polished,20,249.6,455.12,5.0,107918.05,Bank Transfer,Usman Tariq,Depot - Karachi,In Transit,10.0
ORD100670,2024-01-15,CUST1686,Gujranwala,Punjab,Granite,Botticino Beige,Polished,22,20.0,322.01,0.0,6440.2,Cash,Ahmed Raza,Depot - Multan,In Transit,7.0
ORD101345,2025-02-26,CUST2971,Rawalpindi,Punjab,Granite,Emperador Brown,Polished,30,100.3,229.5,5.0,21867.91,Cheque,Fahad Malik,Main Yard - Chiniot,In Transit,3.0
ORD100727,2024-05-14,CUST3260,Islamabad,Federal,Marble,Black Galaxy,Polished,30,227.4,235.58,0.0,53570.89,Credit (30 days),Tariq Mehmood,Main Yard - Chiniot,Delivered,7.0
ORD103166,2024-11-12,CUST1522,Sialkot,Punjab,Tile,Black Galaxy,Polished,16,118.6,102.24,5.0,11519.38,Cash,Tariq Mehmood,Depot - Karachi,Delivered,10.0
ORD104458,2024-02-06,CUST3176,Gujranwala,Punjab,Marble,Chiniot Black,Polished,30,78.3,221.24,10.0,15590.78,Cash,Usman Tariq,Main Yard - Chiniot,Delivered,8.0
ORD104972,2025-04-06,CUST1272,Karachi,Sindh,Tile,Botticino Beige,Bush Hammered,30,87.0,94.29,0.0,8203.23,Bank Transfer,Saad Iqbal,Depot - Multan,Cancelled,6.0
ORD100053,2024-05-20,CUST2165,Faisalabad,Punjab,Marble,Sunny Grey,Polished,30,84.6,211.21,0.0,17868.37,Credit (30 days),Tariq Mehmood,Depot - Multan,Delivered,5.0
ORD104387,2024-07-11,CUST2962,Karachi,Sindh,Tile,Chaghi Golden,Honed,20,50.5,93.19,0.0,4706.1,Bank Transfer,Tariq Mehmood,Main Yard - Chiniot,Delivered,8.0
ORD100035,2024-05-19,CUST2994,Peshawar,KPK,Marble,Buff Marble,Flamed,30,131.1,224.71,0.0,29459.48,Bank Transfer,Fahad Malik,Depot - Lahore,Cancelled,7.0
ORD103120,2025-04-20,CUST2383,Lahore,Punjab,Marble,Botticino Beige,Polished,22,186.3,205.55,10.0,34464.57,Cheque,Hamza Sheikh,Depot - Lahore,Delivered,6.0
ORD102121,2025-06-08,CUST1756,Chiniot,Punjab,Tile,Black Galaxy,Flamed,30,200.4,91.37,0.0,18310.55,Bank Transfer,Fahad Malik,Depot - Lahore,Pending,8.0
ORD103954,2024-10-03,CUST3309,Faisalabad,Punjab,Marble,Multi Red,Polished,22,98.8,158.76,0.0,15685.49,Cash,Tariq Mehmood,Depot - Multan,Delivered,6.0
ORD103336,2024-09-05,CUST1014,Quetta,Balochistan,Marble,Sunny Grey,Polished,16,307.5,166.92,0.0,51327.9,Credit (30 days),Usman Tariq,Main Yard - Chiniot,In Transit,4.0
ORD104834,2024-01-02,CUST1336,Islamabad,Federal,Marble,Sunny Grey,Polished,30,46.1,209.16,5.0,9160.16,Cash,Ahmed Raza,Main Yard - Chiniot,Delivered,8.0
ORD103616,2025-09-28,CUST1827,Islamabad,Federal,Marble,Multi Red,Bush Hammered,30,42.8,191.71,0.0,8205.19,Credit (30 days),Saad Iqbal,Main Yard - Chiniot,Delivered,7.0
ORD101194,2025-08-03,CUST3398,Multan,Punjab,Marble,Chaghi Golden,Polished,20,26.2,259.7,0.0,6804.14,Credit (30 days),Saad Iqbal,Depot - Lahore,Delivered,8.0
ORD104943,2025-03-17,CUST1355,Karachi,Sindh,Marble,Multi Red,Honed,20,117.7,202.32,5.0,22622.41,Cash,Zain Abbas,Depot - Lahore,In Transit,3.0
ORD103411,2024-01-04,CUST2764,Faisalabad,Punjab,Marble,Black Galaxy,Polished,30,58.7,229.3,0.0,13459.91,Cash,Hamza Sheikh,Depot - Multan,Delivered,6.0
ORD102663,2024-10-17,CUST1333,Sialkot,Punjab,Marble,Botticino Beige,Polished,18,91.0,197.83,0.0,18002.53,Cash,Tariq Mehmood,Depot - Lahore,In Transit,5.0
ORD103811,2025-02-04,CUST1321,Rawalpindi,Punjab,Marble,Chaghi Golden,Bush Hammered,16,49.3,210.18,0.0,10361.87,Bank Transfer,Bilal Khan,Depot - Karachi,Pending,3.0
ORD100322,2024-11-26,CUST1266,Peshawar,KPK,Granite,Ziarat White,Polished,22,71.1,196.55,0.0,13974.7,Bank Transfer,Ahmed Raza,Main Yard - Chiniot,In Transit,13.0
ORD103021,2024-05-01,CUST1492,Chiniot,Punjab,Granite,Chaghi Golden,Honed,18,243.5,238.9,0.0,58172.15,Bank Transfer,Tariq Mehmood,Depot - Karachi,Pending,5.0
ORD100972,2024-07-15,CUST3112,Karachi,Sindh,Marble,Chaghi Golden,Honed,16,76.9,198.68,0.0,15278.49,Bank Transfer,Hamza Sheikh,Depot - Lahore,Delivered,7.0
ORD104537,2025-12-19,CUST2912,Rawalpindi,Punjab,Onyx,Botticino Beige,Polished,22,58.0,451.19,0.0,26169.02,Cheque,Saad Iqbal,Depot - Karachi,Delivered,7.0
ORD104058,2024-02-10,CUST1932,Multan,Punjab,Tile,Botticino Beige,Bush Hammered,22,20.0,89.04,0.0,1780.8,Cash,Hamza Sheikh,Depot - Multan,Delivered,8.0
ORD102240,2024-09-25,CUST1616,Sialkot,Punjab,Marble,Chaghi Golden,Polished,16,163.0,179.71,0.0,29292.73,Cheque,Fahad Malik,Depot - Multan,Cancelled,14.0
ORD103111,2024-08-21,CUST1315,Peshawar,KPK,Marble,Teri White,Polished,22,66.4,191.23,0.0,12697.67,Cash,Saad Iqbal,Depot - Lahore,Delivered,6.0
ORD102483,2025-09-18,CUST1106,Karachi,Sindh,Marble,Botticino Beige,Polished,18,193.1,204.7,0.0,39527.57,Bank Transfer,Fahad Malik,Depot - Karachi,In Transit,5.0
ORD104339,2024-12-30,CUST1819,Islamabad,Federal,Marble,Black Galaxy,Polished,22,54.8,167.4,0.0,9173.52,Cash,Hamza Sheikh,Depot - Multan,In Transit,6.0
ORD102336,2024-09-16,CUST2449,Quetta,Balochistan,Marble,Teri White,Polished,16,156.8,173.29,10.0,24454.68,Bank Transfer,Saad Iqbal,Depot - Multan,Delivered,6.0
ORD102607,2024-08-30,CUST1861,Mianwali,Punjab,Marble,Black Galaxy,Leather,30,20.0,175.0,0.0,3500.0,Cash,Hamza Sheikh,Depot - Lahore,Delivered,9.0
ORD100990,2024-09-12,CUST3130,Quetta,Balochistan,Tile,Sunny Grey,Polished,20,33.7,114.64,0.0,3863.37,Cheque,Hamza Sheikh,Main Yard - Chiniot,Pending,4.0
ORD102601,2024-03-22,CUST2012,Karachi,Sindh,Marble,Multi Red,Polished,18,42.1,188.84,0.0,7950.16,Cheque,Usman Tariq,Depot - Multan,Delivered,6.0
ORD104779,2025-08-03,CUST1835,Multan,Punjab,Marble,Emperador Brown,Polished,18,20.0,195.82,0.0,3916.4,Credit (30 days),Zain Abbas,Main Yard - Chiniot,Delivered,8.0
ORD102702,2025-05-29,CUST2914,Rawalpindi,Punjab,Granite,Chaghi Golden,Honed,16,41.6,251.18,0.0,10449.09,Cheque,Bilal Khan,Main Yard - Chiniot,Cancelled,8.0
ORD103214,2024-09-02,CUST2908,Rawalpindi,Punjab,Granite,Emperador Brown,Polished,22,244.6,274.78,0.0,67211.19,Credit (30 days),Saad Iqbal,Depot - Multan,Delivered,6.0
ORD102510,2025-05-27,CUST3064,Mianwali,Punjab,Marble,Black Galaxy,Flamed,18,92.8,237.55,0.0,22044.64,Cash,Fahad Malik,Depot - Karachi,In Transit,4.0
ORD104011,2025-01-02,CUST3384,Islamabad,Federal,Tile,Emperador Brown,Flamed,30,233.3,68.64,0.0,16013.71,Cash,Hamza Sheikh,Depot - Karachi,Delivered,8.0
ORD104163,2025-08-04,CUST3072,Mianwali,Punjab,Granite,Rangeela Marble,Honed,30,77.1,321.31,0.0,24773.0,Bank Transfer,Ahmed Raza,Depot - Karachi,Delivered,3.0
ORD104750,2025-08-03,CUST3492,Quetta,Balochistan,Marble,Buff Marble,Polished,18,207.5,178.77,0.0,37094.78,Cash,Fahad Malik,Depot - Multan,Pending,6.0
ORD102460,2025-06-24,CUST2411,Mianwali,Punjab,Marble,Multi Red,Polished,20,126.7,154.67,0.0,19596.69,Bank Transfer,Hamza Sheikh,Depot - Multan,Pending,8.0
ORD101308,2024-04-24,CUST2584,Gujranwala,Punjab,Marble,Sunny Grey,Polished,20,217.2,158.83,0.0,34497.88,Bank Transfer,Saad Iqbal,Depot - Multan,Delivered,14.0
ORD104288,2025-11-19,CUST2822,Quetta,Balochistan,Marble,Black Galaxy,Polished,20,121.8,154.93,0.0,18870.47,Credit (30 days),Zain Abbas,Depot - Lahore,Cancelled,6.0
ORD101163,2025-09-25,CUST1864,Rawalpindi,Punjab,Marble,Teri White,Polished,16,183.6,200.28,0.0,36771.41,Cash,Tariq Mehmood,Depot - Multan,Pending,3.0
ORD101973,2025-10-09,CUST3033,Peshawar,KPK,Marble,Sunny Grey,Polished,16,175.2,154.7,0.0,27103.44,Cash,Tariq Mehmood,Main Yard - Chiniot,Delivered,7.0
ORD102567,2024-06-13,CUST1101,Mianwali,Punjab,Marble,Sunny Grey,Polished,18,124.7,201.94,0.0,25181.92,Credit (30 days),Bilal Khan,Depot - Karachi,Delivered,7.0
ORD101731,2025-06-18,CUST2615,Mianwali,Punjab,Marble,Black Galaxy,Polished,30,70.5,216.03,5.0,14468.61,Bank Transfer,Fahad Malik,Main Yard - Chiniot,In Transit,7.0
ORD101394,2024-06-15,CUST1072,Faisalabad,Punjab,Granite,Multi Red,Flamed,18,149.3,319.8,0.0,47746.14,Bank Transfer,Tariq Mehmood,Depot - Lahore,In Transit,7.0
ORD100689,2025-10-26,CUST2391,Mianwali,Punjab,Granite,Chiniot Black,Polished,30,197.9,294.82,5.0,55427.63,Cash,Saad Iqbal,Main Yard - Chiniot,In Transit,5.0
ORD103137,2024-05-22,CUST1045,Multan,Punjab,Granite,Chaghi Golden,Leather,18,202.5,321.63,5.0,61873.57,Bank Transfer,Tariq Mehmood,Depot - Multan,Delivered,10.0
ORD100017,2024-03-26,CUST1515,Lahore,Punjab,Marble,Chaghi Golden,Polished,22,200.2,206.83,0.0,41407.37,Cash,Hamza Sheikh,Depot - Karachi,In Transit,7.0
ORD102353,2024-08-15,CUST1272,Sialkot,Punjab,Marble,Ziarat White,Flamed,22,27.6,177.5,10.0,4409.1,Cash,Usman Tariq,Depot - Multan,Delivered,12.0
ORD100792,2025-12-21,CUST1923,Chiniot,Punjab,Onyx,Rangeela Marble,Polished,22,41.1,360.33,0.0,14809.56,Credit (30 days),Fahad Malik,Main Yard - Chiniot,Delivered,8.0
ORD101029,2025-01-02,CUST1323,Multan,Punjab,Marble,Black Galaxy,Flamed,30,104.7,220.12,10.0,20741.91,Bank Transfer,Usman Tariq,Main Yard - Chiniot,Pending,9.0
ORD103912,2024-02-27,CUST3119,Mianwali,Punjab,Marble,Buff Marble,Polished,22,116.1,168.06,0.0,19511.77,Cheque,Saad Iqbal,Depot - Lahore,Delivered,9.0
ORD102385,2025-07-28,CUST1126,Faisalabad,Punjab,Marble,Rangeela Marble,Honed,16,57.8,184.08,0.0,10639.82,Cheque,Hamza Sheikh,Depot - Karachi,In Transit,5.0
ORD101260,2024-10-14,CUST1303,Gujranwala,Punjab,Tile,Chaghi Golden,Polished,20,224.3,98.42,0.0,22075.61,Cash,Hamza Sheikh,Main Yard - Chiniot,Delivered,6.0
ORD103725,2025-09-01,CUST2013,Lahore,Punjab,Marble,Buff Marble,Honed,18,68.6,227.67,0.0,15618.16,Credit (30 days),Ahmed Raza,Depot - Lahore,Delivered,1.0
ORD100728,2024-08-21,CUST3449,Rawalpindi,Punjab,Onyx,Buff Marble,Flamed,18,21.5,503.42,0.0,10823.53,Cheque,Ahmed Raza,Depot - Lahore,Pending,6.0
ORD102306,2024-04-30,CUST2878,Multan,Punjab,Granite,Chiniot Black,Polished,30,74.8,294.67,0.0,22041.32,Cheque,Zain Abbas,Depot - Multan,Pending,7.0
ORD100205,2025-04-20,CUST2958,Rawalpindi,Punjab,Marble,Black Galaxy,Polished,30,148.8,163.93,0.0,24392.78,Bank Transfer,Ahmed Raza,Depot - Karachi,Cancelled,6.0
ORD100146,2025-08-04,CUST2824,Lahore,Punjab,Marble,Botticino Beige,Polished,16,176.3,188.51,0.0,33234.31,Cash,Saad Iqbal,Depot - Lahore,Pending,4.0
ORD101813,2024-01-03,CUST1215,Gujranwala,Punjab,Marble,Botticino Beige,Honed,18,148.0,165.75,10.0,22077.9,Cash,Saad Iqbal,Depot - Lahore,Delivered,9.0
ORD102472,2024-10-25,CUST3330,Islamabad,Federal,Marble,Multi Red,Polished,16,93.2,138.95,0.0,12950.14,Cash,Tariq Mehmood,Main Yard - Chiniot,In Transit,6.0
ORD100882,2024-01-29,CUST1646,Gujranwala,Punjab,Tile,Black Galaxy,Polished,20,255.0,85.24,0.0,21736.2,Bank Transfer,Usman Tariq,Depot - Lahore,Cancelled,6.0
ORD102837,2025-01-03,CUST1699,Chiniot,Punjab,Marble,Rangeela Marble,Polished,20,67.4,143.95,0.0,9702.23,Cash,Zain Abbas,Main Yard - Chiniot,Pending,5.0
ORD102224,2025-07-25,CUST2444,Karachi,Sindh,Granite,Indus Green,Polished,30,154.1,365.38,0.0,56305.06,Bank Transfer,Usman Tariq,Depot - Karachi,Delivered,3.0
ORD100691,2025-01-14,CUST2094,Quetta,Balochistan,Marble,Sunny Grey,Polished,22,55.6,158.46,15.0,7488.82,Bank Transfer,Ahmed Raza,Main Yard - Chiniot,Delivered,7.0
ORD102257,2025-06-04,CUST1211,Faisalabad,Punjab,Marble,Indus Green,Bush Hammered,20,168.2,213.58,0.0,35924.16,Bank Transfer,Usman Tariq,Depot - Multan,Pending,5.0
ORD102892,2025-07-07,CUST3042,Chiniot,Punjab,Granite,Rangeela Marble,Polished,22,71.7,324.74,0.0,23283.86,Cash,Tariq Mehmood,Main Yard - Chiniot,Cancelled,11.0
ORD104926,2025-04-30,CUST2230,Gujranwala,Punjab,Marble,Rangeela Marble,Leather,20,42.9,122.06,0.0,5236.37,Cash,Tariq Mehmood,Main Yard - Chiniot,Cancelled,13.0
ORD101910,2024-09-04,CUST1580,Lahore,Punjab,Marble,Chaghi Golden,Polished,30,52.2,158.96,0.0,8297.71,Credit (30 days),Bilal Khan,Depot - Multan,Delivered,9.0
ORD100910,2024-11-19,CUST2313,Quetta,Balochistan,Granite,Teri White,Polished,18,280.2,257.5,0.0,72151.5,Credit (30 days),Bilal Khan,Depot - Karachi,Delivered,5.0
ORD100280,2025-05-12,CUST1677,Gujranwala,Punjab,Marble,Multi Red,Polished,18,166.7,145.61,0.0,24273.19,Bank Transfer,Fahad Malik,Depot - Karachi,Cancelled,2.0
ORD104803,2025-01-28,CUST3132,Lahore,Punjab,Onyx,Chaghi Golden,Honed,30,61.5,365.83,0.0,22498.54,Credit (30 days),Hamza Sheikh,Depot - Multan,In Transit,11.0
ORD104764,2025-09-14,CUST3421,Peshawar,KPK,Marble,Indus Green,Flamed,20,20.0,155.52,10.0,2799.36,Bank Transfer,Tariq Mehmood,Depot - Multan,Cancelled,7.0
ORD103356,2025-06-13,CUST2888,Rawalpindi,Punjab,Onyx,Ziarat White,Polished,30,31.9,455.22,0.0,14521.52,Bank Transfer,Saad Iqbal,Main Yard - Chiniot,Pending,2.0
ORD100915,2024-10-27,CUST2188,Lahore,Punjab,Onyx,Chaghi Golden,Honed,20,20.0,396.28,0.0,7925.6,Cash,Hamza Sheikh,Depot - Karachi,Delivered,2.0
ORD104173,2025-01-22,CUST2734,Karachi,Sindh,Marble,Botticino Beige,Flamed,18,38.5,234.61,15.0,7677.61,Cheque,Hamza Sheikh,Depot - Multan,Pending,4.0
ORD101531,2025-05-17,CUST1155,Sialkot,Punjab,Granite,Chaghi Golden,Polished,22,222.3,249.73,0.0,55514.98,Credit (30 days),Saad Iqbal,Main Yard - Chiniot,Delivered,5.0
ORD102734,2024-05-30,CUST3326,Faisalabad,Punjab,Marble,Buff Marble,Polished,30,124.1,202.11,0.0,25081.85,Credit (30 days),Ahmed Raza,Depot - Multan,Delivered,8.0
ORD102175,2025-06-11,CUST1125,Sialkot,Punjab,Marble,Chaghi Golden,Honed,16,92.4,179.54,0.0,16589.5,Bank Transfer,Hamza Sheikh,Main Yard - Chiniot,Delivered,5.0
ORD104611,2025-07-04,CUST1112,Lahore,Punjab,Tile,Ziarat White,Polished,20,59.6,95.94,0.0,5718.02,Credit (30 days),Tariq Mehmood,Depot - Multan,Pending,6.0
ORD102958,2025-11-10,CUST2071,Rawalpindi,Punjab,Marble,Buff Marble,Flamed,20,147.8,150.08,5.0,21072.73,Cheque,Fahad Malik,Depot - Lahore,Delivered,5.0
ORD101844,2024-10-28,CUST3265,Faisalabad,Punjab,Marble,Rangeela Marble,Flamed,16,198.0,128.04,0.0,25351.92,Credit (30 days),Ahmed Raza,Depot - Karachi,Delivered,8.0
ORD104924,2025-08-12,CUST3367,Quetta,Balochistan,Marble,Botticino Beige,Bush Hammered,16,59.7,150.56,0.0,8988.43,Bank Transfer,Usman Tariq,Depot - Lahore,Delivered,4.0
ORD102235,2024-02-11,CUST1604,Lahore,Punjab,Marble,Ziarat White,Bush Hammered,18,165.5,214.31,0.0,35468.3,Cash,Fahad Malik,Depot - Karachi,Pending,5.0
ORD102570,2024-10-20,CUST3269,Gujranwala,Punjab,Tile,Black Galaxy,Polished,16,35.5,111.35,0.0,3952.92,Bank Transfer,Hamza Sheikh,Depot - Multan,Cancelled,10.0
ORD102138,2024-02-11,CUST1871,Peshawar,KPK,Granite,Emperador Brown,Honed,22,40.5,308.45,0.0,12492.22,Cash,Fahad Malik,Depot - Multan,Cancelled,7.0
ORD102129,2024-05-15,CUST3480,Faisalabad,Punjab,Marble,Multi Red,Honed,18,48.9,164.55,10.0,7241.85,Bank Transfer,Usman Tariq,Depot - Multan,Pending,3.0
ORD100717,2024-12-04,CUST1915,Karachi,Sindh,Marble,Ziarat White,Polished,22,77.2,176.3,5.0,12929.84,Bank Transfer,Ahmed Raza,Depot - Multan,Delivered,14.0
ORD101116,2024-11-26,CUST2049,Gujranwala,Punjab,Marble,Ziarat White,Polished,22,378.3,146.26,0.0,55330.16,Credit (30 days),Hamza Sheikh,Depot - Karachi,Delivered,8.0
ORD103669,2024-02-15,CUST2842,Mianwali,Punjab,Granite,Emperador Brown,Leather,16,203.0,214.43,0.0,43529.29,Cash,Ahmed Raza,Depot - Multan,Cancelled,14.0
ORD101695,2025-03-03,CUST3015,Mianwali,Punjab,Granite,Sunny Grey,Polished,20,40.7,163.18,0.0,6641.43,Cash,Hamza Sheikh,Depot - Multan,In Transit,2.0
ORD102941,2024-11-03,CUST2959,Rawalpindi,Punjab,Marble,Black Galaxy,Polished,20,397.2,163.94,15.0,55349.42,Cash,Bilal Khan,Depot - Lahore,In Transit,5.0
ORD104187,2025-10-29,CUST1806,Peshawar,KPK,Marble,Indus Green,Polished,30,99.0,202.44,0.0,20041.56,Cash,Usman Tariq,Depot - Lahore,Delivered,6.0
ORD100432,2024-09-02,CUST3196,Peshawar,KPK,Granite,Black Galaxy,Leather,30,223.2,361.92,0.0,80780.54,Bank Transfer,Zain Abbas,Depot - Karachi,Delivered,9.0
ORD102902,2025-08-30,CUST2695,Karachi,Sindh,Marble,Chiniot Black,Honed,20,89.9,183.4,0.0,16487.66,Bank Transfer,Tariq Mehmood,Depot - Karachi,Delivered,6.0
ORD101429,2025-09-15,CUST1499,Multan,Punjab,Marble,Black Galaxy,Polished,30,45.0,207.49,0.0,9337.05,Credit (30 days),Fahad Malik,Depot - Multan,Delivered,4.0
ORD103842,2025-03-21,CUST1896,Multan,Punjab,Marble,Ziarat White,Honed,22,96.2,223.88,10.0,19383.53,Cash,Zain Abbas,Depot - Lahore,Pending,6.0
ORD104260,2025-01-30,CUST1813,Rawalpindi,Punjab,Granite,Ziarat White,Polished,16,20.0,290.59,0.0,5811.8,Cheque,Fahad Malik,Depot - Multan,Cancelled,5.0
ORD102455,2024-02-15,CUST2687,Mianwali,Punjab,Marble,Sunny Grey,Polished,20,172.3,214.81,0.0,37011.76,Bank Transfer,Fahad Malik,Depot - Lahore,Delivered,10.0
ORD104911,2025-04-01,CUST2204,Multan,Punjab,Marble,Teri White,Polished,18,232.6,182.62,0.0,42477.41,Credit (30 days),Zain Abbas,Depot - Multan,In Transit,7.0
ORD102325,2025-12-27,CUST3436,Rawalpindi,Punjab,Marble,Indus Green,Leather,20,38.1,215.26,0.0,8201.41,Cheque,Ahmed Raza,Main Yard - Chiniot,Delivered,9.0
ORD100644,2024-03-28,CUST2203,Gujranwala,Punjab,Marble,Ziarat White,Honed,18,62.7,200.68,10.0,11324.37,Cash,Zain Abbas,Depot - Multan,Cancelled,9.0
ORD101074,2024-05-05,CUST2559,Karachi,Sindh,Granite,Black Galaxy,Flamed,22,224.2,233.93,10.0,47202.4,Bank Transfer,Bilal Khan,Main Yard - Chiniot,Delivered,4.0
ORD103504,2025-07-25,CUST2925,Rawalpindi,Punjab,Marble,Ziarat White,Leather,22,99.5,188.08,5.0,17778.26,Credit (30 days),Zain Abbas,Main Yard - Chiniot,Delivered,8.0
ORD103533,2024-09-14,CUST1535,Islamabad,Federal,Onyx,Multi Red,Leather,16,522.0,427.08,0.0,222935.76,Bank Transfer,Hamza Sheikh,Main Yard - Chiniot,Delivered,7.0
ORD104029,2025-08-04,CUST2495,Gujranwala,Punjab,Granite,Multi Red,Leather,22,68.0,185.0,0.0,12580.0,Cash,Zain Abbas,Main Yard - Chiniot,Cancelled,7.0
ORD103265,2024-06-15,CUST3108,Karachi,Sindh,Marble,Sunny Grey,Leather,30,198.2,204.42,10.0,36464.44,Cash,Saad Iqbal,Depot - Karachi,Delivered,8.0
ORD102144,2024-07-02,CUST1290,Karachi,Sindh,Onyx,Ziarat White,Polished,20,83.9,354.98,0.0,29782.82,Cash,Fahad Malik,Depot - Multan,Delivered,9.0
ORD104506,2024-09-30,CUST1482,Rawalpindi,Punjab,Granite,Black Galaxy,Leather,16,38.3,242.53,0.0,9288.9,Cash,Hamza Sheikh,Depot - Lahore,Cancelled,9.0
ORD101723,2024-10-02,CUST1342,Peshawar,KPK,Tile,Buff Marble,Polished,18,105.0,86.03,0.0,9033.15,Credit (30 days),Tariq Mehmood,Depot - Multan,In Transit,7.0
ORD101936,2025-01-07,CUST1883,Sialkot,Punjab,Tile,Sunny Grey,Polished,30,20.0,94.61,0.0,1892.2,Cash,Hamza Sheikh,Depot - Karachi,Cancelled,5.0
ORD104365,2025-08-04,CUST1370,Chiniot,Punjab,Marble,Indus Green,Polished,16,20.0,194.09,10.0,3493.62,Cash,Ahmed Raza,Depot - Multan,In Transit,9.0
ORD104457,2024-09-08,CUST3163,Karachi,Sindh,Marble,Chaghi Golden,Polished,30,24.1,160.84,0.0,3876.24,Cash,Saad Iqbal,Depot - Lahore,Delivered,5.0
ORD101282,2025-09-03,CUST1007,Rawalpindi,Punjab,Marble,Indus Green,Polished,22,58.6,243.69,10.0,12852.21,Cash,Usman Tariq,Main Yard - Chiniot,In Transit,9.0
ORD101735,2025-10-27,CUST2102,Mianwali,Punjab,Marble,Multi Red,Polished,20,152.0,229.66,0.0,34908.32,Bank Transfer,Tariq Mehmood,Main Yard - Chiniot,Pending,8.0
ORD100968,2025-08-06,CUST1912,Faisalabad,Punjab,Marble,Buff Marble,Leather,30,33.9,202.04,0.0,6849.16,Cash,Bilal Khan,Depot - Lahore,Cancelled,9.0
ORD104107,2024-02-05,CUST2244,Multan,Punjab,Granite,Teri White,Polished,22,127.2,326.39,10.0,37365.13,Bank Transfer,Tariq Mehmood,Depot - Karachi,Delivered,5.0
ORD103381,2025-05-07,CUST3331,Mianwali,Punjab,Tile,Emperador Brown,Polished,16,54.6,94.34,0.0,5150.96,Cash,Tariq Mehmood,Depot - Multan,Delivered,2.0
ORD101085,2025-01-26,CUST2101,Sialkot,Punjab,Tile,Chaghi Golden,Polished,16,31.2,79.37,0.0,2476.34,Bank Transfer,Ahmed Raza,Depot - Multan,Cancelled,8.0
ORD102246,2025-08-16,CUST3382,Multan,Punjab,Marble,Chaghi Golden,Polished,18,74.0,187.34,10.0,12476.84,Cash,Hamza Sheikh,Main Yard - Chiniot,Cancelled,9.0
ORD101025,2024-09-12,CUST2231,Peshawar,KPK,Marble,Chaghi Golden,Polished,20,101.7,228.47,0.0,23235.4,Cash,Saad Iqbal,Depot - Multan,In Transit,2.0
ORD104102,2024-01-29,CUST2257,Gujranwala,Punjab,Tile,Emperador Brown,Polished,22,65.9,90.32,0.0,5952.09,Credit (30 days),Fahad Malik,Depot - Lahore,In Transit,3.0
ORD101541,2024-08-07,CUST1555,Islamabad,Federal,Tile,Multi Red,Polished,20,20.0,92.44,0.0,1848.8,Bank Transfer,Tariq Mehmood,Depot - Karachi,Cancelled,5.0
ORD101171,2024-01-09,CUST1418,Rawalpindi,Punjab,Marble,Buff Marble,Polished,18,200.1,185.33,0.0,37084.53,Cash,Usman Tariq,Depot - Lahore,Delivered,6.0
ORD101705,2025-12-19,CUST3385,Mianwali,Punjab,Marble,Emperador Brown,Polished,22,35.4,172.49,10.0,5495.53,Bank Transfer,Ahmed Raza,Depot - Lahore,Delivered,6.0
ORD104030,2025-10-30,CUST2447,Multan,Punjab,Marble,Botticino Beige,Honed,22,99.1,152.65,0.0,15127.62,Cash,Zain Abbas,Depot - Multan,Delivered,8.0
ORD103274,2024-01-17,CUST2346,Multan,Punjab,Marble,Botticino Beige,Polished,22,76.5,230.25,0.0,17614.12,Credit (30 days),Ahmed Raza,Depot - Multan,In Transit,7.0
ORD102452,2024-03-10,CUST1076,Gujranwala,Punjab,Granite,Indus Green,Polished,18,316.2,279.15,5.0,83853.87,Bank Transfer,Bilal Khan,Depot - Lahore,Pending,8.0
ORD101423,2024-10-15,CUST2525,Peshawar,KPK,Marble,Black Galaxy,Honed,22,72.4,215.13,0.0,15575.41,Bank Transfer,Ahmed Raza,Depot - Karachi,Delivered,7.0
ORD104307,2025-11-24,CUST1946,Faisalabad,Punjab,Onyx,Chaghi Golden,Honed,30,20.0,520.15,0.0,10403.0,Cash,Usman Tariq,Depot - Lahore,Delivered,4.0
ORD101802,2024-04-19,CUST1686,Mianwali,Punjab,Marble,Botticino Beige,Honed,18,106.6,182.5,15.0,16536.32,Cash,Saad Iqbal,Depot - Multan,Pending,5.0
ORD100436,2024-11-27,CUST1916,Peshawar,KPK,Granite,Chaghi Golden,Polished,16,304.6,244.94,10.0,67147.85,Cash,Fahad Malik,Depot - Lahore,Cancelled,11.0
ORD104756,2024-12-12,CUST2666,Multan,Punjab,Marble,Black Galaxy,Polished,16,174.7,178.23,0.0,31136.78,Bank Transfer,Usman Tariq,Depot - Multan,Delivered,12.0
ORD101861,2025-08-28,CUST3031,Faisalabad,Punjab,Onyx,Ziarat White,Polished,16,52.1,431.04,0.0,22457.18,Bank Transfer,Hamza Sheikh,Depot - Multan,Delivered,9.0
ORD101283,2024-01-28,CUST2282,Islamabad,Federal,Marble,Indus Green,Polished,18,103.6,156.46,0.0,16209.26,Bank Transfer,Usman Tariq,Depot - Lahore,Delivered,6.0
ORD102005,2024-05-30,CUST1756,Karachi,Sindh,Granite,Ziarat White,Leather,30,151.8,287.99,5.0,41531.04,Credit (30 days),Zain Abbas,Depot - Karachi,Pending,7.0
ORD100941,2025-04-25,CUST2870,Sialkot,Punjab,Onyx,Sunny Grey,Leather,20,290.0,530.67,0.0,153894.3,Credit (30 days),Zain Abbas,Depot - Karachi,Cancelled,8.0
ORD104961,2024-11-12,CUST2226,Mianwali,Punjab,Marble,Black Galaxy,Polished,22,130.9,189.85,0.0,24851.36,Bank Transfer,Bilal Khan,Depot - Multan,Delivered,6.0
ORD100374,2024-01-31,CUST2724,Gujranwala,Punjab,Marble,Ziarat White,Polished,18,58.8,157.48,0.0,9259.82,Cash,Ahmed Raza,Depot - Multan,Cancelled,8.0
ORD102006,2025-11-01,CUST2226,Mianwali,Punjab,Granite,Teri White,Polished,20,209.9,257.14,0.0,53973.69,Cheque,Tariq Mehmood,Main Yard - Chiniot,Delivered,7.0
ORD100063,2025-07-11,CUST2695,Mianwali,Punjab,Marble,Rangeela Marble,Polished,22,20.0,259.2,0.0,5184.0,Cash,Fahad Malik,Main Yard - Chiniot,Delivered,14.0
ORD104356,2024-04-08,CUST2038,Multan,Punjab,Marble,Rangeela Marble,Flamed,18,148.7,224.12,0.0,33326.64,Cash,Usman Tariq,Depot - Multan,Cancelled,4.0
ORD103495,2025-03-20,CUST3372,Karachi,Sindh,Marble,Chiniot Black,Flamed,18,145.1,131.52,0.0,19083.55,Credit (30 days),Bilal Khan,Depot - Karachi,Cancelled,9.0
ORD104989,2025-08-30,CUST1606,Islamabad,Federal,Tile,Emperador Brown,Polished,20,54.2,84.37,0.0,4572.85,Credit (30 days),Tariq Mehmood,Main Yard - Chiniot,Pending,7.0
ORD100320,2025-07-03,CUST1209,Mianwali,Punjab,Marble,Multi Red,Honed,22,143.5,178.63,0.0,25633.4,Credit (30 days),Usman Tariq,Depot - Multan,Delivered,7.0
ORD104840,2025-02-12,CUST2226,Islamabad,Federal,Marble,Chaghi Golden,Honed,22,20.0,185.32,10.0,3335.76,Cash,Fahad Malik,Main Yard - Chiniot,Delivered,6.0
ORD104847,2024-02-28,CUST3463,Chiniot,Punjab,Marble,Rangeela Marble,Polished,30,27.6,175.71,0.0,4849.6,Cash,Fahad Malik,Main Yard - Chiniot,In Transit,10.0
ORD104481,2025-11-28,CUST1564,Faisalabad,Punjab,Tile,Buff Marble,Leather,22,93.2,104.85,0.0,9772.02,Credit (30 days),Hamza Sheikh,Depot - Multan,Delivered,10.0
ORD100700,2024-03-27,CUST3180,Karachi,Sindh,Granite,Multi Red,Flamed,30,153.1,296.41,0.0,45380.37,Bank Transfer,Zain Abbas,Main Yard - Chiniot,Delivered,4.0
ORD100421,2025-07-02,CUST1634,Chiniot,Punjab,Marble,Rangeela Marble,Polished,16,117.8,203.56,10.0,21581.43,Cash,Tariq Mehmood,Depot - Multan,Delivered,5.0
ORD103716,2025-03-01,CUST3133,Gujranwala,Punjab,Granite,Rangeela Marble,Polished,22,124.2,266.65,0.0,33117.93,Cash,Usman Tariq,Depot - Lahore,Cancelled,6.0
ORD102718,2025-10-26,CUST1141,Rawalpindi,Punjab,Marble,Teri White,Leather,22,251.0,168.77,0.0,42361.27,Bank Transfer,Bilal Khan,Depot - Karachi,Delivered,7.0
ORD103186,2025-05-30,CUST3123,Faisalabad,Punjab,Marble,Sunny Grey,Polished,30,158.7,254.37,0.0,40368.52,Cash,Zain Abbas,Depot - Multan,In Transit,6.0
ORD102866,2024-06-24,CUST3153,Lahore,Punjab,Marble,Chaghi Golden,Polished,20,171.7,196.52,0.0,33742.48,Cash,Saad Iqbal,Depot - Multan,Cancelled,9.0
ORD103051,2025-08-29,CUST2101,Quetta,Balochistan,Marble,Chaghi Golden,Polished,20,20.0,230.05,5.0,4370.95,Bank Transfer,Hamza Sheikh,Main Yard - Chiniot,Delivered,7.0
ORD101779,2024-05-24,CUST2480,Chiniot,Punjab,Marble,Ziarat White,Polished,22,126.9,190.0,0.0,24111.0,Bank Transfer,Tariq Mehmood,Depot - Karachi,In Transit,4.0
ORD103881,2025-04-30,CUST1762,Gujranwala,Punjab,Tile,Multi Red,Polished,18,164.1,82.73,0.0,13575.99,Bank Transfer,Usman Tariq,Depot - Lahore,Pending,12.0
ORD101781,2025-06-22,CUST3121,Gujranwala,Punjab,Tile,Multi Red,Polished,18,96.0,78.36,0.0,7522.56,Cheque,Bilal Khan,Main Yard - Chiniot,Delivered,9.0
ORD101475,2025-06-23,CUST2879,Mianwali,Punjab,Marble,Indus Green,Bush Hammered,16,165.8,178.89,0.0,29659.96,Credit (30 days),Zain Abbas,Main Yard - Chiniot,Delivered,5.0
ORD100238,2024-09-29,CUST1060,Rawalpindi,Punjab,Marble,Rangeela Marble,Polished,20,54.8,180.54,10.0,8904.23,Credit (30 days),Hamza Sheikh,Main Yard - Chiniot,Cancelled,5.0
ORD102792,2024-12-08,CUST2187,Lahore,Punjab,Tile,Ziarat White,Honed,20,34.1,83.75,0.0,2855.88,Bank Transfer,Fahad Malik,Depot - Karachi,Pending,13.0
ORD103471,2024-09-30,CUST1196,Quetta,Balochistan,Onyx,Teri White,Polished,18,486.6,555.26,0.0,270189.52,Bank Transfer,Ahmed Raza,Main Yard - Chiniot,Pending,7.0
ORD100021,2025-12-18,CUST2191,Multan,Punjab,Granite,Botticino Beige,Honed,30,25.9,247.26,5.0,6083.83,Cheque,Zain Abbas,Depot - Multan,Cancelled,13.0
ORD102979,2024-10-27,CUST2517,Islamabad,Federal,Marble,Rangeela Marble,Polished,20,119.2,141.26,0.0,16838.19,Cash,Usman Tariq,Main Yard - Chiniot,Pending,8.0
ORD104893,2025-10-07,CUST2983,Lahore,Punjab,Tile,Black Galaxy,Polished,18,223.0,101.52,0.0,22638.96,Credit (30 days),Zain Abbas,Depot - Lahore,Pending,5.0
ORD101660,2025-10-02,CUST3145,Sialkot,Punjab,Marble,Botticino Beige,Leather,20,126.3,174.17,0.0,21997.67,Credit (30 days),Tariq Mehmood,Depot - Lahore,Delivered,5.0
ORD104719,2025-11-22,CUST2758,Chiniot,Punjab,Granite,Ziarat White,Leather,16,33.3,225.8,0.0,7519.14,Credit (30 days),Ahmed Raza,Main Yard - Chiniot,In Transit,7.0
ORD104908,2025-11-26,CUST2675,Islamabad,Federal,Marble,Rangeela Marble,Honed,30,461.1,212.8,0.0,98122.08,Credit (30 days),Bilal Khan,Main Yard - Chiniot,Pending,6.0
ORD104408,2025-11-20,CUST3128,Quetta,Balochistan,Marble,Ziarat White,Polished,16,267.1,189.12,0.0,50513.95,Cash,Hamza Sheikh,Depot - Karachi,Delivered,8.0
ORD102477,2024-05-05,CUST3334,Multan,Punjab,Granite,Teri White,Leather,22,24.9,241.29,10.0,5407.31,Bank Transfer,Hamza Sheikh,Depot - Karachi,In Transit,9.0
ORD100788,2025-10-18,CUST3465,Chiniot,Punjab,Marble,Black Galaxy,Polished,18,239.2,170.6,0.0,40807.52,Credit (30 days),Tariq Mehmood,Depot - Multan,Delivered,6.0
ORD101600,2024-11-13,CUST3191,Chiniot,Punjab,Granite,Multi Red,Leather,22,112.6,329.51,0.0,37102.83,Bank Transfer,Usman Tariq,Depot - Karachi,Pending,5.0
ORD100969,2024-02-23,CUST2198,Rawalpindi,Punjab,Marble,Botticino Beige,Honed,16,48.0,169.71,0.0,8146.08,Bank Transfer,Bilal Khan,Main Yard - Chiniot,Cancelled,7.0
ORD101675,2024-04-27,CUST2264,Karachi,Sindh,Marble,Multi Red,Honed,22,151.0,144.92,0.0,21882.92,Bank Transfer,Ahmed Raza,Main Yard - Chiniot,Delivered,5.0
ORD101696,2024-01-08,CUST2266,Gujranwala,Punjab,Marble,Indus Green,Polished,20,103.3,179.79,0.0,18572.31,Cash,Fahad Malik,Depot - Karachi,Delivered,5.0
ORD101626,2025-06-24,CUST3071,Multan,Punjab,Marble,Buff Marble,Polished,20,64.8,198.45,15.0,10930.63,Cash,Hamza Sheikh,Depot - Karachi,Delivered,5.0
ORD103112,2025-10-19,CUST2385,Peshawar,KPK,Marble,Chiniot Black,Polished,18,43.6,154.54,15.0,5727.25,Credit (30 days),Zain Abbas,Depot - Karachi,Pending,8.0
ORD103878,2025-08-13,CUST1817,Multan,Punjab,Tile,Buff Marble,Honed,20,106.3,77.22,0.0,8208.49,Cheque,Usman Tariq,Main Yard - Chiniot,Delivered,6.0
ORD100686,2024-08-04,CUST2280,Lahore,Punjab,Marble,Sunny Grey,Polished,18,77.7,170.33,0.0,13234.64,Cheque,Hamza Sheikh,Depot - Karachi,Delivered,8.0
ORD104685,2024-10-04,CUST1890,Quetta,Balochistan,Tile,Buff Marble,Honed,22,124.1,87.56,0.0,10866.2,Cash,Tariq Mehmood,Depot - Karachi,Delivered,11.0
ORD103538,2025-04-14,CUST3071,Rawalpindi,Punjab,Tile,Teri White,Polished,16,233.6,97.36,0.0,22743.3,Cash,Tariq Mehmood,Depot - Karachi,Delivered,6.0
ORD103036,2024-01-05,CUST2208,Rawalpindi,Punjab,Marble,Multi Red,Bush Hammered,16,20.0,265.38,0.0,5307.6,Bank Transfer,Tariq Mehmood,Depot - Multan,Cancelled,7.0
ORD104512,2024-04-27,CUST3270,Peshawar,KPK,Tile,Indus Green,Honed,18,240.7,80.75,0.0,19436.52,Credit (30 days),Zain Abbas,Depot - Karachi,Cancelled,5.0
ORD102379,2025-10-29,CUST2967,Gujranwala,Punjab,Marble,Black Galaxy,Honed,20,96.4,185.05,0.0,17838.82,Cheque,Hamza Sheikh,Depot - Karachi,Delivered,6.0
ORD102707,2025-01-22,CUST1800,Peshawar,KPK,Marble,Ziarat White,Polished,22,66.9,166.88,10.0,10047.84,Credit (30 days),Hamza Sheikh,Depot - Karachi,Pending,8.0
ORD104245,2024-05-18,CUST2830,Sialkot,Punjab,Granite,Ziarat White,Polished,22,184.8,259.6,0.0,47974.08,Cash,Bilal Khan,Depot - Karachi,Cancelled,6.0
ORD102496,2024-12-23,CUST2801,Peshawar,KPK,Onyx,Chaghi Golden,Polished,30,25.4,457.51,0.0,11620.75,Cash,Zain Abbas,Depot - Multan,Delivered,5.0
ORD102318,2024-09-07,CUST3419,Sialkot,Punjab,Marble,Chaghi Golden,Polished,18,100.6,186.73,0.0,18785.04,Cash,Hamza Sheikh,Depot - Lahore,Pending,9.0
ORD104358,2024-07-07,CUST1405,Rawalpindi,Punjab,Granite,Emperador Brown,Honed,30,135.4,286.54,15.0,32977.89,Bank Transfer,Tariq Mehmood,Depot - Lahore,Delivered,11.0
ORD101313,2025-12-09,CUST1618,Faisalabad,Punjab,Tile,Ziarat White,Flamed,16,136.3,103.77,5.0,13436.66,Bank Transfer,Hamza Sheikh,Depot - Multan,Delivered,9.0
ORD101081,2024-01-15,CUST1803,Peshawar,KPK,Granite,Buff Marble,Honed,30,45.3,277.94,0.0,12590.68,Credit (30 days),Saad Iqbal,Depot - Lahore,In Transit,7.0
ORD100144,2025-02-23,CUST1253,Gujranwala,Punjab,Granite,Emperador Brown,Flamed,18,35.3,226.7,0.0,8002.51,Bank Transfer,Zain Abbas,Depot - Lahore,In Transit,7.0
ORD104788,2025-02-16,CUST2712,Quetta,Balochistan,Marble,Multi Red,Polished,18,104.8,213.82,0.0,22408.34,Cheque,Ahmed Raza,Depot - Multan,Delivered,7.0
ORD103570,2024-04-24,CUST1563,Quetta,Balochistan,Marble,Ziarat White,Honed,18,345.5,183.17,0.0,63285.23,Cheque,Usman Tariq,Depot - Karachi,Cancelled,5.0
ORD100563,2025-03-13,CUST2593,Gujranwala,Punjab,Tile,Rangeela Marble,Polished,22,43.2,106.16,0.0,4586.11,Cash,Saad Iqbal,Depot - Karachi,In Transit,6.0
ORD101006,2024-12-30,CUST1717,Islamabad,Federal,Marble,Indus Green,Polished,20,40.7,178.77,0.0,7275.94,Cash,Bilal Khan,Depot - Lahore,In Transit,11.0
ORD102011,2024-09-14,CUST1863,Faisalabad,Punjab,Marble,Chaghi Golden,Polished,20,160.3,169.96,0.0,27244.59,Cheque,Saad Iqbal,Depot - Karachi,Delivered,6.0
ORD103777,2024-02-09,CUST1837,Lahore,Punjab,Granite,Ziarat White,Polished,22,94.7,264.58,0.0,25055.73,Cash,Usman Tariq,Depot - Lahore,Delivered,8.0
ORD102811,2024-07-04,CUST1618,Rawalpindi,Punjab,Marble,Rangeela Marble,Honed,20,77.6,209.7,5.0,15459.08,Cheque,Tariq Mehmood,Depot - Karachi,Delivered,11.0
ORD102684,2024-06-25,CUST3290,Gujranwala,Punjab,Marble,Multi Red,Honed,18,20.0,172.69,0.0,3453.8,Cheque,Usman Tariq,Depot - Multan,Pending,12.0
ORD102506,2024-04-25,CUST3476,Lahore,Punjab,Marble,Chiniot Black,Honed,16,213.3,141.87,0.0,30260.87,Credit (30 days),Usman Tariq,Depot - Lahore,In Transit,4.0
ORD103078,2024-02-17,CUST1644,Quetta,Balochistan,Granite,Rangeela Marble,Polished,20,149.4,190.37,15.0,24175.09,Cheque,Tariq Mehmood,Main Yard - Chiniot,Cancelled,8.0
ORD104891,2025-10-04,CUST2297,Lahore,Punjab,Marble,Black Galaxy,Polished,20,298.6,222.02,0.0,66295.17,Credit (30 days),Usman Tariq,Depot - Lahore,Delivered,7.0
ORD100934,2025-08-15,CUST1625,Islamabad,Federal,Tile,Emperador Brown,Honed,30,204.9,95.18,0.0,19502.38,Bank Transfer,Bilal Khan,Depot - Karachi,Pending,7.0
ORD102249,2025-12-10,CUST1809,Karachi,Sindh,Onyx,Multi Red,Polished,30,101.4,447.39,0.0,45365.35,Credit (30 days),Zain Abbas,Depot - Lahore,In Transit,4.0
ORD100188,2025-03-14,CUST1589,Lahore,Punjab,Marble,Emperador Brown,Honed,16,263.5,127.04,5.0,31801.29,Bank Transfer,Fahad Malik,Depot - Karachi,In Transit,5.0
ORD101653,2025-09-18,CUST3435,Sialkot,Punjab,Marble,Black Galaxy,Flamed,18,30.3,173.54,0.0,5258.26,Bank Transfer,Fahad Malik,Depot - Multan,Pending,1.0
ORD103298,2024-06-26,CUST2023,Chiniot,Punjab,Tile,Emperador Brown,Honed,16,41.2,104.01,0.0,4285.21,Bank Transfer,Ahmed Raza,Main Yard - Chiniot,Cancelled,6.0
ORD102854,2025-07-27,CUST1785,Gujranwala,Punjab,Marble,Botticino Beige,Polished,20,20.0,194.53,15.0,3307.01,Bank Transfer,Bilal Khan,Depot - Multan,Delivered,11.0
ORD101172,2024-07-21,CUST2582,Karachi,Sindh,Marble,Rangeela Marble,Flamed,30,31.8,200.99,5.0,6071.91,Cheque,Tariq Mehmood,Main Yard - Chiniot,Delivered,5.0
ORD100435,2025-07-08,CUST1979,Mianwali,Punjab,Marble,Ziarat White,Polished,20,43.1,184.99,0.0,7973.07,Cheque,Usman Tariq,Depot - Lahore,Pending,3.0
ORD102290,2025-04-02,CUST1988,Multan,Punjab,Tile,Emperador Brown,Polished,22,268.7,92.57,0.0,24873.56,Bank Transfer,Ahmed Raza,Depot - Karachi,Delivered,5.0
ORD102575,2025-06-03,CUST1307,Sialkot,Punjab,Marble,Emperador Brown,Honed,18,82.2,197.68,0.0,16249.3,Cash,Ahmed Raza,Depot - Multan,Cancelled,2.0
ORD101940,2024-12-07,CUST2557,Faisalabad,Punjab,Granite,Multi Red,Polished,30,107.3,330.79,0.0,35493.77,Bank Transfer,Ahmed Raza,Main Yard - Chiniot,In Transit,3.0
ORD100564,2025-02-26,CUST2266,Peshawar,KPK,Granite,Chiniot Black,Polished,20,20.0,295.81,0.0,5916.2,Cash,Zain Abbas,Main Yard - Chiniot,Delivered,6.0
ORD100338,2024-03-02,CUST3235,Rawalpindi,Punjab,Tile,Botticino Beige,Polished,18,20.0,91.33,0.0,1826.6,Credit (30 days),Usman Tariq,Depot - Multan,In Transit,7.0
ORD104054,2024-08-05,CUST3191,Gujranwala,Punjab,Granite,Chiniot Black,Honed,18,20.0,269.75,0.0,5395.0,Cash,Bilal Khan,Depot - Karachi,Pending,8.0
ORD100942,2024-06-14,CUST1643,Faisalabad,Punjab,Marble,Rangeela Marble,Honed,22,79.6,229.85,0.0,18296.06,Cheque,Saad Iqbal,Main Yard - Chiniot,Cancelled,4.0
ORD104098,2025-04-22,CUST3246,Chiniot,Punjab,Marble,Rangeela Marble,Polished,22,293.3,157.7,0.0,46253.41,Cash,Bilal Khan,Depot - Multan,In Transit,5.0
ORD101585,2025-02-14,CUST3205,Faisalabad,Punjab,Marble,Multi Red,Honed,20,144.8,191.4,0.0,27714.72,Credit (30 days),Zain Abbas,Depot - Karachi,Cancelled,8.0
ORD103435,2025-10-14,CUST2169,Multan,Punjab,Marble,Teri White,Polished,18,20.0,212.33,0.0,4246.6,Cheque,Ahmed Raza,Depot - Lahore,Delivered,5.0
ORD101403,2025-10-11,CUST2008,Chiniot,Punjab,Granite,Chiniot Black,Honed,20,59.2,272.02,0.0,16103.58,Cash,Zain Abbas,Depot - Multan,Delivered,5.0
ORD101793,2025-06-25,CUST2656,Rawalpindi,Punjab,Granite,Ziarat White,Polished,18,138.1,207.17,0.0,28610.18,Cash,Zain Abbas,Depot - Karachi,Cancelled,10.0
ORD102879,2025-01-16,CUST1112,Peshawar,KPK,Granite,Botticino Beige,Flamed,22,47.7,298.22,0.0,14225.09,Credit (30 days),Bilal Khan,Depot - Multan,Cancelled,9.0
ORD103180,2025-04-26,CUST2050,Islamabad,Federal,Marble,Rangeela Marble,Polished,20,202.1,130.79,0.0,26432.66,Cash,Tariq Mehmood,Depot - Multan,In Transit,11.0
ORD104424,2024-07-24,CUST1920,Lahore,Punjab,Marble,Chiniot Black,Polished,18,78.1,206.8,0.0,16151.08,Cash,Zain Abbas,Main Yard - Chiniot,Delivered,7.0
ORD101996,2024-05-16,CUST2568,Sialkot,Punjab,Marble,Botticino Beige,Honed,20,60.6,170.39,0.0,10325.63,Credit (30 days),Ahmed Raza,Depot - Multan,Cancelled,7.0
ORD102183,2025-09-22,CUST2648,Peshawar,KPK,Marble,Chiniot Black,Bush Hammered,18,39.9,176.28,0.0,7033.57,Bank Transfer,Usman Tariq,Depot - Lahore,Delivered,8.0
ORD104322,2025-01-11,CUST2799,Faisalabad,Punjab,Granite,Chiniot Black,Flamed,20,177.7,267.14,15.0,40350.16,Credit (30 days),Hamza Sheikh,Depot - Multan,Delivered,7.0
ORD102700,2024-03-23,CUST1417,Quetta,Balochistan,Onyx,Teri White,Honed,22,119.8,551.04,0.0,66014.59,Cash,Ahmed Raza,Depot - Karachi,Pending,8.0
ORD100330,2024-07-04,CUST2478,Peshawar,KPK,Granite,Emperador Brown,Polished,18,110.9,227.07,0.0,25182.06,Cash,Saad Iqbal,Depot - Multan,Cancelled,8.0
ORD100557,2025-09-16,CUST1085,Lahore,Punjab,Marble,Emperador Brown,Honed,18,186.9,210.84,0.0,39406.0,Cash,Zain Abbas,Depot - Lahore,Cancelled,9.0
